sentiment,message,tweetid
2,Climate change: Aboriginal leaders tell Trudeau they want seat at the table - 680 News #trudeau https://t.co/FeiF2KJyed,705400101271937024
2,Climate Change Could Kill Half a Million Annually by 2050 https://t.co/AgV8jIgh6x,705404988122501120
1,3 Ways Climate Change Impacts Our Pets - https://t.co/Qgp9z66U2F,705418718860292096
0,"@marklevinshow Romney is the big conservative. He believes in Global Warming, open borders, amnesty, etc.",705431345967841288
1,Read @IDDPNQL$q$s perspective on decolonising the transition to a sustainable Canada https://t.co/Kc0SbATMA9 #cdnpoli https://t.co/udtoerlhug,705437351472926720
0,"Rick$q$s Rant - Proportional Representation https://t.co/GeCbcfcxmN via @YouTube

$q$its like Darth Vader meeting Ewoks to fight climate change”",705452093469904898
-1,Are Environmentalism and Global Warming Effectively Religious Socialism? https://t.co/9pt67FT5uC,705464251155156992
1,Dipshit https://t.co/q9gqL1lgqO,705471780010512387
1,#FeelTheBern at the polls so the earth doesn$q$t have to feel the burn in its climate! Join the #PoliticalRevolution  https://t.co/6hwW2ohVAx,705478881629884418
2,Scotland’s native insects at severe risk from climate change -... https://t.co/QFeYLBzWw2,705490952945676288
2,RT @DrSeemaM: More than half a million could die as climate change impacts diet – report https://t.co/7A9eWyoYvX,705494455994941441
2,RT @business: Climate change $q$could kill half a million people by 2050$q$ https://t.co/DY8HjHNgf4 https://t.co/W8wB0asYAM,705506840889712640
2,Global and regional health effects of future food production under climate change: a modelling study - The Lancet https://t.co/FcMNN6vqMQ,705517304486858753
0,RT @alexanderchee: After climate change comes climate departure. https://t.co/9SqarwtVH1,705531439501209601
1,#ProudCanadian https://t.co/PeRqUD1gij,705541316554448897
1,"RT @BernieSanders: Politicians who deny climate change is real, despite an overwhelming scientific consensus, are morally bankrupt. #Bernie…",705550272190255104
1,RT @DarthVenn: While you argue who should be Nina Simone this is what$q$s goin on in the world. Polar bears dying from climate change https:/…,705555337424797696
1,RT @thinkprogress: Climate deniers’ favorite temperature dataset just confirmed global warming https://t.co/oBtD1Z53pj https://t.co/sIyMcL6…,705594500404678656
1,YOU NEED THE EPA CLIMATE CHANGE IS FUCKING REAL STOP FUCKING DENYING IT. GOD FUCKING DAMMIT.,705596193804386304
0,found on #fastcompany: This Weather Station On A Bike Records Climate Change At The Local Level https://t.co/0r2JEJjsRX,705602546056962049
1,@StadiumWoods  https://t.co/LfEU8yuQbP,705616633763598336
-1,RT @mopar_oz: Funny how every time Leftists come to power the planet gets warmer!Great excuse for a wealth distributing Carbon TAX https://…,705639506209173504
1,#Cowspiracy was eyeopening. My first -small- step in being more sustainable will be to eat way less meat.  https://t.co/1e5Y8KwL6T,705750532632268800
1,"RT @CanadianPM: I look forward to our #FMM in the fall, where we’ll finalize the pan-Canadian framework on clean growth and climate change.…",705750628832714752
1,"Let Look at Global Warming Potential next College of Energy ,Environment &amp; Sustainability; Petrol,Diesel Morning i discussed a lot ,just",705814604513816577
1,Trump thinks global warming is a hoax perpetrated by the CHINESE! Wtf?!,705826362762895360
1,RT @MazMHussain: Future generations will record while  climate change slowly unraveled civilization society was hanging onto every word of …,705855263924838401
1,My view on: We Can$q$t Rely On Market Forces Alone To Fix Climate Change https://t.co/n5LdPkqqZO,705856583494975488
1,@jeremycorbyn @labourlewis Amazing how many idiots have not one clue about climate change. It$q$s very sad and dangerous.,705875346822922240
1,Will biggest danger from global warming be the change in diets? https://t.co/MlO1SajWR5 https://t.co/VOPgFjV5Ql,705915395455102977
1,RT @350: February just set an absolutely shocking new record for global warming: https://t.co/iM0HZ4ZXCD https://t.co/bcmRjHwWLS,705948377981145088
1,"RT @TheNewDeal: #Bernie2016:
$15 Min. Wage
Medicare For All
Stop Climate Change
Free College
Legalize Marijuana

#KSCaucus
#NECaucus https:…",705965931240026112
2,RT @PopSci: New map highlights areas most vulnerable to climate change https://t.co/hzNUQyqWEw https://t.co/8uXlponpVD,706045932555608064
2,Osama bin Laden lends unwelcome support in fight against climate change https://t.co/TxrCmPaFfi,706073739956334592
1,"RT @ajplus: It$q$s so warm that snow has to be shipped in for the Iditarod, Alaska$q$s annual dog sled race.

Thanks climate change.
https://t.…",706124287476826112
1,RT @dailyleopics: fight him @LeoDiCaprio  https://t.co/YRSxyUqg8D,706138522701467648
0,RT @dimkrushnic: get you a man who can stop global warming https://t.co/j1F16JYgJa,706169557459845120
2,RT @nytimes: A record gas leak in California is threatening Jerry Brown’s image as a climate change hero https://t.co/JfdT4adyVP https://t.…,706181918103048192
2,Research uncovers ‘myths’ behind tech solutions to aviation’s climate change crisis https://t.co/B15kGrCQs7 via @EcoInternet,706201645177135104
1,The Fight To Hear Debate Questions On #Climate Change In A State Struggling With Sea Level Rise https://t.co/8WI9teauWG via @climateprogress,706237148685541376
2,RT @Oceanwire: $q$Fish flick genetic switch to dodge #climate change disaster$q$ https://t.co/XHO7bPG2EU  RT @orbitalclimate @jcu https://t.co/…,706298353936633858
1,#MakeAMovieFeelTheBern #SuperSaturday  https://t.co/oEFjtRMVFf,706314746761449474
1,"RT @SEIclimate: NEW: #Water, #climate change and peace: Lessons from 3 years in #Colombia https://t.co/kkZVBOHRab @MEscobar_Agua https://t.…",706373023910141956
1,RT @BillGates: Millions of the world’s poorest are farmers. They will be hit hardest by climate change: https://t.co/AuEoIj5R4I https://t.c…,706463033648873473
1,RT @350: Why we need action now: world$q$s poorest cities can$q$t cope with climate change https://t.co/KZpEVPRjdF https://t.co/i9OTn67YuJ,706494797847109632
0,#WhenICameBackFromSpace I was found responsible for global warming due to all the methane I released in space,706535401431834624
1,"RT @NextGenClimate: Join the conversation on climate change. Take the pledge &amp; let$q$s talk #50by30.
https://t.co/Kt8L4iK5pI",706559645188362240
0,Stephen Colbert’s Opinion On Climate Change https://t.co/G9s1UPwiqQ,706586478705557504
1,"RT @ColMorrisDavis: GOP: NO closing #Guantanamo, NO Scalia replacement, NO O$q$Care, NO climate change, NO immigrants, NO LGBTs, NO gun regs …",706644226361180160
1,The mercury doesn’t lie: very troubling climate change milestone https://t.co/ytyyBqihS2 @BostonGlobe https://t.co/sbtHTVqiy2,706644377163079681
1,RT @TeenForBernie: THEY$q$RE FINALLY TALKING ABOUT CLIMATE CHANGE! #DemDebate #DebateWithBernie,706670188326948864
1,"RT @GRForSanders: .@BernieSanders does not support fracking and his plan to combat climate change is the strongest.

Here: https://t.co/0uG…",706671803955961856
-1,RT @Live_Beautiful: I hope Bernie Sanders doesn$q$t blame climate change on tax breaks.,706671916078084096
0,"RT @BuckSexton: Fracking, gunmaker liability, climate change, public sector unions- in what country are these the top concerns of normal, s…",706673478208868352
-1,Well no surprise they have deleted all other records that conflict with their #computermodels https://t.co/JJFR1VIbKP,706748078980734976
-1,@Campaign_Trump corrupt Politicians have their fingers in the trough with the UN. Climate Change paying murdering Dictators everywhere!👎,706784416752758785
1,RT @DRTucker: @PeterWSinclair @KHayhoe The Unexpected We Expect: Planning in the Age of Climate Change  https://t.co/Eq9DfFimWZ,706839558621503489
-1,"@mmfa They report on climate change all the time, its called the daily weather news",706842711223996417
2,"Gary Braasch, photographer and climate change activist, dead at 70 https://t.co/oSZIS59ppw",706857956244111361
1,"RT @insideclimate: In the Arctic, Even Climate Change$q$s Tiniest Victims Have Big Impacts https://t.co/kO6EnuW1xh",706868664151252993
1,"RT @ClimateReality: Talk about a current event! El Niño is killing coral reefs &amp; climate change will only make it worse. (@NowThisNews)
htt…",706885463240368128
1,RT @MichaelBruegge: Worrying trend in the British press: columnists instead of environmental correspondents write about climate change http…,706888968613335041
-1,"For #Dems Science doesn$q$t apply to Biology, but it is gravely relevant to mimic those who balk at global warming. https://t.co/gCAonqvv6c",706909468672401408
2,RT @VOANews: African Crops Threatened by Climate Change https://t.co/170PEWzIaA https://t.co/pAxrfAqL4Q,706912956819382272
0,"RT @TheBigBang_: Yes, that$q$s right. Next time someone says global warming is not real, just tell them of that time it delayed your comics. …",706930025619189760
1,"RT @SubRosaMagick: “Global warming is now in overdrive” We just hit a terrible climate milestone
https://t.co/62ubx1qQa9 via @grist #enviro…",706934724653162496
2,"No shortage of storage space for captured CO2, study finds | Climate Home - climate change news https://t.co/MLfmRtSJEL via @ClimateHome",706969114569367552
0,@jimwaterson interesting that it chooses to omit his potentially divisive charity work on climate change,706970907315720194
2,"Alberta set to roll out climate change legislation, details on $3B carbon tax  https://t.co/vttEJu4ZRm via @DeanBennettCP",706987733739302912
2,"RT @ajplus: The Iditarod dogsled race is under way after the city of Anchorage had to import snow due to climate change.

https://t.co/ezAU…",707044648552898560
1,“Global warming is now in overdrive”: We just hit a terrible climate milestone https://t.co/AipddhSGo7,707057817484570624
1,RT @BernieSanders: We can$q$t just take incremental steps to combat climate change. We$q$ve got to be bold because the future of our planet dep…,707215711366549505
2,RT @guardianeco: Barack Obama and Justin Trudeau to join forces on climate change https://t.co/IRHp1ixr7a,707220226400714752
1,"RT @igorvolsky: 59% of GOPers in the House, 70% in the Senate deny consensus that climate change is happening &amp; humans r main cause https:/…",707240086744768514
1,RT @deeRobbs: 21 mayors from Florida join the growing chorus demanding that networks address climate change in pres. debates https://t.co/A…,707287187281154048
1,"@DanProft Guaranteed housing &amp; employment, universal healthcare &amp; income, free public ed, access to transportation, fighting climate change.",707345473762275329
0,"RT @chaplinlives: #IfTrumpWins we won$q$t have to worry about Climate Change anymore, because we will all die in a nuclear war before it kick…",707461737608568832
2,"Canadian Prime Minister Justin Trudeau Heads To Washington To Discuss Trade, Climate Change With Obama https://t.co/NTnYL5pmMz",707466163928899585
1,"Hayward: Building a consensus on climate change? Not so easy, after all. https://t.co/KSwJJ96mBT #communityscene",707569598472658945
0,"RT @AndrewCFollett: Scientists: Global Warming Will Bring Rain To The Deserts https://t.co/7L7BKXY6jN 

My latest via @dailycaller

#tcot #…",707588864534319104
2,RT @NSERC_CRSNG: Climate change could send venomous snakes slithering north https://t.co/auOdPusO2B @uOttawa https://t.co/RzhsQjn6Z2,707647859068432384
1,The US and Canada: let&amp;#039;s talk climate change - Energy Global #climate https://t.co/eNRo4I4AJd,707654998054838272
2,"RT @mashable: Global warming fueled record temperatures since 1930s, scientists find https://t.co/SdVrW3M7Nr via @ClimateCentral https://t.…",707721424115408897
2,"Global Warming Will Drive $q$Extreme Rain$q$ And Flooding, Study Finds: Whether you live in Seattle… https://t.co/T4vbq3fW7l | @HuffingtonPost",707754258385383424
1,"#DemDebate @CNNPolitics @CNN 
Any chance of talking about climate change?",707754501562867712
0,This is a thing?? https://t.co/Yion44GB8e,707755868121645056
0,....  https://t.co/0skaN4wAo3,707770279431372800
0,"RT @GRForSanders: Read @HillaryClinton$q$s climate change plan here: 

|￣￣￣￣￣|
|                    |
|                    |
| ＿＿＿＿_|
(\__/) …",707773971517669376
1,"RT @TomSteyer: Join @EvaLongoria, @JoaquinCastrotx and me tomorrow in Miami for our panel, $q$Climate Change &amp; Economic Opportunity.$q$ https:/…",707793588785127424
1,Answer the call from FL mayors: ask about climate change at the #GOPDebate @jaketapper @CNN https://t.co/i8GBoXhVKc,707806287212498944
2,Obama administration pays out $500m to climate change project https://t.co/glU4M8Qsgx by gogreenr12,707820749315301378
1,Greenland: Impacted by climate change: https://t.co/1OM0GIkd1M via @YouTube,707887494273110016
0,RT @cremechic11: It$q$s you people and your evil farts that are causing climate change 😭😭😭😭😭.,707907680359342080
2,Obama and Justin Trudeau of Canada Unveil Efforts to Fight Climate Change: The two leaders announced commitmen... https://t.co/hr965GHhxN,707953635431297024
1,"RT @bradleyj24: Refreshing to watch leaders like @POTUS and PM @JustinTrudeau engage on trade, climate change, and effective diplomacy #Can…",707973411109277696
0,@Bites_his_Nails  global warming has become eu swarming 😆😆😆,707987816609923073
1,RT @EvaLongoria: $q$@sweetparadise93: So glad I got to hear @EvaLongoria speak about climate change and Latino issues at #FIU ... https://t.c…,708038952704462850
1,RT @YouthLinkScot: Climate Change Champion sponsored by @KSBScotland goes to... David Hodson! Well done! #ylsawards16 https://t.co/61zUqSs0…,708058371090464768
1,RT @Polkameister: We have zero new policies on climate change and suddenly we are world leaders on climate change. Who buys this BS? @Rosie…,708063242149429248
0,CNN asks about climate change?? Whoa! A tough question! #shocker #gopdebate,708130348433977345
1,@marcorubio you are not in favor of clean environment. There is no denying that global warming is a fact.,708130802601689089
0,Pledge on climate change? Consensus? Not from Rubio:“Climate always changing... no law to change the weather.$q$ Says America is not a planet.,708130843282186241
1,"@BobbyPillote kasich just admitted climate change is manmade, I think",708131013021532160
1,Actually only one political party in the world does not accept the scientific consensus on climate change. Who could that be? #GOPDebate,708131560004784128
-1,"RT @larryelder: Rubio nailed it on $q$climate change.$q$ Climate$q$s $q$always changing.$q$ America $q$is not a planet.$q$ China/India still pollute. 
#G…",708132456147374081
1,RT @AnaKasparian: Marco Rubio is part of the disgusting virus in our political system that continues to deny climate change. #GOPDebate So …,708133205149425664
1,"RT @keithboykin: As a former Miami resident, it$q$s shameful to hear Marco Rubio ignoring the science that climate change is destroying the c…",708133246278569984
1,RT @TheDemocrats: The GOP on climate change. #CNNDebate #GOPDebate https://t.co/gFbL7ZHPBN,708133320463286272
1,Ahhhhhhhh! The truth! https://t.co/yH4bYxLFzQ,708134317021646853
1,"Climate change will flood Florida, but Marco Rubio thinks it isn$q$t real: 
Sen. Marco Rubio denied climate chan... https://t.co/wvGIUKIoUG",708141658378870785
1,"#Mashable Climate change will flood Florida, but Marco Rubio thinks it isn$q$t real: 
Sen. Marco Rubio denied cl... https://t.co/h9F0U3CgYV",708142022801010689
0,"RT @chrisdelia: Mediator: $q$Trump, what would you do about climate change?$q$

Trump: $q$I$q$d make the best deal ever with Mother Nature.$q$

#CNND…",708142929307672576
1,RT @AustinMurphy27: Worst response to climate change ever  #GOPDebate @marcorubio,708148461133303808
1,"😞 @LeoDiCaprio, help. https://t.co/AAaMafSIG0",708149224211255296
-1,RT @KLSouth: #Kasich is a global warming idiot. Does he know this is a Republican debate? Global warming is a complete hoax. #GOPDebate,708154452650295296
1,RT @HillaryClinton: Climate change is too urgent a threat to wait on Congress. Proud of the US-Canada announcement to take steps to reduce …,708267630684184576
2,RT @IISDRS: Preparations Underway for INDC Implementation | IISD #Climate Change Policy &amp; Practice https://t.co/Srj9HiPz9V,708284902488350720
0,"RT @KatiePavlich: So, we$q$re now talking about climate change. Still haven$q$t talked about Trump$q$s top man bruising a reporter or the First A…",708293099676536832
1,RT @HillaryClinton: Republican candidates deny climate change because they’re “not scientists.” #GOPdebate https://t.co/ApzqrcHleN,708314463032709120
2,"RT @MashableNews: Rubio with an interesting take on climate change legislation: $q$America is not a planet, it$q$s a country$q$ #GO... https://t.…",708331268535091201
2,A new report from the National Academies connects global warming to increased risk and severity of extreme weather. https://t.co/cNiRsZMME2,708395152608468992
1,RT @climatehawk1: Wondering how you can do more to fight #climate change? Check this out https://t.co/REdv3QKm43 via @grist #globalwarming,708411888737116160
2,RT @mpsmithnews: Obama fears climate change more than Islamic State - extensive interview in The Atlantic magazine https://t.co/Ke99MzrQJc,708462442095841280
0,@Christian_Cru2 @DavidCornDC People may forget Canadians haven$q$t yet gone batcrap crazy from the heat caused by climate change.,708488267050516481
-1,RT @REALStaceyDash: #GOPDebate: Why you shouldn$q$t overreact to the $q$climate change$q$ hysteria:  https://t.co/a8t9DxqLlv,708500442574102529
0,"RT @yosoyannlee: Global warming for k, that sounds familiar :) @itsShowtimena @ShowtimeTNT 
#ShowtimeSaturYey",708516663721795584
0,RT @CyrustheClown: If we painted Kim K$q$s naked selfie on a glacier would you finally start paying attention to global warming.,708517659751501824
-1,RT @AllenWest: Witch hunt: Look what Obama admin is planning for climate change $q$deniers$q$ https://t.co/xZSvYOcQrD https://t.co/l6I6xky9Nf,708527841042944000
1,"Because US of A can nuke ISIS any time they deem necessary, but not Climate Change. https://t.co/ECcaj03xVD",708625131694731264
1,"RT @TheTakeaway: Despite the campaign rhetoric, the next president will have to deal with climate change. https://t.co/XSQNF9XR7H https://t…",708720524570923008
1,RT @climatehawk1: Fox$q$s @BretBaier grossly distorts $q$#ExxonKnew$q$ #climate change scandal https://t.co/s5gyF4Mhu7 #globalwarming #journalism,708753979509968896
0,"@MissRBaller 
ask Siri about global warming p.s i love you you are the best YouTuber in the world",708777777101729794
0,"@SLW1 @MSNBC FYI, we call it climate change now.",708818044055752704
1,@leebeeowh @weatherchannel Global Warming is real. Look at Kilimanjaro.,708819571067650048
0,"ACCIONA entra en el STOXX Global Climate Change Leaders Index, un nuevo índice que responde al interés de los... https://t.co/rXRlxECYYl",708835033688236034
1,"RT @GLFWCF: Climate change, risk of terror &amp; lack of jobs are the big issues of the world today - @Ajay_Bagga #GLFImpact https://t.co/w8636…",708935460014264321
-1,"RT @nspector4: The QC, Alberta and Ontario government scam in the name of countering climate change https://t.co/6BMuy9nlUx https://t.co/Gr…",709031494778494980
1,Was Indonesia$q$s violence in the 90s related to changes in rice production (a proxy for climate change)? https://t.co/14bulD92LT,709046592247087106
1,Nice.  https://t.co/yVSprgclZv,709060797708824576
1,Hold onto your head! https://t.co/RXPTzoTMQh,709172172028252164
1,"RT @bassomar_omy: who are your friends? that is a question in #DemTownHall what a useless questions, ask about Climate change!!!! damn it.",709183039813758976
1,"There should be more questions about climate change and policy. Bernie had no Q’s, Hillary for ‘regulating’ fracking (ugh!) #DemTownHall",709199204304994305
0,"RT @Advanced_News_: Climate Change, “Skeptics,” and Models:  How #climatechange is repeatedly mischaracterized: https://t.co/ExGKjCrSZj htt…",709200810396262400
1,RT @scienmag: Science can now link climate change with some extreme weather events https://t.co/HtDj2MQSrp https://t.co/t4DLFW1t74,709212481114103813
2,RT @Maximpactdotcom: National Academy of Sciences report links extreme weather to climate change https://t.co/MFJ9e8ZEVD https://t.co/NPkP2…,709253984066768896
1,RT @ICRAF: Tony Simons @ICRAF DG: Need to fund rural economies to become more resilient to climate change. #IFF @UNEP @UNORCID https://t.co…,709303171617837056
1,#Pakistan$q$s big threat isn$q$t terrorism - it$q$s climate change https://t.co/piPMOT09se,709310379151794176
1,"It’s official: We can now say global warming has made some weather events worse
https://t.co/P9cWhnrJwf https://t.co/M0CfcFZNDj",709397005055840256
1,I wish people cared as much about climate change as they do their eyebrows.,709403753745686528
1,RT @RisingSign: The evidence for climate change WITHOUT computer models or the IPCC https://t.co/ilMLFOMtiL,709420713220907013
1,"#BreakThroughEnergyCoalition
It$q$s taking weeks 2 get a follow up response to my Climate Change Solution? R U serious https://t.co/I77oCAY2GR",709437876627333121
1,"RT @intelligencer: Climate change and conservative brain death, by @jonathanchait: https://t.co/BSHphfbCKk https://t.co/dKS2DvZdCy",709451767251992576
0,"Credit scores, climate change and the presidential election: If you have excellent credit, you probably believe in… https://t.co/caHKSnCYBF",709452844739330048
1,"Or at the very least, treat them with the same seriousness as we did the scientists of the Tobacco Institute. https://t.co/XaQJhgTfFT",709494671882514432
1,RT @KyleKulinski: Bernie says he views climate change as an imminent threat - like a military threat. Fantastic framing. #DemTownHall,709508155361853440
1,"Shell worries about climate change, but decides to continue making it worse - Grist: GristShell worries about ... https://t.co/jf8iI341FA",709508969706881024
1,There you go! Stop using natural resources &amp; go back to using ones that pollute &amp; cause global warming!!  https://t.co/NtIEEELTP0,709517948038344704
1,4 guiding facts behind MacArthur’s endeavor aimed at reducing climate change: https://t.co/kiHvLc4fxG https://t.co/YiyJxih8cY,709559831284158465
1,"RT @goldengateblond: At this point, I think climate change deniers should also have to deny a belief in gravity. And then we get to drop th…",709572639526785024
0,"Other people$q$s concern: Global warming, economy, nuclear energy
My concern: Nagpur mein India ko pehle batting krni chaiye ya bowling..",709645978438127616
-1,RT @danieljmitchell: Kudos to @marcorubio. Leftists use global warming as a ruse for massive government power grab https://t.co/PsvuHji9hl …,709690216429137920
2,RT @ex3Tory: BBC News - Climate change deal: $q$Zero carbon$q$ laws promised by government https://t.co/MfiGb8uJOa,709692908572688385
1,"The #US should take seriously climate change. So far, that hasn$q$t happened. https://t.co/TOMGi0dgeD",709713378088976385
0,RT @bobinglis: Shell says carbon tax better An oilman’s $7 billion refresher course in the economics of drilling and climate change https:/…,709743698511208451
1,RT @rainnwilson: Climate change deniers are similar to brain damage deniers in the NFL,709754178718056448
1,RT @Newsweek: Climate change is forcing Peruvians to adapt to dangerous levels of UV radiation https://t.co/AlmTgya8l8 https://t.co/t22FAnE…,709783345555574784
1,@McBuchie Explainer: how scientists know climate change is happening... https://t.co/loqWzHAafe,709785569249853440
1,RT @shailenewoodley: #BernieSanders #FeelTheBern today is our day to vote for the man who stands up to climate change and will take action …,709820047972306944
1,RT @primate7: Runaway global warming is far and away humankind’s biggest nightmare: https://t.co/QOVkzhTsVq #Florida Expel negligent fossil…,709824094020247552
1,"RT @NaomiAKlein: Bit of a misquote. I said $q$Stephen Harper didn’t even pretend to care...
But these Liberals, they raised hopes.$q$ https://t…",709834990117236736
2,"Climate Change Impacts Human Rights, Says UN Special Rapporteur https://t.co/eR6xOKlgGS",709848428453343232
-1,"RT @Love4Military: I Don$q$t Always Slap The Sh*t Out Of Hillary Supporters, But When I Do, I Blame Climate Change 😂 https://t.co/8W6ljHlgh7",709868502572777472
2,#3Novices : RESEARCH: Sea level rise from global warming likely to cause massive costs https://t.co/uk4RIEiIhk  A simple relationship betw…,709869369849937923
1,"RT @SenSanders: The next decade of action on climate change is critical - if we do not act boldly, we will not be able to avoid catastrophi…",709872395817852929
1,GOODBYE RUBIO!!! Global warming is as real as how shitty your campaign was :) take care @marcorubio,709899213337960448
1,"RT @natalieben: #Budget2016 $q$Budget for next generation$q$ - Generation Rent, Generation Massive Unpayable Student Debt, Generation Facing Cl…",710087485997641728
0,"New! Macerated Oranges: All credit due to Chicago (and possibly global warming?), we barely… https://t.co/RorXjaLAgh",710132751354228738
2,#weather Climate Change Replaces Global Warming as Preferred Term for a … – Bloomberg https://t.co/zu5qD86bvL #forecast,710134311068901376
0,"Hurrah 4 war, climate change &amp; fascistic $q$free-trade agreements,$q$ Trojan horses 4 corp. rule https://t.co/sOdhNMZcpO https://t.co/ehfLfPGW4h",710148001717616640
1,$q$Trees Deal With Climate Change Better Than Expected$q$ by TATIANA SCHLOSSBERG via NYT https://t.co/RV6penzheA #protegoAU #Science,710167069757677568
0,RT @JaredRussel: @allyjordan97 @rogue_dolwick build a biG OL$q$ WALL keep the global warming out of our country,710204471964516356
1,Women in Rural South Africa Take On Climate Change: This is the fourth post in our month-long #SheFightsPovert... https://t.co/LwVZnKQjdO,710205007962906624
0,Anyone Can Be A Good Runner — Here$q$s How: As global warming blesses much of the country with a premature sprin... https://t.co/U7arClxqcl,710216337977532416
1,Tourists banned from hiking on New Zealand$q$s glaciers  Fox and Franz Josef because the ice is melting too quickly from global warming...,710229883520036864
1,"RT @tinysubversions: Nah. How about:
1. Climate change
2. Fascism
3. Income inequality
4. Mass surveillance https://t.co/cgiaeSA77h",710248952323411969
2,"“Almost half of Australian voters say policies on climate change, renewable energy…will influence the way they vote” https://t.co/SYgO7ad84l",710262811935399936
0,Sorry hon. You are the crazy one with the claim that we don$q$t need modern ag. Stop trying to reverse the burden. https://t.co/Cq1XKMZTl0,710298999669067776
1,RT @atomaraullo: Let’s turn up the heat on Climate Change tonight! Part 1 of WARMER: 8PM on ANC. Watch it in HD on SkyCable ch 182! https:/…,710364970005860352
2,$q$Variability of major oceanic currents driven by climate change https://t.co/EsXknXXSjM$q$,710456029763522560
1,RT @BernieSanders: I don’t believe you can take on climate change effectively while taking money from those who would profit off the destru…,710468874802749440
0,Climate Change Author Speaks in Haverhill March 29 https://t.co/wYuMINYGBp https://t.co/8zuKudglJr,710478364956471296
0,RT @RyanMaue: $q$Over the last century$q$ ... not so sure about the warming during first half of 20th Century being human caused.  https://t.co…,710609493059608577
1,RT @SenSanders: Climate change isn’t just a problem for the future – the impacts are apparent here and now. We must act boldly. https://t.c…,710621108404232192
1,RT @StarbucksMY: Let$q$s bring the joy in conserving energy and reduce climate change during #EarthHour tomorrow! :) https://t.co/7qiyaSSakX,710652741530431488
1,"RT @huylerje: @deb_shelton The greatest problems we now face r global climate change, income inequality &amp;White privilege https://t.co/saG7u…",710689062030483456
1,"RT @UberFacts: Climate change may force transatlantic aircraft to spend an extra 2,000 hours in the air annually, adding millions of dollar…",710711889244909568
1,RT @ClimateReality: Climate change is no keg party! It’s brewing trouble for beer https://t.co/QBsfTVOQwR #StPatricksDay https://t.co/e8MKu…,710739072239546368
0,"RT @Left_of_Labor: The #Greens stuff a working Climate Change policy with Clive Palmer, now attack Labor seats this election.

#auspol http…",710742528316706817
1,"Without women, African agriculture won$q$t withstand climate change https://t.co/PluSZHNbdw",710751572960157696
0,"RT @roan_cano: I$q$m sure @JVillanueva2016, one of the senatoriables has planned for the urban poor in the Metro @dzrhnews #TESDAMAN
https://…",710755122557509632
1,"Why do I care? Climate change $q$will ultimately break our civilisation, and so scatter all that we obsess and care... https://t.co/Ut5RcoaG6G",710790437905297408
1,Top 6 Climate Change Problems - Suspicious0bservers - Climate Change | Space Weather | Astronomy https://t.co/SPj5KtUuxg,710809956404977664
2,San Diego climate change group holds first meeting: SAN DIEGO -- A working group formed to implement provision... https://t.co/pxNLULAtRa,710862155864629248
0,"RT @alanfranklin: It$q$s not just a river in Egypt, friends. #copolitics https://t.co/WE1kEVByiW",710890512740319232
2,RT @NatureClimate: US Defense Department Redefines Climate Change https://t.co/F1o8OlhDVS,710924709160947716
1,Is #capitalism driving #climate change? https://t.co/CFkr9XBH7I #climatechange @NaomiAKlein,710929960949719042
2,RT @ClimateNexus: Ontario pledges $13M to help indigenous communities cope with #climate change https://t.co/9VFqJTbkvS via @CBCNews,710969752219418624
0,I respect Clive James + his 80s TV contribution. But dodgy climate change pose aside his poetry has always been bad https://t.co/YbJMfPc0Ov,710973715459219456
1,RT @HuffPostPol: Americans finally realize that we cause climate change https://t.co/RMTJP028RY https://t.co/lSgYgPZixL,710984686802231296
1,RT @C_Phil_13: And this might be our president lmaoooooo https://t.co/zzXUUUVB8e,710991993397239808
1,RT @taylorgiavasis: Many humans don$q$t care about climate change because it doesn$q$t affect them personally at this moment,711009363331260416
1,"Urgent Choice: Without a Swift Switch to #Renewables, Dangerous #Climate Change May Be Imminent https://t.co/aZ3PHUeHmZ",711025113596989441
1,"RT @EnvGovMv: @EnvGovMv supports #EarthHourMV - This Earth Hour, Shine a Light on Climate Change. https://t.co/E4TQvijWko",711066100637667330
1,RT @9explore: This photo by Kerstin Langenberger shows how polar bears are being affected by climate change. https://t.co/H2xFElBvYK,711076512624021504
1,Technology in renewable energy key to mitigate climate change: Al Gore https://t.co/3FMtF7iHV0 #green,711096646306693120
1,RT @globalissuesweb: Why you shouldn$q$t trust climate change deniers https://t.co/ZQEuXkmRvA https://t.co/1YWuumc1Pa,711127236200570880
1,"RT @SEIclimate: At #Arctic summit, #climate change is inevitable and irreversible https://t.co/1ljOVfwJyk @MarcusCarson56 on KTOO https://t…",711164056690958336
1,But climate change doesn$q$t exist??  https://t.co/LasW6wWqob,711214522359533568
1,"RT @WWFCAfrica: Students, pupils take the cue from  Roger Milla, add their voices against climate change and plant trees",711262375425388544
2,Bad news for Americans flying overseas: Climate Change May Lengthen Trans-Atlantic Flights.  https://t.co/uOKhaRUVg2 #travel #overseas #cost,711269990650028032
1,RT @ISF_CZ: Turning off our lights. Saving our planet. Winning over the climate change. Making better and greener future. #ISFEarthHour 💜🌎😉,711276022860222465
0,"#Jobs,#Εργασία,Re-advertised: Individual Consultant - Strengthening National Capacity for Climate Change End of Pr… https://t.co/drB4qHnDBU",711396096384352256
1,"RT @EarthHourLK: Global warming is real,
Climate change is real, 
Your actions should also be real to make a difference! https://t.co/LFqXv…",711414556266991616
-1,Judge Orders White House To Stop Hiding Its Bogus Global Warming $q$Proof$q$ https://t.co/JpHu2jIrC7 via @yidwithlid,711504658049540100
0,RT @cnnphilippines: .@MARoxas: It is important to start the transition to clean energy dahil tinatamaan na tayo ng global warming #PiliPina…,711506701719965697
0,Climate Change ang topic!!! ULOL #PilipinasDebates2016 #PHVOTEDuterte #BilangPilipino,711507122190561280
1,"Wrap up on climate change talks, discussing solutions and what to be done. #PiliPinasDebates2016",711507651981656065
1,"RT @singh_prakash: Chatham House (think tank) says that without reducing consumption of meat, it will be near impossible to prevent global …",711575917198376960
0,RT @Climate_Cop: #RedNationRising https://t.co/Qx5SbbEjGm Sam Kazman on California$q$s Global Warming Lawsuit,711604911453016064
0,"RT @NASAGoddard: $q$I have about 500 days left, I$q$m going to use them,$q$ Piers Sellers on climate change @CNN @FareedZakaria 1:45 pm ET https:…",711614519642947584
0,"RT @CGWM_PBorisoff: https://t.co/RsUQeNYtdb
Toyota: clean #hydrogen is the best fix for global warming and energy security; easier to store…",711749060437213187
2,Climate Council call for action against global warming amid record-breaking March heat - https://t.co/Al6ShL0a1h #GoogleAlerts,711775797007101954
1,#PTI https://t.co/cNToC0uP19,711802143531999232
1,"Climate Change This Week: Frying February, Minimizing Methane, and More! - Huffington Post https://t.co/XEGwV0NIsN",711809318291693568
2,RT @shanghaiist: Leonardo DiCaprio says China will be $q$climate change hero$q$ while promoting his movie in Beijing https://t.co/JSTF4U5R6J,711847348322832384
1,RT @AndleebAbbas: Addressing volunteers and students to encourage tree plantation to combat climate change... https://t.co/3wdtcKe98X,711871355977908225
1,"Jacquie Lambie is correct we can$q$t stop climate change we need to prepare for it now, thanks to decades &amp; decades of ignorance.#qanda",711876904094081025
0,"@christinee154  Did you ask about climate change?Frydenberg lives in the 1950s &amp; clearly has no idea,He really annoyed me - weak man..#qanda",711889797799813120
1,RT @PTIofficial: Climate change is a scary reality 4 Pakistan as seen by heat wave in khi;let$q$s pledge 2 reverse it #OneTreeOneLife https:/…,711898051955269632
1,RT @ChristopherNFox: Thank you Todd Stern for your service &amp; leadership on #climate! Congratulations Jonathan Pershing! #ActOnClimate  http…,711936635785576449
-1,WUWT: Bangladesh blames Global Warming for Water Shortage https://t.co/W3wdVPhNSc #TGDN #tcot #tlot,711948583436562432
1,Climate reality: Pursuit of climate change mitigation is seen as a function of adaptation. The post Climate re... https://t.co/upg1ADGTyt,712011556632932352
0,French wine getting better? Thank climate change https://t.co/W0BqcXjLo0,712020375677177857
2,Leonardo DiCaprio says China can be climate change $q$hero$q$ - https://t.co/XTGhZdwlSd #Film https://t.co/2FhGwuM0HD,712038983895748609
1,RT @TEDTalks: How to talk about climate change with skeptics: https://t.co/p9eMqOCepJ,712039091966242817
2,"#Labour: Stay in the EU to tackle climate change and refugee crisis, Ed Miliband tells… https://t.co/dwAcljJrSR https://t.co/i21ird2RSk",712053324934066176
1,RT @LOLGOP: Say the people who ban scientists from using the words $q$climate change.$q$ https://t.co/QDem3kK6Kx,712078571146182656
2,Plants Adapt To Climate Change Better Than Many Thought: Study,712156406539902976
2,#climatechange Alphr Climate change: Carbon emissions haven$q$t been this high in… https://t.co/V29UdGVzfj via #hng https://t.co/Cci6Dlhp4t,712234519445647360
2,"RT @guardian: Climate change warnings for coral reef may have come to pass, scientists say https://t.co/YYUFPv7BnX",712255027876790274
0,"RT @Velezinee: Waiting for Madam Foreign Minister to visit The Hague - City of Peace n Justice. Let$q$s debate the Judge, public talk https:/…",712277289573027840
0,Pulled some evidence out about climate change being caused by witches,712290095005634561
-1,RT @HispanicsTrump: I wonder when @SenSanders and @HillaryClinton will blame Global Warming for the attacks in Brussels??,712311552020328450
-1,RT @seanmdav: We need to stop this bigoted Climatechangeophobia nonsense right now. Not all climates are evil #IWillClimateWithYou https://…,712321144775249920
2,RT @PolarBears: Dying astronaut Sellers to spend final days on Earth fighting #climate change: https://t.co/XHzKvYVtlM https://t.co/Cm8oDbL…,712324323474706433
1,Why Climate Change Means Better French Wine ... At Least For Now https://t.co/GKWYq9NOZn,712339871847682052
-1,RT @JMontavs: So when are liberals gonna realize that terrorism is a bigger threat than global warming? I forgot climate change flew planes…,712375723793711105
-1,RT @kencampbell66: Obama Trolled Over Brussels Attacks After Calling Global Warming Greatest Threat to Humanity https://t.co/TGNdKqRJ2t htt…,712377817875521538
1,#science #world Why Climate Change Means Better French Wine ... At Least For Now - Newsy: Wh... https://t.co/6esbwJnww7 #news #wetenschap,712402023321219072
2,RT @CNWNews: Forest industry welcomes #budget support for #innovation #climate change initiatives #FPAC https://t.co/aFr9IgSclU,712430904996700161
0,"RT @cerenomri: Yes. We have much to learn from Cuba about enforcing laws. Obviously.

Good god this is all so embarrassing. https://t.co/Hw…",712446476417302528
0,#Climate https://t.co/X1uQ47jxft The Heartland Institute$q$s Fourth International Conference on Climate Change (ICCC-4) took place in May 201…,712509225273057284
1,RT @GreenpeaceAP: Can we move past it already? Climate change is real. https://t.co/RzJQpe49O3,712592929676722176
1,#GlobalWarming #Earth – Global Warming Coming Faster And Harder Than We Think:… https://t.co/zfEqSY1ej4 #Science https://t.co/PTPwG5BZUK,712622301607383041
1,Poor women are among those most affected by climate change https://t.co/pBokqpfSS3 #CSW60 #Planet5050 https://t.co/SYgsgxCjvp,712662881582583809
1,Elitism and climate change denialism by @ken_worthy @PsychToday https://t.co/4TBGOBEbsD,712678295305920512
1,#ActOnClimate https://t.co/ztPQQYpncG The Heartland Institute$q$s Fifth International Conference on Climate Change (ICCC-5) — the first held …,712688391750606848
-1,If they can$q$t predict tomorrow weather?  How are they predicting future global warming? No one knows what$q$s next #weatherfail #canada,712704742565224448
1,RT @VirginStartUp: Inspiring - @MohamedNasheed &amp; @richardbranson talk democracy &amp; climate change at the VML office #virginreeladvocacy http…,712706012688490496
2,Climate change might be good news for French wine - until it isn$q$t https://t.co/j8iicJLvqt #news,712708656941256704
1,What drives species change in the UK? Answer = agriculture &amp; climate change @RSPBScience https://t.co/QkCj95SIZ0 https://t.co/PYuI6v7YFz,712712260272185345
0,"Links 3/23/16Our daily links: climate change beats forecast, more Brussels, Sanders most trusted, California $15 minimum wage proposal, Yem…",712717444771610628
0,"Da sollten sich die Aktionäre von #RWE &amp; #Vattenfall mal inspirieren lassen

@roettinho @urgewald #KeepItInTheGround https://t.co/ncbx0t3V5E",712764422373183488
0,PRIMARY DEBATE SCORECARD: Climate Change Through 20 Presidential Debates https://t.co/AMLZqw79cJ https://t.co/dTYYc9dofH,712781852008906753
2,RT @AlArabiya_Eng: DiCaprio criticizes climate change deniers running for president https://t.co/QEz3pGvEMp https://t.co/2INXyUL8uQ,712782465476255744
2,Exxon Mobil must allow climate change vote -SEC https://t.co/gEymEfjju9 #news #reuters,712792029848330241
2,Exxon Mobil must allow climate change vote: SEC: (Reuters) - The U.S. Securities and Exchange Commission has r... https://t.co/x4HE0WHXyq,712813518400069632
1,Mass extinctions and climate change: why the speed of rising greenhouse gases matters https://t.co/Fnv1APy104 via @ConversationEDU,712840875634601984
1,RT @SPDJIndices: What do today$q$s investors need to know about carbon risk &amp; climate change? https://t.co/jH2jJEIoNz https://t.co/8uvL8afTEf,712848640876875776
2,The scientist who first warned of climate change says it’s much worse than we thought https://t.co/lc8zGLzr43,712888343889977344
0,"RT @GrayConnolly: CNN now accepting that a jihadi network, not youth unemployment or climate change, responsible for #Brussels terrorist at…",712944850417487872
1,"Apocalypse now? Loss of coastal cities? Ice melt, sea level rise &amp; superstorms: 2° global warming could be dangerous https://t.co/JecHnbJ5TN",712962377428303872
1,"$q$In Global Efforts to Address Climate Change, Electrical Engineers have Crucial Role$q$ https://t.co/z7QyI9pXzu #climatechange",713007895122587651
1,$q$Climate Change Is Doing Something Horrifying To Wine$q$ Yes  #science #feedly #wine #alcohol  https://t.co/0LyCErusok,713053335759286272
1,RT @UNEP: Leading climate experts raise alarm on CO2 emissions &amp; global warming: https://t.co/G17xZsDNMR #ClimateChange #UNEA2 https://t.co…,713055881420648448
1,"RT @WomensEarthAlly: #TBT to 2011 in India, talking about food and climate change w/ Gorakhpur Environmental Action Group - GEAG. #WEA10 ht…",713080668155043840
2,China May Lead the Way Against Climate Change https://t.co/Yjt0ycYqbo,713081581620051970
1,"RT @nytopinion: Brussels survived this week’s terrorist attacks, but it may not survive climate change. https://t.co/aLksdTgIL0 https://t.c…",713099968337297408
0,@keenerz Global warming brahj,713139564244811776
1,RT giaslifee: Climate change is real!!! Vote for Bernie to make change happen! #feelthebern #berniesanders… https://t.co/0Q0MLzAE7o,713153602886496256
0,This is me reading any recent article about climate change. https://t.co/mALSK5lZ8S,713183879079796737
-1,He can$q$t be serious  https://t.co/OSUsYUvVpZ,713194764783321088
2,RT @p_hannam: Two degrees too soon? Temp spike fan #climate change fears https://t.co/9JUxF3YW3b https://t.co/ccNGZhz2z0,713211887584813056
-1,RT @Shimmyfab: Someone tell @POTUS that  https://t.co/SyagffMkJ2,713240392687337472
1,"RT @GetWaterSmart: $q$With climate change, longer and harder #droughts will be the new normal.”
https://t.co/EOmcirZ7x9 https://t.co/9zwvxsho…",713251720214614019
2,Veterinary medicine: CATTLE AND  CLIMATE CHANGE. https://t.co/OontJeqhGE,713264823858028544
1,"RT @mattiasgoldmann: 2000 years ago, one man died for our sins. In the future, millions may suffer for our sins, in the form of climate cha…",713289920052379648
0,GLOBAL WARMING!!! https://t.co/gyp5IRHvNn,713323159097704448
-1,Obama’s flight(s) to Argentina proved how serious he is about acting on climate change https://t.co/NIBHTvxfZz | #tcot,713342869981925376
-1,RT @Carbongate: Global Warming $q$Fabricated$q$ by NASA and NOAA - Breitbart https://t.co/0CL8wXy2BA,713377059414740992
1,RT @mmfa: Here$q$s your chance to call on more climate change discussion during this election cycle: https://t.co/gDwYSbGpNJ https://t.co/x2f…,713427386692476928
1,Nearly All Meteorologists Accept The Fact That Climate Change Is Happening https://t.co/THFddshdPm #p2,713451356443451393
0,@TheLibRepublic @famousquotenet between man and climate change. That$q$s the statement they were in agreement with. 97 out of 2000.,713459126114721792
1,"RT @dawn_ley: Support this man tonight  #Seattle at #safecofield #Washingon. Doors open at 4.Fill all 50,000 seats. #FeelTheBern  https://t…",713466010326712321
0,#jobs4u #jobs Business Council on Climate Change SunShares Manager https://t.co/W7ogsrn0OB #business,713792289957523456
0,RT @TruthInReality_: Global warming needed Inconvenient Truth. Fast food chains needed Super Size Me. Media needs #RedefiningHERstory NOW h…,713809954856181760
0,RT @GadSaad: Climate change. https://t.co/gDn4h60Ts5,713846745533427713
2,Scientists fly glacial ice to south pole to unlock secrets of global warming - The Guardian https://t.co/RIilhZbePG,713906408203268096
-1,"RT @chaamjamal: no evidence that climate change is related to fossil fuel emissions
https://t.co/pBElgzENT2
 https://t.co/tpGZ89tSB1",714003528956649472
1,#priorities  https://t.co/EpVaKbuopB,714118424834609152
0,"Ingrid Gevers, Centre for Development Innovation, introduces international course on climate change @WageningenUR https://t.co/fMxw5tvs5n",714280919922683904
1,RT @FortuneMagazine: This daughter of a Costa Rican revolutionary is now a climate change warrior https://t.co/HE2roIw3Fy #FortuneLeaders h…,714356125458702336
0,@potus1LIAR would need to be electric smart car due to climate change.,714467855178338304
0,@GeorgeAylett You can be wrong without being intellectually inferior. e.g. public opinion on climate change is behind where it should be.,714469489585291268
2,Did climate change cause those floods?  https://t.co/2nlrSaSIaM,714500274811842560
-1,RT @KSofen: .@elizabethmay Climate Change: The Greatest-Ever Conspiracy Against The Taxpayer - https://t.co/co0j9nNei6 #cdnpoli,714523834041282560
0,#AZElectionFraud   Democracy is not supposed to be $q$pie in the sky stuff$q$ Hillary. Call for a re-vote in Arizona now https://t.co/dM6CeAbz0c,714576778434453504
0,something something global warming? https://t.co/BYEb5LtJ5K,714651223501082625
2,Essential reading: Short Answers To Hard Questions About Climate Change. https://t.co/G34yT4ZQ9q /via @bmogilefsky,714677341247692801
2,Scientists expect more mountain rock slides with climate change - SFGate https://t.co/nPW4oHg2AV,714751506201853952
2,Study Finds Arctic Gets Greener Due To Climate Change https://t.co/4BEOQNQnom #offtopic #Tech https://t.co/DRzD639XgD,714818646699151361
2,RT @FERNnews: Climate change may spread marine diseases northward. @FERNnews AI by @chuckabbott1 https://t.co/fMXjlwRbOc https://t.co/ocYMk…,714905790247776257
1,"“@sierraclub: #Climate change is coming for your maple syrup https://t.co/LhQsxYfM7J” Not cool, #climatechange, not cool!",714907744227041280
1,"Climate Change This Week: Rising Seas and Super Storms, Solar Gets Cheaper, and More! https://t.co/cWNRkvXitc https://t.co/a8aaIGKn56",714983049344102401
0,@Westacre2CJ Add a fortnight for Climate Change.,714993508872953856
-1,"RT @VOICEOFCHID: 139. Atheist environmentalists believe that the earth fine-tuned itself into existence, but it can$q$t survive $q$climate chan…",715012969503981568
1,RT @UCSUSA: Oil companies deceived public about climate change. #SB1161 would help make them pay: https://t.co/Q5Xt5PAFw1 #CAleg https://t.…,715069945449549824
-1,RT @goddersbloom: If your union rep or MP favoured the Climate Change Act &amp; you work in the steel industry it was they who shafted you http…,715113683706314752
1,RT @RenuSinghla: We r grateful to @Gurmeetramrahim he is doing so much 4 clean environment togive us disease free life #ServicesByMSG https…,715131366480805889
1,Texas GOP Congressman Claims Halt in Global Warming https://t.co/kL4X14UsfH  Climate Change denial continues.,715213396380090373
1,"RT @ScienceNews: Thanks to climate change, $q$there$q$s a lot of white hares on brown backgrounds$q$: https://t.co/DgA3Q2JG5A https://t.co/v5u9vq…",715292258011111424
1,RT @tveitdal: Time Magazine Got Global Warming Right In 2006: ‘Be Worried. Be Very Worried’ https://t.co/oM2sfFhD4L https://t.co/PM0KMK81RN,715328984670736385
1,RT @sciam: Three new films look at the science and consequences of global warming from different angles https://t.co/oKrDAmh8uk https://t.c…,715352218858225665
2,RT @tveitdal: Scientists Say Obama’s Global Warming Plan Will Fail - The Libertarian Republic https://t.co/Rzwxq9x4YH,715473095516000256
1,"RT @ksushma140: Cleanliness campaign an endeavour by #DrMSG 2 save envrnmnt frm global warming n serving mother earth
#ServicesByMSG https:…",715505818217492480
0,@Liliweh EIN UNGEDULDIGER PADAWAN ICH BIN! GLOBAL WARMING DO YOUR THING!!,715587282938552321
0,Al Gore Joins Forces with Dem AGs to Go After Climate Change Skeptics for “Breaking The Law”…   https://t.co/KxlD7Zg4lW,715611853192347650
0,This Climate Change better be chill cuz us Americans have a god-given right to be comfortable!!,715612237738717185
0,"Climate Change for The Birds, or Not. https://t.co/e7cmdEyM5Z",715628907635077120
0,"RT @MarcherLord1: Most Labour MPs tweeting #SaveOurSteel have
a) Voted for Climate Change Act
b) Called for more Green/Carbon tax
c) Backed…",715668057058885632
1,RT @tveitdal: What role should oil and gas play in tackling climate change? https://t.co/JN243nWKin https://t.co/CkABkeWzTe,715691198883581952
1,RT @NASAEarth: Watching global warming in real-time from a NASA plane. #EarthExpedition https://t.co/AEIHlOgYR0 https://t.co/8MWU65dMI5,715702894566113280
1,"RT @ksushma140: A step ahead by #DrMSG to make our planet green , pollution free n reducing global warming under #ServicesByMSG https://t.c…",715783535152467968
1,@MarkRuffalo @greenpeaceusa Clinton says she$q$s progressive on Climate change but votes 4 offshore drilling and sells fracking #fixdemocracy,715935557797281792
0,Meggs- should fed govt invest in automobile infrastructure when we are discussing climate change #prgrs16,715966257644892160
1,"RT @nvchhatpar: Speak up for climate change it is really happening. #ClimateEdEntry
 https://t.co/sab5IBVzOt",716024492762525697
2,"Mile-high mountains on Mars sculpted by wind, climate change https://t.co/8QYrffXtV7 | https://t.co/ndWiFlWFmW https://t.co/jbtPta0Q4e",716067979826364416
0,Kinda funny that of the Dem candidates only 1who has actually done something about climate change is Hillary Clinton https://t.co/mG1bb2FwKC,716075760302235648
1,RT @EricBoehlert: can$q$t fit it in w/ all that Trump coverage  https://t.co/a7pmBclDAP,716096335041208320
0,RT @glossay: global warming bcs kim namjoon 🌎💥 https://t.co/QmaK3yxbEY,716200537499111424
1,RT @PiyushGoyal: India$q$s loss at WTO recently shows the hypocrisy of western world when it comes to act on the issue of climate change.,716201686553927680
1,RT @scienmag: Strong effects of climate change on common bird populations in both Europe and the USA https://t.co/AlfOWgaiVv https://t.co/p…,716224019159191553
1,RT @YEARSofLIVING: .@TIME Got Global Warming Right In 2006: ‘Be Worried. Be Very Worried’ https://t.co/uOW5ihqh14 via @climateprogress http…,716329727485743104
0,"We could easily apply this logic to other things like too, oh, I don$q$t know - climate change action. #prgrs16 https://t.co/ZiQBZhbHnW",716330139374657536
2,WEATHER: Local residents pleased that gold mining operator releases global warming plan.,716357786578378755
2,RT @kencampbell66: Trump: ‘Only Global Warming I$q$m Worried about Is Nuclear Global Warming’ https://t.co/hGqIyGDl7h via @CNSNews https://t.…,716363593428647938
0,RT @Independent: The moment Hillary Clinton lost her temper with a climate change activist       https://t.co/hrtVKiY9ik,716370289383309312
1,RT @climatehawk1: $q$Carbon pricing has become a cornerstone policy tool for tackling #climate change$q$  https://t.co/V4kaUQ1VCU via @ecowatch,716383318405558273
1,"people who are confused about the current snow storm, hi have u ever heard of global climate change??? The seasons are going to flip",716450225657872384
1,RT @alaingresh: Muslim Climate Action (MCA) is a group of UK Muslim organisations concerned about climate change. https://t.co/sJtlOnJxyp,716543105525293056
0,What does April snow bring? #Shutup Global warming sickos! https://t.co/ha9owAlXfn,716623250122481664
1,RT @AtomicAquatics: Climate change warnings. Are we listening? https://t.co/dNyUfv273D,716660088878997509
0,Lecture delivered as Invited Speaker on $q$Loss of biodiversity and climate change$q$ National Seminar on 29 &amp; 30... https://t.co/b7h7bgPJVd,716668045893189633
0,RT @RosemaryMosco: New comic: climate change protest. https://t.co/oQ5UUC4qFc https://t.co/vbpgq0T4UL,716676688222945280
-1,@Eco_Wife can you name me one thing that was because of $q$global warming$q$ I$q$m sorry I mean climate change,716680098943004673
1,"RT @_MikeyAdams: Roses are red
Violets are blue
Its snowing in April 
Global warming is real
Vote for Bernie Sanders",716695797069451265
0,He$q$s already Presidenting. https://t.co/PN6qNjH9mv,716725878030356480
1,RT @jstorres: Nuclear Power Is Too Safe to Save the World From Climate Change https://t.co/PAvx4FgPpF,716781437525987329
-1,"If only you treated terrorism with the same urgency, considering it has killed way more people than global warming. https://t.co/EunBHtfJBE",716808699533266944
0,"RT @austinsontrade: Explainer: Is climate change good news for the UK wine industry?

https://t.co/MknCh3hNnW

#Wine #WineNews #OnTrade htt…",716891705287581696
0,"Parliamo del tempo…

UDINE. Clima e Global Warming sono i temi attorno a cui la comunità scientifica... https://t.co/9uNrmburlu",716999737547710464
2,"Breaking: Climate change will blow a $2.5tn hole in global financial assets, study warns - The Guardian https://t.co/cXHkEhAchJ",717005244463341568
1,"RT @citizensclimate: Politicians, take note: Poll shows 75% of Americans concerned about #climate change https://t.co/GPGHtFQYTj https://t.…",717007179123916800
0,RT @pattonoswalt: Case closed!  https://t.co/e5MuSdDu4I,717017584076398592
1,RT @robertore62: RT @WIRED:Nuclear power is too safe to save the world from climate change https://t.co/QXGXnSuVLS,717023618899820544
1,RT @allisoncrimmins: FACT SHEET: What Climate Change Means for Your Health and Family https://t.co/2o2a6Luval #NCAHealth,717056151372828673
-1,RT @WDFx2EU: They also said that #Islam is a religion of peace. https://t.co/ismaUDpy17,717088049218367488
1,Trump Fan Scott Baio Proves How Dumb He Truly Is With Moronic Global Warming Tweet https://t.co/TT8r6M0R9X,717094067734253568
1,MT @MobilityLabTeam: “What if we simply stopped making transportation investments that make climate change worse?” https://t.co/x7SZVJnrj2,717112078528561152
0,New climate change report predicts that thousands will die or get sick: Obama administration spent 3 years… https://t.co/FLvqf0NEd5,717121897637392384
2,RT @ipsnews: Climate Change Dries Up Nicaragua https://t.co/MIWQ7AWUCp,717152095787352065
-1,"@pmarca @ReutersBiz why does the name change so often if settled science,global warming,global cooling,climate change,Heinz 57 sauce",717187746025103360
2,The unexpected ways climate change harms your health https://t.co/4t2jDWyqxI via @grist,717215886797574144
2,RT @TIME: White House says climate change will damage public health https://t.co/1sZywELwuA,717219912448655361
0,"However the scheme has been criticised by a group of climate change experts, the Climate Change Committee..more &gt;&gt; https://t.co/gyuIPwhZAa",717230462180175873
2,The impacts of climate change on human health in the United States: a scientific assessment https://t.co/5hmrkaCw5r via @AidResources,717314623116939264
0,Some Whales Like Global Warming Just Fine https://t.co/f0X7Dl95Tl,717405493795250176
0,"question:N 25 yrs #BernieSanders has been N Congress, did he author a single bill signd into law re: climate change? https://t.co/uBFRw7DB9U",717422719453818880
0,@Pontifex So Gospel(Glaf News of Jesus Descending in 2080)I spread around the globe before its end by earthquakes and climate change$q$,717429522220650498
-1,"RT @LibtardedView: @RogerJStoneJr Everything about the liberal leftist,  is all about controlling the people, be it Climate change, free sp…",717438265150861320
0,RT @PJMedia_com: Democrat AGs Go After Climate Change Dissenters https://t.co/n6TyBIHAuJ #trending,717441524464816128
2,RT @CNBCi: Global warming risks trillions: Study https://t.co/ADo5VAwoKY #SustainableEnergy https://t.co/VqKAPjMtDm,717547607132864517
1,Stop making climate change a political issue and protect our awesome planet,717602197681274880
2,British #health systems $q$unprepared for devastating effects of climate change$q$ https://t.co/OPYlay2rdS https://t.co/QmldmkblVw,717614145269547008
2,RT @grist: Unpacking climate change’s $2.5 trillion impact https://t.co/CiVaTTfzys https://t.co/nq9EGaDI95,717617461680545792
1,RT @ckparrot: Yet state employees aren$q$t even allowed to talk about climate change or else they$q$re fired. Florida is dumb. https://t.co/cTn…,717691362385199104
1,"RT @chaisface: Care about things that matter like the election, women$q$s rights, world hunger, global warming, etc. Not who your ex is boink…",717761875023306752
2,Global food production threatens to overwhelm efforts to combat climate change https://t.co/pRlyVgmXBb via @ConversationEDU,717769894054461441
0,Satellites monitoring atmosphere for the past 18 years show little to no global warming. Interesting,717807995091070977
1,RT @RichardKimNYC: Why Hillary Clinton is uniquely unsuited to this epic task of stopping climate change. by @NaomiAKlein https://t.co/xQTb…,717821480629903360
1,Get the Facts: How Climate Change Can Affect Your Health https://t.co/N9TfbTnhtC,717830826239483904
1,"RT @NASA_Johnson: OMG! @NASAAero, NASA Johnson &amp; @NASAJPL pioneer climate change research with Oceans Melting Greenland (OMG) mission. http…",717843901751496705
1,"Climate change is a fact; conservatives not open

This letter is in response to several opinions.

Mr Loegering... https://t.co/Ezwm1nCFKy",717846591013396481
1,"RT @gingerwitchy: #YesImProtesting because the establishment is killing our planet, and Hillary is pro-fracking. https://t.co/0REdymD5wP",717852543582400512
0,@j_galdamez102 @mlcalderone @betsy_klein Lol. You$q$re citing some buffoon named #RebelDiaz spouting climate change bs/lies as credible?,717903385110798341
1,Discover 11 things you can do RIGHT NOW to curb climate change https://t.co/geQatHgpUH,718028970827104256
1,Five arresting images of climate change that are impossible to ignore - Deutsche Welle https://t.co/VcfxWATYKM,718046317319102465
0,@J_fyffe @_ChiefTeef_ ever heard of global warming? Ice burgs are almost extinct yo,718059160282259456
1,[SCIENTIFIC .A. EUA] Can Republicans Act on Climate Change?: San Diego mayor shows how there can ... https://t.co/Mtuzbwwljn vía J.A.M.V,718072550102671360
0,RT @ClimateKIC: What did @BarackObama say about climate change in his recent visit to Cuba? https://t.co/Gr8sGoFlzP #CubaVisit https://t.co…,718100980177506304
1,"RT @billmckibben: Oil giants spending $115 million annually to block climate change action--i.e., to make sure planet overheats https://t.c…",718101731276513280
1,RT @thenation: Sanders understands something key about dealing w/ climate change (that Clinton doesn’t): It can’t all be win-win. https://t…,718112025541550080
-1,@SwaggMonii @ShelbyWaddell climate change is real however the AGW side of it is undeniably over hyped. NY city is supposed to be flooded,718131866063101952
0,RT @ClimateOfGavin: Guardian headline writers would have been better off reading WaPo on this. https://t.co/7oJ3qFuoAo https://t.co/26rzINU…,718144026852114432
1,RT @AlbrightLCB: Great to see this work by my old @UCSBgeog classmates --  Important stuff! https://t.co/3wYpBtNHq4,718173664978542592
0,RT @rickolantern: Greenpeace is gonna feel way stupid if scientists ever discover baby seals and whales are the culprits behind global warm…,718179122715824128
2,RT @tveitdal: Sir David Attenborough: Great Barrier Reef in grave danger of disappearing within decades because of climate change https://t…,718194239734210564
2,Clouds Won$q$t Save Us from Global Warming - Scientific American https://t.co/JFFFoN4eqA,718195926704107520
0,"#jobs # #Dem AG Probes Conservative Think Tank For Questioning Global Warming:  
           #The Democratic at... https://t.co/Z3z2wF0e9Z",718204120398581760
1,"RT @ClimateReality: Now, ExxonMobil and Chevron must allow a shareholder vote on climate change disclosures https://t.co/JKb4qICdQd https:/…",718221379628376064
1,RT @juanverde: “The cost of investing in clean energy now is far cheaper than paying for the consequences of climate change later$q$ https://…,718356537392177152
0,You will know them by their (cough cough) *fruits https://t.co/wl1lHD40TL,718456669475364864
0,RT @radleybalko: I think CEI$q$s position on climate change is somewhere between wrong and nutty. But this subpoena is scary stuff. https://t…,718468532195885056
0,Japan$q$s first-ever - / the climate change is not a hoax / damn serious / face hefty fines / bone-dry / what S looks like,718475447076433920
1,RT @gox_fang: also also not to mention you ruined the fucking planet and most of you dont even think climate change and global warming is r…,718486875451695104
1,"RT @RobertKennedyJr: Proud of my son, Finn, who spoke on climate change and the ski industry at the White House Innovation Summit in SLC ht…",718504863030751232
2,NASA: Global warming is now changing how Earth wobbles: WASHINGTON (AP) — Global warming is shifting the way t... https://t.co/1p6QNG9m8r,718519053698994176
-1,@KennedyNation @BjornLomborg @WSJ If Muslims caused global warming what would the dems do?,718533869423734786
1,RT @blkahn: A polar shift due to climate change is the definition of the #anthropocene https://t.co/6nvHJbSCrn https://t.co/NyNJMHuI0B,718591766090293248
-1,@FredZeppelin12 @DrMartyFox If it$q$s drifting: Global warming. If it$q$s not: Global warming. These scientists are highly intelligent idiots.,718603804443324416
1,See Dramatic Views of Climate Change From Above https://t.co/jvjeZZdylx,718611363854163968
1,RT @OCTorg: @CoxRoger @sergedg Ck this out! US Judge cited Netherland$q$s decision in @urgenda climate change case! https://t.co/8nfKMhvtKD,718690689102585856
-1,RT @timothywookey: Why don$q$t we tell Obama that ISIS are breaking climate change protocol so that he will finally get tough with them?,718709816856862720
2,#Climate Change Is Moving the North Pole https://t.co/0pJX15gfpt https://t.co/edlZ7XCch3,718729083228712960
1,Global warming is making the Earth tilt on its axis https://t.co/fzermhlB5Z,718758711905427456
0,"RT @TeamBonfayah: Sino ang main reason kung bakit may global warming?
#JaDineAdventureSpecial",718797726255812610
1,global warming is alive and real.,718849268262551553
1,RT @Libertea2012: VIDEO: Bernie Sanders: Climate Change is the Fight for Our Future https://t.co/diksrPe8sV #NotMeUs https://t.co/h39O0MLuBK,718869357867053056
0,RT SEE ME MONDAY BERNIE! https://t.co/HCRZUpK9Ax,718927069166575616
2,These teens are suing Oregon to force action on climate change https://t.co/DEejAddbnn via @NewsHour,719020213681942528
0,"Next topics: climate change, traffic, urban concerns #PiliPinasDebate2016",719120064398536704
2,Federal Court Rules On Climate Change In Favor Of Today$q$s Children - Forbes https://t.co/EtlQ2HJqny #climatechange,719137664390209536
0,RT @ABSCBNNews: All VP bets think the Philippines is not doing enough to address climate change. #PiliPinasDebates2016 #Halalan2016 https:/…,719161172084166656
-1,RT @GaetaSusan: Spoken by Worst Potus👉USA! Believes 100% Taxation of People! Hates Capitalism! Climate Change=USADestruction! #Liar https:/…,719188865790173184
2,Federal Court Rules On Climate Change In Favor Of Today$q$s Children https://t.co/NIKrNbjLC4,719205085264220160
1,#NewYork #Pennsylvania #Maryland #California #Baltimore #Philadelphia #Pittsburgh #Manhattan #Brooklyn #LosAngeles https://t.co/CJnXCvp9mK,719206403110342657
1,RT @suncatchermovie: We CAN build a green economy &amp; fight climate change! See #SunDoc in LA thru April 14th. Tix: https://t.co/rTzxmH8czo #…,719234206673440769
2,RT @insideclimate: “Rising temperatures due to climate change have pushed corals beyond their tolerance levels$q$ https://t.co/t8zYPRHxdZ htt…,719235681944539138
1,"RT @billmckibben: In big win, federal judge refuses to dismiss kids lawsuit against oil giants over global warming. https://t.co/PFuKTAY0ic",719236200138203140
1,Good reminder about everything we know about how to talk about climate change: there’s no one-size-fits-all approach https://t.co/fPTRgYk4Ex,719308217315033089
0,YOU PROMISED ME GLOBAL WARMING.  https://t.co/1FjFMmlfeB,719309534372696064
2,Obama says climate change deniers are a threat to National Security - https://t.co/53Wn3u98AY,719347508741210114
2,NASA: Global warming now changing how Earth wobbles @AJENews  https://t.co/lRZshyZGSv,719408081931636736
-1,Ministry of Truth - self appointed - Back to the USSR! https://t.co/8FWWQ8HEgN,719442546569523200
2,Researchers cite global warming in loon found with avian malaria - Press Herald https://t.co/JoHX9QxbuN,719449853529460736
1,"RT @ClimateCentral: Clouds appear to contain less ice than realized, making it harder for them to slow global warming https://t.co/zbbIMCUM…",719489940472668160
-1,"Obama says don$q$t give in to fear over Islamic State while trying to scare us about $q$climate change$q$

Another hallmark of #Omerica

@imcrews",719548586434949120
1,RT @cgiarclimate: .@MScCCAFS_NUIG to understand the adaptation &amp; mitigation of climate change impacts on agriculture &amp; food security: https…,719606920798199808
2,RT @CBCManitoba: Naomi Klein slams global response to climate change at Winnipeg event https://t.co/tS8DntoSdp,719748241261248512
1,RT @Cowspiracy: People Still Don$q$t Get the Link between Meat Consumption and Climate Change https://t.co/8PaHyucW96,719749236296851456
0,"No, Bill Nye is Not Debating Sarah Palin on Climate Change #nye https://t.co/AOCPR2gruj",719856170450743296
0,"RT @GhostPanther: Can$q$t believe American Idol ended! Craaazy. Seems like just yesterday it started! (Also, climate change is shifting the a…",719931986190667777
2,Climate Change May Be Causing Earth$q$s Poles To Shift https://t.co/sLKJ8r9fIQ,719935197219717120
2,$q$Yale Advances in Shaping Portfolio to Address Climate Change$q$ by GERALDINE FABRIKANT via NYT https://t.co/jtfemF1Qe5,719943394743730176
1,"Earth$q$s poles are drifting due to climate change, study suggests as government expands #fracking, #FossilFuels https://t.co/9RPVgWSAWk",719956362428608512
1,Sarah Palin Just Made The Dumbest Move Ever: She Signed On To Debate Bill Nye On Climate Change https://t.co/ZUhtNkFOve,719957145077174272
2,RT @futureagenda: Climate change will wipe $2.5tn off global financial assets: study https://t.co/qv9K4gzOjk,720008415230234625
0,@Salon Song about Bernie Sanders &amp; Citizens United w/cartoons - Climate change at :33 and 2:20 https://t.co/wumMkjxbXj,720146890772230145
1,RT @ClimateCentral: Climate change is messing with the axis upon which our fair planet spins https://t.co/DIuA3QqM0O https://t.co/MkcyqsGA5K,720165126158966784
-1,"Under the Obama Administration,There Will Be No Victory Through Air Power Unless You Count $q$Climate Change$q$Breitbart https://t.co/zKadqpC0UC",720188797250461696
0,Global warming where you at,720199566923034624
1,RT @skepticscience: Multiple studies on consensus find overwhelming agreement: humans are causing global warming https://t.co/7VOh4HqvUV ht…,720277370243047424
0,@Karoli https://t.co/vcOBKNPtg9,720296615102128129
1,"$q$Climate change is above party politics$q$ says H Anderson SNP, who notes need to include agri, edu, renewables and waste #enviromatters2016",720302131299934208
1,RT @hoolleeh: CLIMATE CHANGE IS SO URGENT. WE ARE KILLING THE PLANET AND EVERY BEAUTIFUL THING ON IT. FOR MONEY. CAPITAL GAIN. WHY,720322353754820609
1,"RT @climatehawk1: What #climate change means for you: more death, more disease, more allergies https://t.co/jFEsWnfXW4 via @PopSci #divest",720347273243267072
2,Yale Advances in Shaping Portfolio to Address Climate Change https://t.co/odlwfVLnTK,720352706070597633
0,The Climate Change in Our Veins https://t.co/7FNLCyqdWM @LongPucci,720360699789070336
-1,RT @PoliticalShort: While Samantha Power &amp; John Kerry are concerned w/ $q$climate change$q$ &amp; $q$gender bias$q$...just ignore #Russia https://t.co/…,720379001169133568
0,"RT @yudha_PE: Peserta pamerannyapun intetaktif loh ini, dr sektor pemerintah di Indonesia Climate Change Expo #siappgogreen https://t.co/nv…",720490818256179200
2,RT @ClimateHome: Scientific consensus on climate change still ‘overwhelmingly high’ https://t.co/sTSSB9eXGM https://t.co/jZw106CQLB,720531187698049025
1,https://t.co/g2ndkUcDYj Climate change is simple: David Roberts at TEDxTheEvergreenStateCollege https://t.co/B7kAuCbwHl,720540367339266048
-1,Oil industry knew about climate change before we landed on the moon - https://t.co/XtmDkhEpau Most people then knew the climate changes.,720603022586458112
1,Nature$q$s Last Stronghold: Scientists think this place can protect us all from the effects of climate change. https://t.co/78kY2tVVkk,720632961415168000
1,RT @GlennHeiser: Bernie Sanders: the ONLY Candidate Making Climate Change a National Priority #NYPrimary #NYC #NewYork b https://t.co/LsGTd…,720643748820987906
1,"Transit is essential to responding to the challenge of economic growth, an aging population,  climate change and accessibility #HTCTAReview",720655190060310529
2,RT @HarvardBiz: A study shows just how expensive climate change may be https://t.co/a0ao96h4r4,720700822502436864
2,Scientists: Climate change posing bleaching risk to Australia$q$s #GreatBarrierReef https://t.co/J3dwFc3HLO https://t.co/7QxH8qorEX,720713248069312512
2,Global Warming Surge May Rout Great Barrier Reef$q$s Natural Defenses: A heat surge from global warming would… https://t.co/Pi0KR31W4O,720741487198101504
0,"[VIDEO] Bill Nye Offers Climate Change Skeptic $20,000 Bet... https://t.co/zRa0XqJORe https://t.co/QHaZekGibW",720755999200583680
0,"@BernieSanders says @HillaryClinton plan for climate change is not enough, she says his is not doable. #DemDebate",720795178517282816
1,Mountain people bear brunt of climate change: David Molden https://t.co/QrO1a2XxYH https://t.co/SzXAzp926t,720905639820660736
0,"RT @ggiittiikkaa: I$q$m like an angel
#OddEvenBegins 
Got glowing skin
Pollution none
Global warming gone
La la la 
 @ArvindKejriwal👼 https:/…",720932054779564034
-1,"#LeftistLUNATIC
Climate Change Lies Continue!!!!
Senator Goes OFF On Catholic Priest For Questioning Global Warming https://t.co/WGmlxktVEu",720933149962731520
0,"FCP Semarakkan Indonesia Climate Change Expo 2016-&gt; https://t.co/XOWB41tiMV
 #siAPPGoGreen https://t.co/RCW7e7tUDO",720945539232051200
2,RT @GlobalGoalsUN: How will the #ParisAgreement affect developing countries? @SelwinHart of @UN$q$s Climate Change Support Team explains: htt…,720972392722509824
1,I$q$m here now #phdlife #anthropocene #natureculture  https://t.co/W4sb7inWuU,720982514097987585
1,@bakerlarry84 @tedcruz There are enough evidence to proof global warming exist. The clowns in the republican party don$q$t believe in global,720991332718608396
1,RT @funkinatrix: This toxic incrementalism is the antithesis to a the bold action needed to address Climate Change. #DemDebate  https://t.c…,721023660392198144
1,Climate Change Denier Sarah Palin Continues Her Crusade With Dig At Bill Nye https://t.co/TNgSGL3wA5 https://t.co/hiwtvJaJ16,721027821435363328
0,"Μετά τις αγελάδες, τους έφταιξαν και οι καμήλες? Flashback Friday: Do camel farts contribute to global warming? https://t.co/py4AgAnm6l",721033363029651456
0,Michael does have a point about climate change. https://t.co/FAwJappvcT,721060470862528513
-1,😠😠😠😠😠😠 Climate change is pure BULLSHIT. https://t.co/8LNRKEynN1,721076523172646912
1,"@UN @UNEP 
Mitigate climate change. Stop eating hamburgers!",721097610367537152
0,"RT @CatherineBeason: Clinton always flies in plane separate from one carrying staff &amp; press, so uses 2 planes everywhere she goes.  https:/…",721099071851618304
2,Impaled polar bear sculpture highlights global warming threat: COPENHAGEN (Reuters) - A sculpture of an impale... https://t.co/EIFoTTw8nJ,721100565397123072
1,RT @RisingTideNA: The oil industry knew about climate change before we landed on the moon https://t.co/bvmCFtTkkB,721147188944896001
2,Sarah Palin mocks Bill Nye over climate change: He$q$s $q$as much as scientist as I am$q$ https://t.co/H8ZHxj2xEJ,721181161431699457
-1,RT @wattsupwiththat: Do the Adjustments to Land Surface Air Temperature Data Increase the Global Warming Rate? https://t.co/gT4lu2jwfo http…,721338175105429504
1,RT @HarvardBiz: A new study on climate change estimated the risk to all financial assets and portfolios. It$q$s big. https://t.co/460SAWYQig…,721401284708929536
2,RT @SpreadButter: Attorney General Lynch Looks Into Prosecuting ‘Climate Change Deniers’ https://t.co/ezR08OZOqe,721402260677263361
0,Duh https://t.co/wvOhLgkdBE,721430921409204226
2,"Climate Change Deniers May Have To Be Jailed, Says Bill Nye ‘The Science Guy’ https://t.co/2tZRqrXoSx https://t.co/Hv3dTqEyNj",721526331922485248
1,"RT @350Australia: .@350 co-founder @billmckibben is delivering the Hobart Oration, reflecting on the great sadness of climate change https:…",721591039887151104
2,RT @UVicNorth: Alaska$q$s Massive Juneau Icefield May Disappear By 2200 Due To Climate Change https://t.co/jCq2C4Vamn,721612061189414912
1,"RT @Dev_Fadnavis: Visited #ScienceExpress, an initiative for awareness on climate change by @RailMinIndia ,Earth Sciences &amp; GoI depts https…",721624936112992256
2,Holyrood 2016: Parties focus on climate change and education - BBC News https://t.co/SIzVTzZQsV,721701199611867136
1,RT @chakrabortty: $q$British scientists will soon be blocked from speaking out on key issues– from climate change to animal experiments$q$ http…,721742949302865920
0,"Indeed, this is kinda stupid https://t.co/8abojk3V5K",721781630453575680
1,RT @paintpeter: Climate Change Is Messing with Earth$q$s Axis https://t.co/5fuQEQsY3F via @LiveScience,721785377154052101
1,RT @dailydot: The heroic stories of the people being displaced by global warming: https://t.co/sXq9bxNNCI,721789106007609345
1,Morocco trash pickers help fight global warming https://t.co/bRASuLwPJx https://t.co/IqCiH5rQgR,721795617610014720
2,Climate Change-US Navy Story - ABC News - https://t.co/ezCAkwdK01 $smaa,721815621365854208
-1,@PoliticsGhost @BillNye BILL NYE IS A FRAUD I ALWAYS SAID IT. NEVER LIKED HIS SHOW NEVER LIKE HIM ALSO HE THINKS GLOBAL WARMING CREATED ISIS,721827288996831232
-1,@organicfollow UN exec sec on Climate Change states goal is not environmental but to end capitalism https://t.co/CxRdDkTjO0 AlGore BS!,721909225094385664
1,"RT @MacleansMag: Portraits of the lives affected by flooding, bringing home the impact of climate change: https://t.co/tcOX5XmvW2 https://t…",721944193275412480
1,RT @lalit_setia: Global warming is the greatest warning and it can be tackled by humanitarian deeds #MSGthoughts  https://t.co/yXsBpTZZfC,721995211891740672
-1,"RT @GlennMcmillan14: #Trudeau! So the boy trying to spin recent earthquakes!, into a climate change event!! Not all Cdns are that stupid! h…",722097010472460288
-1,"RT @SteveSGoddard: 20,000 years ago, Chicago was buried under a mile of ice.
97% of experts say that climate change is caused by humans.",722127348133310466
1,"Within the EU, Britain can take the lead on tackling climate change | Letter from John Gummer, Chris Huhne, Adair… https://t.co/ciMZwZip9v",722137879497957377
0,"RT @_MiteshPatel: You make it sound like @BarackObama is India$q$s president.

Delete this tweet for god$q$s sake. https://t.co/X85lYEcoR3",722160531495337984
-1,"RT @SteveSGoddard: The clouds have lifted, and the full devastation of global warming is now visible. https://t.co/GFa94KP13m",722181008288645120
2,RT @WorldfNature: Doctors issue call to combat climate change - https://t.co/c7fErqug2H https://t.co/KMBuKNfNIi https://t.co/46cCB7fRP1,722199713932451840
0,"What is that hum? Oh, it is the hum of the building$q$s AC in April and a warning of our eventual demise thanks to global warming #spring",722205048348934146
2,Doctors Urged to Take Action on Climate Change - Healthline https://t.co/OIWdmqmbKi,722205620225622016
1,"RT @tveitdal: If climate change continues, we can expect a large rise in sea level (2 m?) this century, https://t.co/XMm4mNFB9v https://t.c…",722249464283402240
-1,"RT @brad_duren: It$q$s called weather, you fraud....and you know it. Then again, maybe you don$q$t. https://t.co/6cNqCWoivz",722261873979056128
1,Global warming may cause as much as a 70% loss in wine availability by 2050.,722281826325139457
2,New Zealand scientists issue dire warning on climate change https://t.co/sKnUKfZcN3 https://t.co/phD5zfteTT,722314824042983424
1,RT @ElissaSursara: I wish people cared about climate change as much as they care about their eyebrows.,722329722949144576
2,George Brandis says the science of climate change is not settled ? politics live - The Guardian #climate https://t.co/kuQQs4of5p,722382781876215808
0,"Exponentially speaking, it looks like we might have over-shot the 2 deg mark already..
Can I plant palms in NH yet? https://t.co/uKY6diJErr",722400332685451264
2,RT @sciam: Can oil companies save the world from global warming? https://t.co/eAqIi8r5Rn By @dbiello https://t.co/sxfCQLt72L,722429033615482880
1,do you guys seriously want a man who $q$doesn$q$t believe in$q$ global warming running our country? for fucks sake,722437791590793217
1,RT @RealDonalDrumpf: Exactly. The only way to prove it is to do nothing and let everyone die. https://t.co/9IEldJu8VV,722438925919330305
1,"RT @theultsrc: NASA just called out Climate Change deniers on Facebook, &amp; it was glorious https://t.co/M7rcD32gmY  #ClimateAction https://t…",722447229139750912
2,Study: humans have caused all the global warming since 1950 | Dana Nuccitelli https://t.co/6z0e5Pa5NW #science #feedly,722448990671908864
0,"Next on Fox News: $q$Snapchat inadvertently causes pile ups throughout the nation.$q$

Later: $q$Why homosexuals cause global warming.$q$",722463999934275585
2,Climate change: Where the presidential candidates stand https://t.co/dN3DM037uA via USA Today https://t.co/MGMQOKKCRo,722480104916393984
1,RT @lorddeben: Hidden Agenda 2. Most Leave Leaders don$q$t accept climate change science. They hope Leaving would mean UK would leave it to o…,722481418601897985
1,"RT @CATS_PAWS: Hillbot$q$s denial of how money corrupts our government is the same as conservative$q$s denial of global warming.
https://t.co/J…",722536334288633857
2,Scientists Start to Look at Ground Beneath Their Feet for Solution to Climate Change | @scoopit https://t.co/5Dbl7d80Vf,722537092191035392
0,Would we have been so tardy with climate change if our planet was getting cooler instead of hotter? #ShowerThoughts,722537322206609409
-1,RT @YinzandYang: Interested in wasting your time reading a fact less article? @esquire has you covered. https://t.co/EOdzt33vpV,722555551360622593
1,Climate change isn$q$t just wrecking the planet — it will also have a “devastating effect” on human health. #miccheckdaily http://bit.l,722560917309825024
1,#Salon #LiberalNews It’s too late to halt climate change and our society is doomed — but w... https://t.co/QTPSyelbuW #UniteBlue #Liberal,722565829955440640
1,"RT @CraigRozniecki: $q$Bill Nye Just Bet A Climate Change Denier $20,000 That The Earth Will Get Warmer Next Year, And Got Turned Down$q$ - htt…",722582551819350016
1,"The Psychology of Climate Change Inaction - Source: Pacific Standard, 4/18/16.For decades, climate scientists h... https://t.co/mJ4cfszpaY",722584581589831681
1,Great article by @mcoc featuring our friends over at @DukeMarineLab! #Drones4Good  https://t.co/ayhLhlxZd9,722614582552997888
0,RT @vicegandako: Sa Global Port nga di nako naniniwala sa Global Warning pa! Chozzzzz! 🙈✌️ https://t.co/9uchfrW8Ti,722693016696287232
1,"RT @THMetroPlus: #Comic strips that raise issues like sustainable design, carbon footprints &amp; climate change- https://t.co/qC75rQUnE8 https…",722718301189718016
2,Cabinet approves signing the Paris Agreement on Climate change https://t.co/J3OQaNEKAM,722752263932944385
1,"Just seen a Global Warming is a scam tweet, not sarcastic, obviously. In 2016. Just nuke this place @JONGUN.",722755285635301376
1,RT @LarryDobson4: I just backed Reports from the Race Against Climate Change on @Kickstarter https://t.co/RJjdLTRshC #sustainability #clima…,722755490875187201
1,RT @damon_matthews: Current coral bleaching is not $q$because of El Niño$q$ - it is because of +1°C global warming with El Niño as a trigger ht…,722757455453655040
0,RT @jrussell20941: @grindingdude @mychalmassie I thought Obama$q$s biggest concern global warming. Don$q$t big jets pollute the air? Hmmm! http…,722781535032762368
-1,"RT @RoninMemes: Leftys are proponents of science... except on race, gender, sexuality, climate change, etc...",722845993604091905
1,"#China Mary Ellen Harte:  Climate Change This Week: Avoiding the Heat, All Weather Solar C... https://t.co/4fWBNMwZ71 via @HuffingtonPost",722896983942238208
1,#forest #bc #carbon #CarbonSink #pinebeetle https://t.co/vH06PJarp2,722910423901540353
1,RT @Starbuck: The #oil industry knew about #climate change before we landed on the moon https://t.co/kCinhiHrsU https://t.co/m7PgPeYrR3,722920716287348738
1,RT @DemSpring: Digital team on both sides of the line today. #DemocracySpring https://t.co/IWhs3OJhdi,722939623211671552
0,"I liked a @YouTube video from @majiczenith https://t.co/WtAU77UNwT Climate Change! Ganondorf Amiibo, 3 Hearts on Hero Mode | Zelda",722949944341082112
1,Times$q$s (and its not just the Times!) climate change coverage $q$distorted$q$ and $q$poor quality$q$ https://t.co/DxzxPaVfs3,723079829570998274
2,RT @AP: More than 150 countries are expected to sign the Paris Agreement on climate change this week. https://t.co/ieUDBplnnV,723082306143973381
2,Study: humans have caused all the global warming since 1950 | Dana Nuccitelli https://t.co/AaVsMMFi8r,723115462351982593
1,"While climate change is beginning to be felt, the worst is yet to come unless action is taken NOW: https://t.co/FVRw8zARL3",723134789801414656
-1,"RT @terencecorcoran: In Australia, Climate change science not settled: Brandis https://t.co/RpjBdAqhZP via @SkyNewsAust",723152855985594368
1,RT @0001jatt: We humans R responsible for 🔥Global warming🌎🌞 &amp; Its our 👮🏻duty to save those who are effected by us 🐂🐤🐦#MSGrequest https://t.…,723194968572080128
2,$q$The Key Players in Climate Change$q$ by THE NEW YORK TIMES via NYT https://t.co/bR2HN5poS6,723236887561920513
1,RT @deespeak: Every leader needs to start seeking solutions like this one. #ChangeTheWorld #ClimateAction #OneWorldOnePeople  https://t.co/…,723294367583084544
1,Let$q$s stop climate change once and for all and keep this planet safe and sustainable for ourselves and future generations. #EarthDay,723352276593704961
1,RT @ChristinaMcKeen: $q$Friends$q$ of science. LMAO.  https://t.co/jziHjEZhNX,723371202366988292
1,Climate change negatively affecting agriculture: https://t.co/eK2Xc8GI3z https://t.co/MTidmJi4XY,723406051916148736
1,"RT @UN: No one, in any nation can avoid the impacts of climate change - Friday is #EarthDay https://t.co/EpEFzT8rN5 @ElyxYak https://t.co/h…",723414348870258688
1,RT @SwedenBiH: Climate change is a global challenge that must be solved collectively. #ParisAgreement https://t.co/TgHTavj2zm,723418864072019968
1,Why countries should salute with 3 Fingers as they sign the Paris Agreement on climate change -- and why you should…https://t.co/TFc6N2btHc,723429924132917248
2,Paris Agreement on climate change to be signed in New York https://t.co/5vKWmDrrsJ,723457905790341121
0,"RT @KingWallyy1: Jack Reed is at fault for global warming, petrol prices, the hole in the ozone layer, everything",723470697381564416
0,"RT @Geopolitica_: Threat or Hoax? Presidential Candidates on Climate Change: In presidential politics, Earth Day i... https://t.co/qSja0bgL…",723488092020195328
1,RT @RahulDevRising: Plant a tree on #EarthDay Breathe clean air &amp; combat climate change. Join the movement &amp; help Mother Earth🙏 https://t.c…,723488868079554560
0,"@stateofdnation Marami ang hindi nagbayad sa Climate Change kaya idinisaster silk,Generated Disaster",723511709420392448
1,We’re Perilously Close To A Permanent Crossing Into The Global Warming Danger Zone Or Something https://t.co/nGzLyXvl6e,723511876462718977
0,Islamic Discourse on Climate Change https://t.co/KJcZ0gTnRP,723531510884753409
1,RT @micnews: Climate change is forcing polar bears to swim for days to find solid ground https://t.co/EuyFyIAxtl https://t.co/ySBK8ONAGw,723539855284822018
1,"RT @frontlinepbs: On #EarthDay, a look back at those fighting the scientific establishment on climate change https://t.co/KRoLOcrmsa https:…",723540153302691840
-1,"RT @Carbongate: With Ice Growing at Both Poles, Global Warming Theories Implode #EarthDay https://t.co/WrqW3agbe4 https://t.co/vxeYlFfuy9",723542409536118784
1,RT @rishi_insa: @Gurmeetramrahim #MSGappeals   Global warming  is the result of  dirty environment.Do plantation to save earth,723545031496192000
1,RT @jiadarola: On #EarthDay let$q$s recognize a politician who gets the threat climate change poses to our planet and to our species. https:/…,723554113779322880
1,GdnDevelopment: Want to beat climate change and achieve sustainability? Try paying your taxes | Tove Ryding https://t.co/3Mo0zBNFgh,723564519667195904
1,"RT @Cynthia_Oprah: Indeed, food security is proving to be a challenge across the globe due to climate change @WorldBankKenya @citizentvkeny…",723596662606802944
-1,RT @Jonstradamus: Global warming is a Zionist Freemason hoax #EarthDay https://t.co/Hpf49suLrh,723616363776876544
2,UN: John Kerry takes granddaughter to signing of climate change deal https://t.co/xdHmu4eWvw,723617276893761536
0,Will HRC enact a carbon tax? I don$q$t think she$q$s been clear on that. Correct me if I$q$m wrong! #NotMeUs  https://t.co/vWWpGRyzcz,723618323565449216
1,RT @bmub: The #ParisAgreement is signed! A historic turning point in the global fight against climate change! #Sign4Climate https://t.co/qy…,723622389859377153
1,"RT @M8rKat: $q$Climate change is real, it$q$s caused by human activity$q$ - @BernieSanders #PlanetBernie Reason15297",723625804685398017
1,RT @linnyitssn: It$q$s #EarthDay so let$q$s just complain and not vote in November so the next Republican President can continue to deny Climat…,723629831208886273
1,RT @NatObserver: . @ElizabethMay leads by example when traveling to climate change meetings. cc @CanadianGreens -- #cdnpoli https://t.co/K4…,723637661714526209
1,"RT @OnlyTruthReign: Climate change from man$q$s abuse is rising sea levels, torrential rains, floods and erratic temperatures, it$q$s time to s…",723638474235097088
2,RT @9NewsAUS: Environment Minister @GregHuntMP one of 175 leaders who have signed the Paris Agreement on Climate Change. #9News  https://t.…,723642633252384769
-1,RT @divadoll123: Meme Brilliantly Exposes Liberal Climate Change Fraud https://t.co/p18YMS8pnh,723663108267511808
1,"RT @Anmol_Vachan11: @Gurmeetramrahim Join in the fight against climate change and pollution #MSGappeals
Plant a tree today for a better Tom…",723667993650188289
1,RT @spark_syd: Fast to sign a good sign! #ParisAgreement #climate change https://t.co/TklJkDhIOU,723680406713692166
2,"At U.N., 175 nations sign landmark Paris accord on global warming https://t.co/JjEHugzdDg https://t.co/sbybVOYZqX",723701357375442944
2,RT @EI_EcoNewsfeed: Leaders 171 countries sign landmark Paris Agreement  climate change: Courant https://t.co/ccfk7QcMZL  https://t.co/jZbR…,723707833179615232
1,RT @medialens: A two-minute must-watch. Excellent. https://t.co/rOknOwFAeQ,723779639609561088
-1,Put $$$Millions into climate change lie https://t.co/mBfdmNnZ7i,723848597742202880
2,Why the Paris climate change goals may already be slipping beyond reach: World leaders convened at the UN this week… https://t.co/IU3UTjgfoe,723867331781251073
-1,Meme Brilliantly Exposes Liberal Climate Change Fraud | The Federalist Papers https://t.co/KOj4Rnk4PG,723873573387915264
0,"On Earth Day, get your facts right about climate change #fashion #shop #boutique #boutiqa #jumia #hmall #yamanda #f… https://t.co/3IMWH4f5fS",723898266509840385
1,"RT @JoshBBornstein: Great Barrier Reef dying, Oz emissions still increasing,targets rorted, 2 Ministers attacking #climatescience. Farce ht…",723907140016992257
1,RT @BillMoyersHQ: Six things climatologist @MichaelEMann wants you to know about the science of global warming https://t.co/esx3iiPnex #Ear…,723909275114819584
-1,I liked a @YouTube video https://t.co/fv79wzrMnj New Movie Exposes Global Warming Lies Once And For All,723923522066780160
2,"Poor countries must find $4tn by 2030 to avert catastrophe, says climate study: As Paris climate change agreement… https://t.co/1tVGuEwM7X",723958428327014400
1,Let$q$s do this https://t.co/B95vhO5LNR,723989441375834112
0,shit i kinda want this to happen for some global warming type of heat 🔥🔥🔥🔥 https://t.co/ogizHA42ZN,724015142854225921
-1,"RT @DailyCaller: Obama’s Global Warming Plan Cost Poor Americans $44 Billion, Raises Taxes By 166% https://t.co/GQDv1mbfN3 https://t.co/IsG…",724019429256863744
-1,"RT @TrueNameBrand: In other words, even MORE aluminum, barium &amp; strontium particles being sprayed in the sky? https://t.co/iT1iLn5oDP",724039917597278209
1,Tribes have up close perspective on climate change https://t.co/3QB3TQs0ml,724177309150879744
1,"RT @larissawaters: I sincerely hope Turnbull, Hunt &amp; Palaszczuk were watching that Attenborough on #GreatBarrierReef being in grave danger…",724202738427387904
1,Another result of climate change: Bacteria that eats you via @dallasnews https://t.co/DPFDtGe0Ep,724219980363890688
1,RT @ziacor: Disappointed that the issue on environment wasn$q$t touched on. The Paris Agreement was just ratified and climate change wasn$q$t e…,724235641706274816
1,RT @pankajnarwal29: #MSGappeals ...everyone should plant trees. It save us from global warming.,724248811028148224
1,RT @Greenpeace: Mind boggling. Climate change is affecting the way the Earth spins https://t.co/re5glTyXAI https://t.co/Gg3NQ8R8g8,724263433357668352
1,RT @ransingh91972: @Gurmeetramrahim #HinduRatnaMSG Much more than plant trees to reduce global warming.,724264656601227265
0,Becca Speaks On Climate Change SDGs 13 https://t.co/U5GV8eWjFo,724285915162505216
1,RT @veganomically: Climate change will wipe $2.5tn off global financial assets: study #keepitintheground https://t.co/agYcN4hRsQ,724295601630941186
0,RT @jasminefelicity: Ur mcm doesn$q$t believe in global warming,724339412142682112
0,@OOOfarmer @knudstrupgaard Not really! Thought we had global warming???,724340883471011844
2,RT @govph: Climate Change Commission recommends energy policy review to tap more renewable resources: https://t.co/DPgwMqdmVq https://t.co/…,724376875984777216
2,#SLAPTV Leonardo DiCaprio Makes Climate Change Speech At UN Gala: ‘No More Excuses’: During the Un... https://t.co/wr8GarhvGU #LiveWireTV,724485963376816128
1,Nations must follow through on climate change pledges - https://t.co/pXOBtTuEc3,724492000641196032
-1,"The Global Warming Hoax, Paris Climate Accord and NWO Global Governance https://t.co/usuGlML5fp #globalwarming",724498544774647808
-1,Jerry Brown goes dictator on Climate Change - American Thinker (blog) https://t.co/GIQWWo46gh #climate,724577703706267648
0,"Of crse black men r 2 blame 4 Lil Kim$q$s madness! Let$q$s not 4get global warming, institutional racism &amp; the assassination of JFK! Guilty!!",724580684946354176
0,Mama @DawnZpost diba po kanta po iyan?  https://t.co/3MYfLDy0ev,724616494647144448
-1,RT @Balinteractive: $q$Scientists on climate change$q$. Sounds like a political lobby group to me. https://t.co/RebUbGc5q7,724620361288040448
1,Can mountain-climbing bears rescue cherry trees from global warming? https://t.co/baaZarsvzz,724650287680495616
-1,"RT @kencampbell66: Obama’s Global Warming Plan Cost Poor Americans $44 Billion, Raises Taxes By 166% https://t.co/Ww6M8gVmfz https://t.co/8…",724654830589878273
-1,RT @JunkScience: Warmists couldn$q$t predict tomorrow if it wasn$q$t already on the calendar. https://t.co/SxavuMP3B6,724684180752211968
1,"#ThingsBernieHates MSM that doesn$q$t talk about issues wealth/income gap,climate change,corrupt campaign finance system @cnn @MSNBC @FoxNews",724769423475761152
1,"RT @jtotheizzoe: What does the 97% consensus on man-made climate change really mean? Put this one to bed, deniers: https://t.co/rqbMDAxYgd",724773012663341057
1,"RT @RuhakanaR: We have only one Earth. It is our responsibility--all of us--to protect it, so it can protect us too. https://t.co/BXy7avTo3P",724788342873837568
-1,"RT @CharlieDaniels: Heroin,not global warming,kills 23 people in Ohio every week",724791515403444224
0,RT @indihj: Someone mapped the Twitter Climate Change convo. Legit amazing. Fave Aus tweeters feature. https://t.co/ekf47r5vBs https://t.co…,724916008587284480
0,@JNLevin @BeladonnaRogers O There: Spitting in their eye and calling it an opinion. O Here: pissing on our shoes &amp; calling it climate change,724930944650584064
1,The way ted cruz tries to deny there$q$s any link between terrorism and climate change is hilarious 😂😂,724951380314697728
2,Climate Change Activists Hoist On Their Own Petard: Environmentalists$q$ advice to the New York Attorney Genera... https://t.co/8dhhhrcB1e,724977300324802560
1,RT @bobinglis: Getting there! More Americans say Global Warming is Happening and May Influence Their Vote  https://t.co/xH8n1f2dqI via #con…,725026105485193216
1,#CleanAirAct #Texas Climate change: 3 things the state’s new Clean Air Rule must include https://t.co/kh960qYs0B,725028703252697088
1,Black Bears Can Help Fruit Trees Escape Climate Change https://t.co/bAaT8gdcgz via @novapbs,725033752125149184
-1,Global warming is an INVENTED Democrat farce / we have 1000 years of coal reserves / Why? #MakeAmericaGreatAgain https://t.co/QuBuh2DtI3,725056728350490624
-1,who are these fucking socialists that buy $XOM just to put stupid proposals before the board w/r/t global warming and reports on women,725084699564056578
0,Hilarious bottom line for why some people just don$q$t care about Climate Change. https://t.co/mVxf5NbCH8,725091095844102145
-1,"What do Enron, Al Gore, UNIPCC, Climate Change Environmentalism, &amp; Kyoto/Paris have in common? Use C02 as CRISIS KEY for UN-run world govt.",725117601035202560
1,RT @markdreyfusQCMP: Turnbull 09: $q$I will not lead a party that is not as committed to effective action on climate change as I am.$q$ Where i…,725125468244975617
-1,"It$q$s called the seasons. You$q$re seeing things that are normal. No global warming, man made or natural. UN Marxism. https://t.co/SIc7qrYbCv",725133997634777088
0,THE FULL VIDEO O MY GOSJDBYN IM CRYINNNGGG https://t.co/zEwLsbcunR,725177427736010752
2,RT @k009034: U.N. Climate Change Advocate Shares Her Negotiating Secret via https://t.co/kfew1bRJAM https://t.co/thkAmRx8pq https://t.co/Rg…,725193861094608897
0,"RT @SimonBanksHB: @turnbullmalcolm contradicting his own Government$q$s modelling on climate change targets and policies

Just another fact f…",725218114690932736
2,RT @climatehawk1: Potential for hail increases with #climate change: https://t.co/8CHAP9KcFz #globalwarming https://t.co/6x2lIrne7I,725279140757266432
1,Call climate change what it is: violence | Rebecca Solnit https://t.co/soDYdoOiCO,725296457243222017
1,It$q$s May in 4 days and it$q$s currently hailing/snowing. Global warming is totally fake though,725318930336735233
1,RT @EcoInternet: Now is the right time for action on climate change: Irish Examiner https://t.co/KGFzTZPgzq When grow... https://t.co/Dz19F…,725323632445149184
1,Denmark is debating the merits of a red meat tax to fight climate change: https://t.co/xbFBYNXy3j #Cowspiracy https://t.co/vjLdWASKVQ,725338857944801280
2,RT @business: About half of U.S. conservatives now say climate change is real https://t.co/l4EUjKiFuj https://t.co/E2K29VuFDY,725385254580670464
-1,"RT @cmegalodon69: EPA Continues To Implement Global Warming Plan Supreme Court Said It Couldn’t 

The Obama Coup Comtinues...

https://t.co…",725517502688579584
0,RT @CarbonBrief: NEW | Editorials: Where UK newspapers stand on climate change and energy | @some_yeo https://t.co/sAM3dydMYo https://t.co/…,725599793423241216
-1,"@twilson00 @DRUDGE_REPORT global warming data is adjusted, not raw data. It$q$s an effort to force an agenda of control. #read",725662113465671680
0,#EndOfWorldWeKnow The Worst Reporting on Climate Change. Ever. (So Far.): In describing our progress toward a well-educated and -info...,725720279083675648
-1,"RT @Carbongate: With Ice Growing at Both Poles, Global Warming Theories Implode https://t.co/WrqW3agbe4 https://t.co/L1cblGqSKU",725726504575885312
1,RT @FFierceFFeline: Climate Change Action Emerges As Winning Wedge Issue In 2016 https://t.co/81JSgrxjuy #StopRush #UniteBlue #p2 #ConnectT…,725833497227714560
2,"RT @guardianeco: Great Barrier Reef bleaching made 175 times likelier by human-caused climate change, say scientists https://t.co/KJSVCKahNL",725843095749713922
-1,RT @michaelianblack: So crazy that the only people in the world who know the truth about climate change are American radio talk show hosts.,725876194793521152
1,1 in 6 species is at risk of extinction because of climate change. We can fix this. https://t.co/7U3KhN36l8 #climate change via @wwf_uk,725949441627181056
0,OPEC Oil and Climate Change https://t.co/I5IzxLIDtp via @transcend_media,726005070177914880
1,RT @YEARSofLIVING: An alarming new study suggests global warming could leave marine life struggling to exist. https://t.co/d4USXKLQfd via @…,726075903718072320
1,"RT @Libertea2012: Climate Change Is Driving Ocean Oxygen Levels Down, And That’s a Big Problem For… https://t.co/6r0V5WeHod #NotMeUs https:…",726082535508217856
0,"RT @geekysteven: WOMAN ABOUT TO FUCK LEONARDO DICAPRIO: I$q$ve always fantasized about this
L: The real fantasy is thinking we can ignore glo…",726110391093235712
1,RT @drinksfeed: Climate change may be coming for your wine https://t.co/5pBBpwy1qD,726139507251118080
2,$q$We will have climate refugees$q$: U.S. secretary talks Arctic climate change https://t.co/CE7dLLYlYs https://t.co/U2Ri8eOzcn,726148981693124608
1,@TXCOL7 @FoxNews You dont believe in climate change? You haven$q$t researched it and you are slurping up fox news like a bowl of cereal milk.,726176638300377088
2,"Climate change and lack of sanitation threaten water safety for millions
https://t.co/dsaplTsfnX https://t.co/L6zZuYHQ0W",726206962669522947
0,Geoff De Weaver and Al Gore signing of AN Inconvenient Truth: The Crisis of Global Warming - Former Vice President A…https://t.co/14ZzvgBsWU,726252864356646912
1,"RT @Cryptoterra: my 6 yr old brother: Decarbonization is essential to reduce anthropgenic climate change

Donald Trump: China will be presi…",726269617803517952
-1,"This weather needs to make its mind up...
Had all 4 seasons in 1 afternoon...
Global warming my ass",726401304822714369
-1,I liked a @YouTube video https://t.co/ZLbUeT7esD Phony Scientist Bill Nye Wants to Arrest and Jail Climate Change Deniers? (Church of,726424319987961861
1,"Millennials love clean energy, fear climate change, and don’t vote. This campaign wants to change that. https://t.co/7FAblIO35w @voxdotcom",726456791089844224
0,RT @MatthewACherry: Khaled out here living the dream man lol https://t.co/ipMsdOEFzc,726587035008438272
1,"If marijuana was made legal, everyone would plant weed. Global warming is controlled. Hitting 2 birds with 1 stone… https://t.co/9mBtem4dYN",726591074928627712
1,RT @3dm0nds: This is the only major key I can tolerate because Bill Nye is the man.  https://t.co/kwwiRc53xt,726594742927151104
1,RT @sydney_yeet: Kings  https://t.co/rHzaqwulFU,726598755911229440
0,"-Confusing ad for Fathom event about climate change ends with $q$Special guest Sarah Palin$q$ with tag ClimateHustle
-Me: OH FUCK OFF
*Applause*",726664588054274049
1,RT @jupiter896: Pres.Obama$q$s #CleanPowerPlan is the Key Part of U.S Leadership in Fighting Climate Change. #UniteBlue #TNTweeters https://t…,726803213794439169
2,King County Judge Makes Historic Ruling Against Washington State in Climate Change Case https://t.co/X8Sy1flXNj,726807170914865152
0,"RT @JEFFDAV82894010: @james00000001 @psw6666 @pedwards2014 @Joffre2000 @SirThomasWynne @arpy1 COMES BAC TO BITE YA,GLOBAL WARMING THE EQUAL…",726901674355249152
2,Climate change to cause 38pc decline in agric income - The Herald: The HeraldClimate change to cause 38pc dec... https://t.co/4kxLVMS72x,726914284073021440
1,RT @rainnwilson: $q$Climate change skeptics$q$ mtg with $q$Flat Earth Society$q$ tonight at 8. Creationists &amp; cigarettes-don’t-cause-cancer lobbyis…,726932299703418880
1,"Today,amongst the teeming rain, working on climate change issues,sustainable design of buildings,and envying those on a long weekend!",727026589628817408
0,CHANGE CLIMATE CHANGE!,727031002623696896
1,"RT @Alex_Verbeek: Shocking study: Half of leading investors ignoring #climate change
https://t.co/ERtGFHRb9w https://t.co/FnZvoo3Zir",727101285837750272
1,We$q$re over being bummed about climate change and ready for solutions. https://t.co/J3kY2EECLC,727140898014900224
2,Half of leading investors ignoring climate change https://t.co/69tq5QuPC7,727156243962335232
0,Gardening to Beat Climate Change by Thomas Christopher https://t.co/MKKF9MhUcn,727193176079998976
1,"Road culverts, education, and now greenhouse gases. WA State is not doing its job.  https://t.co/nhHVE2lLdq",727198003023384576
2,"Buffett, Berkshire Hathaway investors refuse to take stand on climate change (+video) https://t.co/eAZcjAivCV https://t.co/GZCxH8Z32L",727199697081761792
0,RT @Lichtbolletje: @hoterminus het vroor eergister. Hoezo global warming?,727246393799270404
0,"RT @Ibrycehall: it hailed in may, GLOBAL WARMING AND I BLAME DONALD TRUMP",727293844589559809
0,RT @aritbenie: Sanders bringing back his Trump/climate change riff: $q$Trump is a genius at everything ... he$q$s also a brilliant scientist$q$,727294885544370176
1,Interesting idea. Can we recycle it fast and cheaply enough? https://t.co/6Rdl2Nqeng,727298242162077696
0,#Flipflopper gotta be pro- #coal in coal country. #Votes before #Climate. https://t.co/ajVy84y9F2,727321132588634112
1,RT @DrJillStein: It$q$s unfathomable how climate change is a partisan and slow-moving issue until you look at money in politics and the two-p…,727335441339408384
0,RT @lynncomerford: &lt;1/5 top investors managing$9.4 trillion taking $q$steps$q$ re global warming like $q$encouraging companies to be greener$q$ htt…,727374176575696896
0,"RT @robinthede: Why are we always wearing metal in the future? With global warming, seems like we wouldn$q$t want to wear a heat conductor",727378621736751105
1,"RT @GetUp: $q$Congratulations Scott, you didn$q$t mention climate change once$q$ #Budget2016 https://t.co/WhIIVJe7Qb",727440183990177792
1,Jimmy Kimmel has actual scientists exclaiming they$q$re #NotFingWithYou as @SarahPalinUSA denies climate change. 😂😂😂😂 https://t.co/N40iTc6Vw5,727449361500745728
2,Climate change may make parts of Middle East $q$uninhabitable$q$ https://t.co/sbahGzZr46,727479583042215936
1,RT @sheIyce: @nytimes lmfao at the amount of people in total denial of climate change...,727502026083553280
2,RT @XHNews: China $q$deserves big credit$q$ for efforts to tackle climate change: @Ed_Miliband https://t.co/9xzffCrwuO https://t.co/wnotTojw9z,727534863151157256
0,Progress? Maybe - Half of leading investors ignoring climate change: study https://t.co/8WYZ1RfP2T via @ReutersUK,727545678071762945
2,World faces ‘mass migration from the Middle East and North Africa due to climate change’. https://t.co/WoPk0daFwz https://t.co/2mJv0U1YXI,727619290157961216
1,"GOPtp: nothing to see here... RT
World Bank: The way climate change is really going to hurt us is through water https://t.co/l5IjfY0YsQ",727621038687690752
0,Just wait till its your family threatened and you may understand that right now they need compassion not a lecture! https://t.co/FBTw2sQox8,727664150223069185
1,"RT @hhoagie: Every time Fox News denied the proven science of climate change to score political capital, we got one step closer to tonight.",727669878887305217
-1,RT @RealAlexJones: Breaking: Top Climate Change Scientist Admits He Was Wrong - https://t.co/TtD8BGooOp #ClimateChange,727694005706723329
0,RT @ErrolNazareth: Yep. And donating to @redcrosscanada will go further than $q$sending thoughts.$q$ Just sayin$q$ #ymmfire https://t.co/QkMOsKVo…,727703498679324672
-1,Delusional Obama Links Climate Change And Terrorism: - American Thinker - https://t.co/53WaOD8GkS  - https://t.co/kNQqauGjMV 273,727749052050374656
2,RT @rustygreen59: Lord Krebs: scientists must challenge poor media reporting on climate change https://t.co/Z04K3d4oj1 via @ConversationUK,727767662206529536
1,"RT @CECHR_UoD: How climate change in arctic could cause tsunamis in UK
Our @drsuedaw
https://t.co/bze3SuanVE https://t.co/8pYTt7uwEl",727799779359498240
-1,This better stop. #EPA can$q$t even keep lead out of drinking water. Total incompetents!  https://t.co/Zhk1xgoiEU,727834749176303616
0,RT @EvanLSolomon: As people are fleeing for their lives and a city burns the PM knew this is not the moment to get into a debate on climate…,727907784977727492
1,RT @onEarthMag: Jimmy Kimmel clip featured more scientists discussing climate change than ABC$q$s top news shows did in a year https://t.co/P…,727920779527114752
2,Scientists back Pope Francis on global warming https://t.co/1zcqQfUfsU via @WSJ,727942653241790464
0,RT @msrianja: when you being a lil god$q$s angel and then you remember things like bad memes and global warming exist https://t.co/6V8bFrL38d,727960241959243776
1,@NickBromberg It might have to be with climate change denier Mike Thompson instead on account of the Fox connection.,727989242643636225
1,RT @Anandraaj04: Ancient Indian aka Vedic India$q$s Solution for Earth Global warming...! @globalwarming   @UNFCCC @UN_climatetalks https://t…,728042959162232836
1,"RT @JDfromCJAY: We don$q$t need climate change arguments, we need to stick together for our friends to the North. #YMM https://t.co/nYJIj740ci",728045480693792768
0,RT @TOIIndiaNews: India$q$s answer to global warming: Cows that belch less https://t.co/kqxXpNFlZ0,728120566528376832
1,"RT @AustralianLabor: We have positive plans for:
✔ Creating jobs
✔ Investing in education
✔ Protecting Medicare
✔ Action on climate change…",728159402969071616
2,RT @09Clive: Lord Krebs: scientists must challenge poor media reporting on climate change https://t.co/LdqNoha0qy via @ConversationUK,728160876411265024
2,Climate change made catastrophic coral bleaching 175 times more likely https://t.co/T3dNLufUmH lähteestä @grist,728179675512643584
1,RT @ksushma140: Vlntrs f DSS serving mother earth by plantng trees helpng in order 2 reduce global warming inspired by #SuperStarMSG https:…,728198974629392385
0,"RT @sdessai: PhD vacancy on decision-making and preparedness for climate change, extreme weather and adaptation https://t.co/sbtrVa8JAo @Pr…",728213958717521921
2,"Leonardo DiCaprio, Justin Trudeau and other leaders sign Paris climate change agreement https://t.co/QLxQyS7AE0",728215285006749696
1,#Environment https://t.co/1Dy88V7sS3 Bill McKibben: Global Warming$q$s Terrifying New Math,728227814147772417
0,OMG Climate Change Daily is out! https://t.co/fI2gtsAVDA Stories via @simoneincph @BonnieVenning @kmpayea,728228461869977600
1,RT @ClimateOutreach: Blog by @WeAreBrightBlue researcher @samuelhall0 $q$Engaging centre-right on climate change$q$ featuring @climategeorge ht…,728234970335064064
1,RT @TOFilmFiles: #HotDocs16: @AoConsequences is an unflinching indictment on how climate change leads to global instability. Intense &amp; nece…,728248988659556352
0,RT @sinnfeinireland: A FG TD wouldnt allow @loreillysf to talk about the effects that TTIP would have in the fight against Climate Change h…,728255366014849025
0,What so you think about #Berlin? https://t.co/lzrZchrPtp,728268728924839936
-1,Climate fortune-teller preaches gloom and doom from the altar of man-made global warming: https://t.co/UOFy3uSYRs #climate,728268844284923908
1,"RT @GoodbyeKoch: Why Winter Doesn$q$t Disprove Global Warming: https://t.co/eJtGmm4Q6T  via @YouTube
#ClimateScience
#GlobalWarming",728270915885105153
1,There are many solutions that you can do to help solve the problem of Global Warming!,728277621323276288
2,Climate change could make North Africa and Middle East $q$uninhabitable$q$ https://t.co/UitgLGxPRO via @post_waves,728287298064896000
0,"RT @90sgeller: this gif could make flowers bloom, cure all known illnesses, end global warming and restore world peace https://t.co/xsn2OUO…",728288975996239872
0,Patricia Espinosa: Who is the UN’s incoming climate change chief?: Mexican diplomat is a team builder with a… https://t.co/Piry7NafWC,728352028800360448
2,RT @ScienceNews: Asian primates hit hard by ancient climate change: https://t.co/Z3QJf2Bu87 https://t.co/VF5C7C0dYb,728475647903825920
2,Possible President Trump has some thoughts on climate change https://t.co/9K0a3CyqSW via grist,728494552441618432
1,RT @YingYang2001: Fort McMurray and the Fires of Climate Change - https://t.co/NiI5tNFjab #ActOnClimate to prevent such fires. @SierraClubE…,728594510930976769
1,Chronic Kidney Disease Becomes $q$Mysterious$q$ Global Epidemic Worsened By Climate Change; It Will Only Get Worse https://t.co/OaVCK2x7Xy #he…,728622760155557892
2,RT @greensjason: Great Barrier Reef: tourism operators urge Australian government to tackle climate change https://t.co/NoFEkFOEJb,728707836360826880
1,https://t.co/KXSRFpLmC5 Whale poo could be the answer to reversing climate change #OpWhales https://t.co/wHFZ0h8xc6,728709189388771328
1,"RT @RiceSocSci: Fracturing is an unsung hero in fighting climate change, study by Economist @Ken_Medlock mentioned. https://t.co/tXzCqExOOY",728712724289445888
1,"Dear naysayers: Climate change already directly affects 92,000 lives. #miccheckdaily https://t.co/70HEDKyccT via @MicNews",728720307117273088
1,"RT @TheJasonPugh: I$q$m tired of people, mostly conservatives, saying $q$Now is not the time$q$ to talk about climate change. If not now, when? #…",728753893153357824
0,@mdsmelser Putin is a conservative. Like it or not. He &amp; Trump = identical view on $q$climate change$q$ @bigdaddysdaddy @conservativa515,728768718054916096
1,How To Convince Someone To Care About Climate Change: How do you persuade someone to take action… https://t.co/w0YmHFplEl | @HuffingtonPost,728780682458062848
-1,"RT @HunterHRC2016: Once again Soviet Agent Sanders smears Obama w/his Sirota, Greenwald, Uygur, West, Snowden, King scripted Rhetoric  http…",728809940303773696
1,"@BurnCalories101 Climate Change Is Messing with Our Meals
https://t.co/KdOilVyAGM via huffingtonpost https://t.co/TpDqa2qmaM",728910041693229056
-1,RT @mattstat: Government coercion?  https://t.co/M64GvaYE2A,728971302514626560
0,follow  frederick_x5 Is this what climate change looks like?:   follow  frederick_x5,728977744349020163
1,@tsheringtobgay I saw your speech on global warming organised by Ted on you tube. It was amazing. Indians always respect Bhutan 1/2,729015320627699713
2,UN Chief Believes The World’s ‘Crises Could Be Solved’ By Fighting Global Warming : https://t.co/uG1MhMGAHq https://t.co/gbFd2XVRBU,729106227150495744
2,"RT @rabbleca: Gerry Caplan: Climate change, not terrorism, is the world$q$s biggest threat #cdnpoli https://t.co/lnp5in5EfV https://t.co/C6Cp…",729160193255219200
0,"RT @GauravPandhi: Savarkar didn$q$t kill Gandhi
Nehru was not the first PM

Like,

Modi is a post-graduate
Global warming doesn$q$t exist https…",729224740536262656
1,RT @NextGenClimate: .@realDonaldTrump may want to reconsider his position on climate change. https://t.co/RaUhS4o4XL,729231535916892161
0,RT @COP21: Patricia Espinosa (@PEspinosaC): Who is the @UN’s incoming #climate change chief? https://t.co/DNBRo0MEM0 via @ClimateHome,729303372252229632
1,"Climate change impacts fokd security as crop yields decl ne due to changes in temp, rainfall &amp; increased climate variability.",729319309143625728
0,RT @murpharoo: Can the prime minister really believe his own nonsense on climate change? https://t.co/G9WUWKwq9E,729464259936063488
2,RT @beneltham: Fort McMurray and the Fires of Climate Change https://t.co/palMSKySgD via @ElizKolbert,729490581982879746
1,"Hot weekend? To the coast tonight, talk on how social change can combat climate change: 7.30pm Phoenix Centre, Lewes https://t.co/TTQijqHw4j",729635091534757889
2,"Due to climate change, the first capital city on the planet may soon be abandoned. https://t.co/lSG3JVJN9m https://t.co/EUGWtoJbgO",729670103977975808
2,RT @ablorg: Tackling Climate Change With Artificial Ecosystems: https://t.co/tqMuAQH2jM,729707602372902912
-1,"RT @SteveSGoddard: Fires in western Canada during 1950 burned 5 million acres. It must have been climate change
https://t.co/RgODhjibPX htt…",729719405572141058
1,RT @AsapSCIENCE: Sending our love to fellow Canadians who have been displaced or affected by the wildfires in Fort McMurray. Climate change…,729737784848580608
1,"As Trump announces he$q$s a climate change denier, 5 islands go under. To hide from the stupid, perhaps? https://t.co/3tEUAPzKtU",729776526384766976
0,"MOAR @Astronautalis freestyling about Pythagoras, wolfs, global warming &amp; otters PLZ PLZ PLZ https://t.co/WwVo7gPtQh  #ShutUpAndTakeMyMoney",729790391612903424
-1,You mean some biased scientists getting big $$$ to slant false data to come up with ridiculous headline #News4Idiots https://t.co/OOFs3pGbFK,729809639890550784
0,"RT @paul_lander: Because of Climate Change, Five Pacific Islands Have Vanished
Or, it$q$s just David Copperfield fucking around",729813804440293376
2,Curriculum offers teachers a new tool for teaching about climate change https://t.co/vnUnEi0QLc via @thedayct,729832085117087746
2,Breaking: Facing up to climate change - New Zealand Herald https://t.co/0BKATB0cvD,729935385631985664
1,"@katydid_alot @AtheistRepublic More important is US relig socio-political movement agnst women,LGBT, evolution, climate change,etc.Angers me",729979893648232448
1,"RT @AlbinoHorse: @deep_beige $q$Like the flat-earthers or the climate change deniers...$q$ yes, this is comparable to annoyance w/bright distra…",730047594269810688
1,RT @MercianRockyRex: Rocky Rex$q$s Science Stuff: Climate Change - Rising sea level https://t.co/HglqWT1aE5 #oceans #glaciers #geography,730051643220365314
0,@ubeaccountable2 While blaming you and me for global warming,730059085966516226
0,MIT talk: “Is Islamophobia Accelerating Global Warming? via Pamela Geller - MIT — one of the ... https://t.co/DswD19v5ZC,730074198853353472
1,One of the Most Convincing Climate Change Visualizations We$q$ve Ever Seen - https://t.co/WSZiMQZQ44.,730075213501587456
0,"I love science but when you speak it people are like $q$wut were, in the universe right now?$q$ So like what$q$s a global warming and wildfire?",730082927250378752
1,RT @SpryGuy: One of the Most Convincing Climate Change Visualizations We$q$ve Ever Seen: https://t.co/tR5GZrC298 #AGW (You can$q$t deny it$q$s ha…,730085966749286401
1,Global warming milestone about to be passed and there$q$s no going back https://t.co/XxMckZiocd,730100305984004096
0,"RT @TheGirICode: me: Leo come over
Leo: i can$q$t im busy
me: my friend said global warming isn$q$t real
Leo: https://t.co/hUGU9u7eRC",730195597509177344
0,RT @SheeeRatchet: me: Leo come over Leo: i can$q$t im busy me: my friend said global warming isn$q$t real Leo: https://t.co/hbETFaEETT,730212488692826116
0,Making America starts w cleaning up this mess of global warming no more eating science projects,730236843388608512
-1,"RT @AIIAmericanGirI: Latest Reports Show... There is NO Global Warming - @theEagleiRising
https://t.co/l1CxgoRU50",730254416729661441
2,Proposed Property Tax To Fight Climate Change Criticized As Unfair https://t.co/xYXSN51ikm #News #Popular,730318487751634944
1,"RT @AstroKatie: Advantages of slowing climate change vs leaving Earth:
*Nice magnetic field here
*Space is hard
*Need new energy source for…",730363241998757888
1,"RT @Kapilch88: St. Dr. @Gurmeetramrahim ji insan want to make world Clean &amp; Green, it$q$s #MSGmission to beat global warming @IndoSwissVistas…",730363964404736000
0,RT @AgricultreTpNws: Agriculture in the Age of Climate Change https://t.co/38iQSy1WYf via @RootCapital,730463450288271360
2,RT @LondonEconomic: This animated graphic shows the extent to which global warming is spiralling out of control https://t.co/JRLA2ZIct7 htt…,730499787158589440
1,"RT @NYTScience: This is what climate change looks like: almost 90,000 people fleeing for their lives https://t.co/MWBrzXJH3v",730510632190021633
-1,RT @BikersForTrump: Crazy Bernie @BernieSanders blames #ISIS on Global Warming! #RETWEET &amp; Join https://t.co/OprYFDJZ9F  2 #StopBernie http…,730511621202681857
1,"RT @algore: Troubling read on the increasing wildfires, like we are seeing in Alberta, &amp; the role global warming plays in them https://t.co…",730512191191818242
1,$q$If it$q$s snowing how do we have global warming?$q$ seriously you want to know why? Check the avg temp rates yearly &amp; you$q$ll see how we have it,730538815685693440
1,RT Arzillion Inc: Cutting methane #emissions important to climate change #environment #climatechange #startup  … https://t.co/bEtM563Irx,730552198208323584
1,"RT @drv4posgrowth: #Hillary has a plan from climate change to infrastructure fix, to helping people transfer from dirty jobs to great clean…",730577623001223168
0,RT @Bianca_Ackroyd: Climate change story on the @nytimes front page. I was reminded of SA$q$s Cape fires when reading this story #eNCAeco htt…,730623681114832896
-1,RT Barry Davies: HowShouldWeVote latimeralder FederalBritain mjs64 You mean the dodgy unproven man made climate ch… https://t.co/POGgO0yT3m,730688650296610816
2,"RT @pyrkalo: #Egypt West Delta EPC gets Climate Change Adaptation award @EBRD for new water cooling system saving water, energy https://t.c…",730693607057981440
0,RT @ArRuple: Seriously? Schools like this should be shut down! Rid the world of Islam and experience PEACE! #BANISLAM https://t.co/2iMMBFhH…,730697544045596676
1,RT @auspol_ajp: Climate Change – Animal Justice Party https://t.co/u53w5CGoh7,730749495009497088
-1,RT @flhuxtable: We now have statists seeking to prosecute $q$climate change deniers.$q$ This is an attempted giant step to totalitarianism: jai…,730772554772709376
1,"One of the Most Convincing Climate Change Visualizations We$q$ve Seen

https://t.co/gDyWTqGnSL #ClimateChange #dataviz https://t.co/qiwNwZ2iWl",730774998714068992
1,RT @Cowspiracy: Changing What We Eat to Stop Causing Climate Change https://t.co/lanpOenI62,730778830105759744
1,"RT @ilana_solomon1: Watch @NaomiAKlein live NOW on facebook talk about the intersection of trade and climate change! #TPP, #TTIP: https://t…",730803256444719105
-1,RT @TheFederalist1: New Great Lakes Study Blows The Climate Change Scam to BITS https://t.co/8an0555QXT,730812519443369984
1,"RT @MohamedNasheed: Destruction of the Japan Aid funded seawall in Maldives$q$ capital, Male$q$ will increase the island$q$s vulnerability to cli…",730825702522683392
0,I added a video to a @YouTube playlist https://t.co/hr5Slc40fp A Word on Climate Change from Marie Kuch-Stanovsky,730845712246788098
-1,THE MIDDLE OF THE NEVADA DESERT 50 MI. FROM DEATH VALLEY ALMOST JUNE &amp; SNOW PACKED MTN/ GLOBAL WARMING LIBERAL LIARS https://t.co/J7AQqk7qrW,730847952147763200
0,"RT @FerConfe: El #CambioClimatico aumentará la turbulencia, los vuelos transatlánticos será más largos y habrá más demoras.  https://t.co/X…",730852830488199168
0,In search of the Climate Change Monster https://t.co/xEltzlK1s0 #scicomm,730861272871239680
1,RT @AnjaKolibri: #Climate change increases frequency of #fires which may overwhelm earth$q$s most important #ecosystems | https://t.co/0RJZRb…,730882283675082752
1,RT @indiancountry: Climate Change Is the New Removal as the Ocean Makes a Land Grab https://t.co/IplWka2d5S https://t.co/k2VlhBDWQn,730921229423534080
1,RT @Earthjustice: Five Pacific islands lost to rising sea levels and erosion as climate change hits&gt;&gt;&gt; https://t.co/KDIhuX5YLF https://t.co…,730932633429889024
1,"Climate change i:pacts food security as crop yields decline due to changes in temp, rainfall &amp; increased climate;variability.",730995588980985856
1,Add your name if you support big steps forward in the fight to tackle climate change:  https://t.co/EBkCLjB8aS via @BarackObama,731066407782371328
1,climate change is directly related to global terrorism #FeelTheBern #NeverHillary #ORPrimary https://t.co/6SoXS32CqO,731084816469348352
1,"RT @davidsirota: Climate change, economic inequality, poverty -- and the major political issue is who can take a dump in which toilet https…",731085263204540418
-1,RT @WSCP2: Doh! Another Al Gore #EpicFail=&gt; Global Warming Tour Cut Off By--Wait for It-- Too Much Ice! https://t.co/eVU9WbHrAL #tcot #TeaP…,731167559958069252
1,RT @jiadarola: Journalists should feel free to use the term $q$climate change skeptic$q$ if they$q$d also use $q$gravity skeptic$q$ or $q$water is impo…,731192122435506178
2,RT @ThreeEsEmail: Climate Change Is Shrinking Earth’s Far-Flying Birds https://t.co/nZT6Na95Y8,731198111360663552
0,"Global warming from all the hot air in Washington, need to fix that.",731266974681038848
2,"Donald Trump taps climate change sceptic as energy adviser, pushes back on taxes: Donald Trump on Friday pick... https://t.co/Q6huNlQg9F",731274350448377856
0,"@megynkelly @krauthammer It$q$s the COPS fault, No it$q$s the guns fault, No wait,it$q$s global warming, Come on... It$q$s Bush$q$s fault.",731294817955667968
1,RT @socreativepics: Politicians discussing global warming. A sculpture in Berlin by Issac Cordal. Brilliant https://t.co/mh9iKjqZqf,731395744981241856
1,"Global warming won’t just change the weather—it could trigger massive earthquakes and volcanoes

https://t.co/w8a4NOUqrr",731470049735639040
0,@stephen_james this is how you know global warming is real,731470195517194241
1,my parents making fun of environmental issues and global warming well u not gonna be laughing in 2035 when we all dead,731512868722462724
1,RT @VAPolitical: He MUST be Stopped. Donald Trump taps climate change skeptic as key energy adviser https://t.co/zoldI6mFDL via @HuffPostPol,731588348091891713
0,RT @CharlesBMurphy: RT @AMZ0NE  A SciFi author explains why we won$q$t solve global warming.  ▶https://t.co/4eWFj1v2RN https://t.co/Pn8iPJ10z…,731607650350333952
1,RT Charles Johnson: GOP platform for 2016.Freakout over bathrooms.Investigate Planned Parenthood.Nominate racist l… https://t.co/HzpZhwRI0S,731651513349767168
1,"RT @CKHyppolite: That$q$s right @ninaturner. We don$q$t need incrementalism! Not with climate change, 2 million incarcerated, $1 trillion in st…",731652542917009408
1,"RT @CECHR_UoD: Natural forest regeneration helps mitigate global climate change
https://t.co/KYNamWZGX5 HT @drsuedaw https://t.co/MAmTKFOczJ",731674144618610689
1,"RT Silly Sardonic: Almost everything you know about climate change solutions is outdated, part 2 … https://t.co/mC0OZtSzKm",731677907878354944
1,$q$Anthropogenic rift in the evolution of the planet has altered humanity’s relation to the Earth$q$ https://t.co/Gm0dsWgxUo,731679257445863425
1,"RT @rynbtmn: SCIENTIST: Climate change is killing Earth
PEOPLE: Eh I guess 
SCIENTIST: Dogs hate hugs
PEOPLE: I DEMAND TO SEE YOUR PRIMARY…",731741512405532672
0,Global warming has turned the Eurovision stage into an arid wasteland. #Hun #sbsEurovision,731786288441872384
1,"RT @ALeighMP: While Malcolm Turnbull dithers on climate change, CO2 just passed 400ppm https://t.co/L8A5n9j7ta #auspol https://t.co/pVMy3oA…",731805559444242433
0,"Global Warming isn$q$t gonna wipe us out, these robots are. https://t.co/VX2eWTCBbv",731880911336308736
0,RT @RnfrstAlliance: Is climate change to blame for #wildfire increase in boreal #forest? https://t.co/uFEDLbP35T via @nytimes https://t.co/…,731910101196521472
0,"RT @citizensclimate: James Hansen talking about Warren Buffett, investors and #climate change on CCL$q$s national... https://t.co/XPxoXot6Xm",731949985567260672
1,RT @DakotaLaFrizz: $q$Global warming is a huge problem!!$q$ https://t.co/v89TpjyBx1,731955570417250305
1,"RT @PmPaulKeating: #auspol

The biggest push-factor for those seeking asylum is climate change and warfare. Not those queue jumping for a d…",732072829848428544
1,"Global warming worsens with record temps, widespread coral bleaching https://t.co/S2YuyF78gN #NLU",732221520693624833
2,House Committee Chairman and NOAA Administrator Spar on Climate Change Study https://t.co/BrY1fsftoQ #AIP_PRC,732258138469113856
1,RT @RFStew: Govt$q$s inaction on the Auckland housing crisis is precisely the same panic we$q$ll see due to their inaction on climate change. E…,732295190933700608
1,"RT @broomstick33: Liberal Party Donor, NSW Electricity CEO and Climate Change Denier makes a fool of himself https://t.co/50gHvrSt9g #auspol",732334545488351232
0,RT @JoanneBLY: Lesson: NEVER give Ontario Liberals another majority!! No matter how hard the public sector unions try to scare you! https:/…,732353922472513536
1,Why even the people who worry the most about climate change often take little action - Washington Post https://t.co/YMTrJiYeFg,732375601328226305
1,"RT @AmyTidd: Yes, and when the GOP accepts lies, our country suffers!  Look at the climate change debate.  https://t.co/oBgigMO5FU",732535953017974788
0,$q$Science to Policy Summit: Climate Change$q$ https://t.co/k6HYxnZQob @Eventbrite,732605850074767360
2,"RT @CECHR_UoD: Global warming will hit poorer countries hardest
https://t.co/ZkTRQAJ1Dj #climatechange https://t.co/unvONdGsWX",732619240788918273
0,RT @actionsforgood: Green Party Elizabeth May responds to criticism it$q$s too soon to talk climate change &amp; Fort McMurray fire #ymmfire http…,732672203091759104
1,"So causing global warming, trying to enslave all humans and or genocide isn$q$t bad. https://t.co/Drfc3fpY5j",732709687771189248
2,FIGHTING BACK  AGs ask judge to block climate change probe:  https://t.co/xplDDBQUV3,732781167770894336
2,RT @tveitdal: Climate change: Australia$q$s big banks urged to reject new loans for coal projects https://t.co/Clcq5UtEW9 https://t.co/wkZyfB…,732840375077986304
2,"Rising Sea Levels Threaten Bengal Tigers, Climate Change Experts Say https://t.co/8CpilfbJMH",732860835920388096
0,RT @selvaraghavan: மே மாதம். அக்னி நட்சத்திரம். இரு நாட்களாய் ஒரே மழை.கேட்டால் global warming. சரி. இனி பனி பெய்தல் மட்டும் மிச்சம்.,732867112939585537
1,"RT @kateausburn: When should we start worrying about global warming? $q$About 30 years ago,$q$ according to one #climate scientist. https://t.c…",732898271413178368
0,"RT @immunoJo: Great 3MT heat https://t.co/ZSMdigt1H8 Electronic noses, climate change, semi-conductors, graphene smart gels... talented bun…",732954371999334400
1,"Why the target for fighting climate change is all wrong: BERLIN (Project Syndicate) — Last December in Paris,... https://t.co/YXwED16RtN",732969733197176833
1,"Mary Ellen Harte: Climate Change This Week: Sobering Suicides, Battery Breakthrough, and More!:… https://t.co/AmX2JToAfI | @HuffingtonPost",732970046780100608
2,"Scientists, investors seek to identify financial risks of climate change  #environment",732978742008512512
2,"Climate change, runaway development worsen Houston floods: HOUSTON        (AP) -- With clay soil and tabletop... https://t.co/5oXGmmV3Jl",733038117083447296
2,Oil Industry Blows Smoke at CA’s Climate Change Policies https://t.co/y1xe1A5QuF via @StreetsblogSF,733060329509281793
-1,"@OpChemtrails Climate change, happens anyway. This, is Not That. https://t.co/OvGh3njfhY #OpChemtrails #Environment",733101616052731905
1,Have We Solved Climate Change Yet? https://t.co/FHwM2YVerH,733120802518794243
0,RT @StandWithUs: Abbas blames Israel for climate change...and for everything else. https://t.co/GGG1oCMLYo,733229218625130497
0,#FlatEarthScience https://t.co/xCzKmKM0yk Dr. Madhav Khandekar presents $q$The Global Warming-Extreme Weather Link: Media Hype or Climate Rea…,733258661246685184
-1,RT @JaredWyand: 🚨 BREAKING: #EgyptAir flight missing after being hijacked by climate change wearing a Muslim costume https://t.co/5XycJ2Q8Ax,733289579382341632
1,RT @cool_effect: You can$q$t fight climate change from your phone... or can you?   #CoolEffect #climatechange https://t.co/rSM62h7T7M,733321446164996096
-1,"$q$Our biggest national security threat is climate change, and Islam is a religion of peace$q$

Liberalism is a mental disorder",733336945875681280
2,RT @PeaceAction: Chomsky: Climate Change &amp; Nuclear Proliferation Pose the Worst Threat Ever Faced by Humans https://t.co/z3moThctHz https:/…,733343649451417601
1,DING DING DING https://t.co/M34CwzOS9d,733379997616865280
0,@ManiarRida @Theniasharma @YasminZahid76 @Aash_Nia @Karishmakumari @fatima_sharmin @Pukhton_Fk @Hannahnix12345 hotter than global warming😂😂,733390786864287744
1,"These climate warriors are taking action to combat climate change and preserve their futures.
 https://t.co/zsA3CZto9R",733507703864217601
1,"One Way The Media Confuses The Public About Climate Change #climate #media #journalism
https://t.co/3vn0RVoyVV https://t.co/b7jiJZh2l4",733519539040706560
2,"$q$Beyond Twitter, Donald Trump’s Views on Climate Change Are Unclear$q$ by ERICA GOODE via NYT https://t.co/gdBPFbSl3g https://t.co/HWQNHVXMeE",733586484029067264
2,RT @wmeac: $q$Climate change will impact respiratory health in Grand Rapids.$q$ https://t.co/cCOyCFF2a5,733648066838990849
2,"RT canadip: Researchers help Miami community plan for sea rise, climate change - https://t.co/W4SPuG2xYx  #GoogleA… https://t.co/DbpvSJMiou",733654590479011842
0,RT Alfredo Rodríguez: nubetonta $q$the sound of climate change$q$: https://t.co/zwdBHQzzx4  https://t.co/b4fTUN6IT3,733671757505269760
1,RT @JulieFoudy: What is downside 2 listening 2 nearly every reputable scientist out there? Why would u NOT? What if they are right? https:/…,733701738306342913
1,RT @UMCVideos: United Methodists Address Climate Change Concerns: https://t.co/mWcgn7TnOk via @YouTube,733744388220669952
-1,"RT @Suthen_boy: Target CEO Cornell Blames Climate Change, Not Tranny Policy for Problem shttp://bit.ly/1TkmQkl Board must be as stupid as t…",733835244151836672
-1,"been sniffing that omamie butt again, huh??? https://t.co/h17BgNdoVU",733846617514643456
2,RT @richardschrader: This Retired Military Leader Is Now Helping Prep The Business World For Climate Change https://t.co/RThXsvoAGA via @cl…,733869152964890624
-1,"RT @janimine: Every airport, hotel &amp; institute in the world is on edge worried about Islamic terrorism. Obama &amp; Liberals continue to sing C…",733995845675188225
2,"Target CEO Blames Climate Change, Not Bathroom Policy, for Hurting Sales https://t.co/OWEXFmtQPC via @BreitbartNews",734007114411085824
1,What the fuck did he just say? https://t.co/mxGqlPMypn,734024783382335488
1,RT @ksushma140: Wid INSPIRATION!! of #NatureLoverMSG all age ppl come forward to plant more trees to save earth from global warming https:/…,734048563160842240
0,@GStephanopoulos @BernieSanders @ThisWeekABC I don$q$t. I see her as the second greatest threat to humanity next to climate change.,734144529939456001
0,Miracles could happen obviously global warming is real because it hailed  https://t.co/X016m120Ft,734166023679545344
1,RT @AnjaKolibri: PUT it in the ground! How CA ranchers use #soil to tackle #climate change: https://t.co/YD8FNgTUJX @truthout https://t.co/…,734189605226844160
0,"Target blames sales drop on climate change but at the same time, Walmart$q$s sales are up. https://t.co/KISIi1Jfcq",734192861474914304
1,"RT @PmPaulKeating: #auspol
#ausvotes
Remember Abbott ripped up CSIRO, CCA, Carbon Tax, put in Direct Inaction, and Chaplains. God causes Cl…",734241546585837568
1,RT @RichardDiNatale: In Mildura today hearing how more severe heatwaves from global warming impacts production at Chalmers Vineyard. https:…,734301161134514177
2,Scientifically Engineered Coral Could Survive #CLIMATE Change Devastation https://t.co/0lg7mXuWlI,734341602857062400
0,"THESE PHOTOS SAVE GLOBAL WARMING AND THIRD WORLD PROBLEMS. WHY CAN$q$T EVERYONE SEE THAT?

#notcominghomewithoutone https://t.co/teASHUYk8j",734360910702084097
0,"I Was Born Cool❄, Global Warming Made Me Hot🔥🔥.
 😏 https://t.co/JkQ0SyUb0I",734400322580426758
2,"RT Zeús: Target CEO Blames Climate Change, Not Bathroom Policy, for Hurting Sales https://t.co/GZIo70dUCe https://t.co/UgtBF6XBEB",734461358897561600
2,RT @FoxNews: Portland public schools ban textbooks that cast doubt on climate change  https://t.co/wyuHgZeM78,734466206887858176
-1,No such thing but in the minds of the week who wish to be controlled by the elite  https://t.co/YDFmswLL5Z,734532004105080832
-1,RT @surfinwav: This is IPCC Bullshit propaganda and has no relationship to reality. There is NO Global Warming. Science proves it. https://…,734597098151219200
1,"&gt; Haunting Photos of What Global Warming Has Already Done 
https://t.co/vYoev7Qyr0",734622552178446337
2,RT @politico: Trump acknowledges climate change — at his golf course https://t.co/PJfSpoia4m | AP Photo https://t.co/XFkKMct4kl,734714900157747201
1,RT @rebleber: Trump believes in “global warming and its effects$q$ when it hits his golf courses https://t.co/Z0c7cy3dqN,734722390307917824
0,@MarlowNYC @thedailybeast Tbf coastal erosion around the UK is not really caused by global warming.,734732338127642624
1,Shocker: Donald Trump actually does believe in the threat of global warming,734740489094696960
1,#DonaldTrump is only interested in #ClimateChange if it turns out bad for his wallet. https://t.co/uSs8a0yxKN,734766366729895937
1,Global Warming Exists Only On a Small Slice of Beachfront Property in Ireland Owned By Donald Trump https://t.co/Yqy0WBn5vw,734862509111316480
1,RT @RealDonalDrumpf: GLOBAL WARMING IS A HOAX INVENTED BY THE CHINESE! OR I$q$M A COMPLETE FRAUD! READ THIS AND DECIDE! #TRUMP2016 https://t.…,734883920735391745
1,RT @USDA: Helping agriculture producers adapt to climate change from the ground down https://t.co/0IIL2wOCJW #USDAResults https://t.co/NBrh…,734915619779313666
0,@rmiriam the Crosby ones are causing global warming,734938647800250368
1,Scientists must challenge poor media reporting on climate change https://t.co/Yt9FpEZ4u8 via @ConversationUK,734943358360096768
2,Five Solomon Islands Disappear Into the Pacific Ocean as a Result of Climate Change - ABC News https://t.co/JGlOFrDyfk,734944103838814209
0,Why has climate change disappeared from the Australian election radar? https://t.co/weguJ1EEdp,734956861879922689
2,RT @edmontonjournal: Alberta legislature braces for government$q$s controversial climate change bill https://t.co/BUumaifP2H https://t.co/j1i…,734959298783129600
0,@tan123 But I keep on hearing about Catastrophic Global Warming. So the weather is getting colder but the climate is getting warmer....,735062874419126272
1,"RT @SolheimDAC: El Nino in focus at World Humanitarin Summit.
Reminds us that climate change is here and now - response is urgent! https://…",735097487594262528
1,RT @seagertp: @sspierre23 What timing! https://t.co/jpca037R7f,735101169450635265
2,Exxon shareholders will vote 5/25 on a climate change resolution to respond to risks &amp; regulations:https://t.co/2uIv8azeMg @ckrausss @jswatz,735135150883753985
2,"RT @AfDB_Group: $q$We need to take a multi-pronged approach to dealing with our energy and climate change issues$q$ - Rep, Mozambican presidenc…",735155708006633472
2,[Naijadailyfeed] African Leaders Put Development Ahead Of Climate Change: African leaders at the African Deve... https://t.co/dSrmhKj15o,735165388321759233
1,"RT @IBTimes: Tune into Facebook at 2pm ET with @JonesRoly &amp; @odavis_ discussing Exxon, Chevron, &amp; addressing climate change. https://t.co/e…",735171131699781632
0,RT @TheLastWord: What does @realDonaldTrump really think about climate change? https://t.co/DYHJccRtdH #Decision2016 #lastword https://t.co…,735177575442620416
2,RT @ClimateNexus: Exxon and Chevron face shareholder test on #climate change https://t.co/G2R3qQ1I9t via @HoustonChron,735187356181925889
0,#ItsOfficiallySummerWhen It$q$s hotter than global warming.,735203602520641536
-1,"@CiaranTheSloth: Valid, but if human activity was causing climate change, things would be getting worse over 10yrs, not remaining static.",735208188912504833
1,RT @garyhgoodridge: Sad - Climate change shows how polar bears are being affected by climate change #climatechange #Animalrights https://t.…,735209477532614656
0,"RT @DavidPapp: [CNET] Climate change flick $q$An Inconvenient Truth$q$ turns 10, get it for free - CNET https://t.co/EwLQJtH164",735223879468093440
1,RT @mwt2008: .@BBCNewsnight How can anyone trust fossil fuel industry after they deceived the public on climate change 4 decades https://t.…,735227078031859714
2,"Big majority of Australians say @TurnbullMalcolm is doing little or nothing about climate change. #ausvotes #auspol
https://t.co/mTv9SxO8gr",735244110416609281
1,Global warming has devastating affects help us one tree at a time! :),735252743863078912
2,Cattle drugs &amp;#039;could fuel climate change&amp;#039; https://t.co/8j3ucv4cti #ShoutNews,735298257476194304
1,RT @MatayoR: African countries must work together to address issues of energy and climate change: roundtable #AfDBAM2016 https://t.co/wru0Q…,735344486788780032
0,@nay_oh_mii  https://t.co/gxXj9mWps8,735354130110242816
2,RT  ExxonMobil Faces Showdown with Shareholders over Climate Change - Scientific American,735475117321379841
0,Game of Thrones$q$ newest episode explains how the show is secretly about climate change https://t.co/lqTNs1ZGet via @voxdotcom,735501454279094272
-1,"RT @Gdestefano95: She$q$s almost at the end of Obama$q$s choke-chain! A certain bombastic, climate change blowhard is in the bullpen. https://t…",735517841613557760
-1,"Global warming is not a man made event, its a Geological event, all those Volcanoes are blowing left and right. https://t.co/z2pJXYf7L1",735519665775116288
1,"RT @AndrewLiptak: Over at @OmniReboot, I$q$ve written about SF$q$s need to address climate change, and to look beyond planet Earth: https://t.c…",735519836093177856
0,RT @DamienShort: #Fracking:Malfeasance in public office? Ministers $q$sitting on$q$ climate change report B4 #KirbyMisperton decision https://t…,735573180073574400
0,Climate Change Activists Either Prod Exxon Mobil or Sell It https://t.co/nwHs84PsVk,735573731112824832
-1,RT @NotCMBurns: Man-made global warming?  Try coldest month in a hundred years: https://t.co/Xyp06fJgCA #climate,735592228823924737
2,RT @Gizmodo: Exxon$q$s shareholders just voted to ignore climate change https://t.co/hJFCaegSSo https://t.co/1Tk71bqKKq,735616280888238081
0,How in the world do people around the world perceive climate change? We have answers: https://t.co/pUHOw8x5gP https://t.co/9lXVU2gUSz,735664256805273600
1,I think all these jokes about animals being killed for food will become more &amp; more distasteful as climate change gets more &amp; more serious,735668445614772224
0,@NateDrown @BillNye I sent him my essay on sea level rise/ climate change for a class assignment and it would be awesome to get feedback,735676153348775939
2,RT @ConservationOrg: Climate change puts the squeeze on wine production: https://t.co/i32QEU8j2j. #NationalWineDay https://t.co/t1AgsKrZHv,735701912587112448
1,RT @heatherdietz: Can a carpet company actually  reverse the effects of climate change?  We believe we can.  #CDW2016 @InterfaceInc https:/…,735723583838638080
1,Sigh ...  https://t.co/iLDgZqfK6v,735763736347082752
1,@MarkRuffalo ur film speaks on the detriment of methane gas &amp; climate change in regards to fossil fuels. what about the livestock industry?,735788306173165569
-1,Hard Truth About The So Called Climate Change $q$Consensus$q$ | The Federalist Papers - https://t.co/eILe0xcNZK,735789630801379328
1,RT @setiarashmi: #MSGMentor4Life we should grow more and more trees to keep d environment clean so that the effect of global warming can re…,735791365330731008
0,@scottrlucas I think the pitching numbers in High Desert this year is proof of Global Warming,735794772183388160
0,Agree!!! Poverty &amp; Hunger - Climate Change - Health Care - Terrorism!!! https://t.co/Ug6kEMvwU6,735799053359808512
0,RT @njacob13: These pictures were taken only 2 years apart.The vegans are eating everything and causing climate change #stopvegans https://…,735836040544452608
0,Awwww babyyyy :( https://t.co/Acss38zbpF,735839020303982592
1,sciam: Global warming hits the African continent soonest and hardest https://t.co/ztrQKApkO1 … https://t.co/8lFKsuRPEY,735917374096998402
0,"RT @SteveScalise: This shouldn$q$t have to be said: spending $90k on foreign climate change videos is not a good use of taxpayer funds. 
http…",735925024096419840
1,This Oil Giant Proves #Exxon Could Do A Lot More About Climate Change https://t.co/JmofpAUYIw https://t.co/WmVdjwaJ11,735931979384954880
0,RT @staffo_sez: This is an amazing get from @MikeySlezak and compulsory reading. https://t.co/tg75bcR8Ow,735964152728952832
-1,"@Ciolt Look, dicksmoker, the global warming hoax is about stealing our money and freedoms. Wake up you sheep and check out the real science.",735970340350889984
0,Climate Change - a special report from the University of Miami #climate https://t.co/NaFmCW2wqB,735975073023168512
0,Conspiracy Theory with Jesse Ventura S01 E03   Global Warming https://t.co/k46qphJB3h via @YouTube,736092133455593472
1,@cardcounterswin Update on the Plan for Action on Climate Change https://t.co/Hpn7u9Ked9,736128517335830528
1,#GenomeBC Alberta and Ontario Work Together to Fight Climate Change. Read Blog: https://t.co/DnkS3FRqhc,736151719374000129
1,RT @nytopinion: Trump is leading the only major political party in the advanced world to deny climate change https://t.co/J9OHXhrcHB https:…,736184884625059840
2,RT @tveitdal: Australia scrubbed from UN climate change report after government intervention https://t.co/oBiENgw8Jd https://t.co/90cRA5jKzc,736233306249912320
2,What the World Humanitarian Summit Means for Climate Change - Huffington Post https://t.co/Tp8f5WMe0F,736262089619083265
1,"Climate change is a reality, as is our mutual mistrust https://t.co/iDIc0gHCcz",736262770149199872
-1,RT @andrewklavan: Hillary just won$q$t stop trying to convince me to vote for Trump... https://t.co/7GJvmc2h7b,736315477975171072
1,Seattle’s congestion: We are not Amsterdam; build a livable city; climate change urgency; stay out of Seattle https://t.co/cwBxn1N95v,736330903455076352
1,The global warming effects are beginning people https://t.co/mwGMIfppLb,736334230809018368
0,#BarackObamaApologyTour he apologizes for Henry Ford for popularizing the automobile and create climate change. https://t.co/d4SE3O91fK,736373707325767680
1,Youth act now! Change climate change! https://t.co/ip0dY4aqlf,736424455606394880
1,RT @granlund_aarne: Climate change could make Russia vulnerable - Rare reads on RUS + #climatechange via @Russia_Direct - https://t.co/Qrjp…,736543380050706432
2,Short Answers to Hard Questions About Climate Change - The New York Times https://t.co/WTJwP2j5IU,736556938347958272
-1,RT @NoLibsZone: Counting down the days until this thug is gone and @realDonaldTrump starts to clean up his mess.  Good riddance. https://t.…,736584185717002241
1,These World Heritage sites are being threatened by climate change https://t.co/J1PjFezn4y https://t.co/OLlJoK4htP,736590870619795456
1,RT @DrGurdeepParhar: Climate change cannot improve without tackling agriculture emissions #pollution #climatechange https://t.co/sUN4rPR7jR,736591478118617090
0,現代社會一直不斷的發展 但卻忽略了環境的影響 而且也預估未來的自然災害影響會更加嚴重 因此我們必須做好一些基礎建設 來面對災害所帶來的成本和影響 #niuesd #b0414025  https://t.co/gCyFnR8Ce7,736603898778001408
1,#It$q$s a big disasters for the people$q$s lives there. Global Warming is the main factor for that. May god save the life of villagers.,736619419955257345
2,"RT @ClimateRetweet: RT climatehawk1: Scientists puzzled by slowing of Atlantic $q$conveyor belt,$q$ warn of abrupt #climate change … https://t.…",736705602961952768
-1,"RT @daveweigel: Petersen: $q$Whether or not global warming is real not, it’s not the government’s business to fight it.$q$",736721670027759616
2,RT @lenoretaylor: Australia covered up UN climate change fears for Tasmania forests and Kakadu https://t.co/ERB4MDF5pt,736878769483317249
0,@Mlandeli_Ndlela @nigelchanakirahopeho hope gospel of prosperity prophet will not prophesy nonsense we know its only due to global warming,736880114659647488
2,#Australia covered up #UN #climate change fears for Tasmania forests and Kakadu https://t.co/HbbgmgQVPg,736885512221253632
1,@ChrisCuomo So you will promote HRC email story but not hold DT accountable for drought/climate change remarks? Biased much?,736922732659511297
2,"Lake Victoria Waters Rise As Climate Change Hits: [East African] Encroachment on wetlands, des... https://t.co/lzmqBoPR4X #africa #kenya",737001652008292352
2,"Scientists puzzled by slowing of Atlantic conveyor, warn of abrupt climate change https://t.co/0ma3PRFqJ1",737001780647763971
-1,Climate change is an industry not a serious scientific endeavour - a good example of herd instinct if ever I saw one https://t.co/sGiHauqtCK,737013294423248897
1,"Climate change visualized  
https://t.co/T72pgy3LUC https://t.co/NUlAMpnD3c",737025950551035904
1,"Climate change, a factor in Texas floods, largely ignored https://t.co/0bYr1dkDSq",737057003357380608
1,RT @Libertea2012: Here’s how harmful gas from fracking can contribute to climate change https://t.co/hFPnVN2TW4 #NotMeUs https://t.co/7oduZ…,737065667225092096
2,Activist Naomi Klein links Fort McMurray wildfire to climate change at University of Calgary speech - Calgary Sun https://t.co/zyF5AvFcxr,737098135693070336
0,Génie https://t.co/3ISrxNFTMO,737169281394311168
0,"RT @cherokeemojo: #CAPrimary #MTPrimary #SDPrimary #NMPrimary #PuertoRicoPrimary 
https://t.co/7wtvIohIah
https://t.co/Vk4E4LFWm9 https://t…",737172065648676865
0,"RT @mvmeet: Presstitutes spins same news with agenda

$q$China meat restrictions for climate change
&amp;
In India, it$q$s ugly HINDUS$q$ https://t.c…",737202562148016128
0,"angrybirds movie, fruit ninja movie, warcraft, Tetris trilogy, 7 power rangers movies, Trump, climate change. coincidence? life imitates art",737320355900100609
-1,RT @JunkScience: $q$Fighting$q$ climate change absurd. Economic development &amp; political freedom is what helps humanity. Fight for those. https:…,737418106411352064
1,RT @p_hannam: .@smh editorial: $q$Great Barrier Reef could elevate climate change to a vote-changing issue$q$: https://t.co/P64ZvL7bz3 https://…,737473273642897410
0,#:「🗿の危機」； https://t.co/M2gvE5Izrb,737477569373560832
1,Climate Change Update: More than a third of the coral is dead in parts of the Great Barrier Reef https://t.co/czpvT3savF via @HuffPostGreen,737624493858926592
1,"Bill Nye: Don$q$t Just Take Action to Stop Climate Change — Talk about It, Too https://t.co/EfVBRnJI1g",737639166486417408
1,QUIZ: How could climate change destroy World Heritage Sites? https://t.co/F4rebYbs5L #ClimateChange,737643938434191360
-1,"RT @Paul1958John: Obama Steals Zika Funds, Re-appropriates them for Global Warming Inititatives - Truth And Action - https://t.co/9zQ3Kaffz…",737650154606465024
1,"RT @veejaybee26: Desperate times call 4 desperate measures 
#FrackingQueen
#FossilFuelDonations 
#Keystone
#etc2016 https://t.co/par3jDH5xc",737658773783728129
1,RT @Gizmodo: This may be the last place on Earth to feel global warming: https://t.co/PkuNU5giLM https://t.co/XyC0OXOWlQ,737659834959548417
2,RT @ajplus: Australia was left out of a new Unesco climate change report after its government said it can harm tourism 😵. https://t.co/1RZb…,737667656405245954
1,Anyone else find it sadly ironic that many Texans deny climate change for $q$religious reasons$q$ &amp; now facing flooding of Biblical proportions?,737677428886228992
1,RT @ChrisJZullo: Denying climate change is sin against humanity. We$q$re irreversibly disrupting carbon cycle #ImWithHer #FeelTheBern #MakeAm…,737709198847270912
0,"A proposed climate change ordinance #inbend has been a hot topic, see how the Bend #EcDev Advisory Board weighed in: https://t.co/Sg379GDoMG",737727350905802752
1,RT @guardianeco: Want to help fight climate change? Start with reproductive rights https://t.co/zI0iEA6mS9,737729524901814272
0,UK is ?Average? on Climate Change and Clean Energy - Blue &amp;amp; Green Tomorrow #climate https://t.co/QWMyvxhZPp,737734713016778756
1,Want to help fight climate change? Start with reproductive rights https://t.co/noPcvZxpR5,737770365838069760
1,Tourism + Climate Change = Famous Thai Islands Closed - all pressures on our environment - https://t.co/iNOfhH3CLr via @triplepundit,737799878542139392
1,RT @ClimateChangRR: Tourism + Climate Change = Famous Thai Islands Closed https://t.co/k9dCr4S8cG https://t.co/iFRZjCBVZf,737831033874288640
1,RT @ProfTerryHughes: Editorial: #GreatBarrierReef bleaching and global warming has become an election issue https://t.co/cBBp3rv3f4,737947087468269568
0,John Stossel - Global Warming Superstars https://t.co/9zyrjrZ5IK via @YouTube,737959076420812800
-1,"RT Lorrie Goldstein: Gee, Al Gore got something else wrong. Shocking: Gulf Stream weakened due to natural variabil… https://t.co/qD2axoCo0m",737965170866130945
1,We cannot afford to forget about #climatechange during #ausvotes We must understand the risks we all face. https://t.co/nN094adxYO,738016877989896192
0,GLOBAL WARMING ON MARS.... https://t.co/85m00BuM0Z,738031806184849408
1,"While climate change has been recognized as an urgent, global issue, the relevance of increasing the visibility... https://t.co/2Gf3kYFxS2",738032579115405312
1,"Climate change is getting worst n we r not bothered.killing ourselves silently. 11 killed 45 injured :( 
#Islamabad",738071614185578496
2,"Spike in Alaska wildfires is worsening global warming, US says https://t.co/2xYnAXqsVy",738088861817933824
2,"RT @guardian: Spike in Alaska wildfires is worsening global warming, US says https://t.co/egiboxJ3xE",738103128197857280
1,"PG&amp;E to Award $1 Million in Community Grants to Support Climate Change Resilience Planning: “At PG&amp;E, our foc... https://t.co/Vna1S38iA0",738117339686658052
1,The ASEAN Regional Forum Workshop on Climate Change Adaptation and Disaster Management https://t.co/pHQe6l9VkI https://t.co/EOf95d6DUF,738198060484808704
1,"RT @NonToxicRev: May #nontoxic news! China Takes Climate Change Seriously, NY Gets Plastic Bag Fee, &amp; More! https://t.co/DbSKtjzL2k https:/…",738216564978274308
1,RT @NoelEdmonds: Climate change interest you? Check out Prof James Lovelock at https://t.co/Nm7qouKoUa,738283084144123905
0,RT @opticalrefine: Guy who wanted a car race and whose admin wants more parking and less bike infra to talk about $q$climate change$q$ https://…,738343910393712641
-1,Delusional Obama: Global Warming Could Lead to Severe Hurricane Season | Truth Revolt https://t.co/udup7m2zp2,738412652284743681
0,"@DaLeftHook @HolocaustMuseum I am talking about camps in North Africa, not climate change",738441881248485376
0,(150+ innovation metrics at https://t.co/FDM0hFLK0C ) #technology https://t.co/eSgtjzQTKA,738463978616201218
2,RT @thinkprogress: Scientists have confirmed the scientific consensus on climate change https://t.co/ly7DIyHH0j https://t.co/I7Z0OsovPg,738593501680521217
1,Bernie: Never give up! God bless you! Wait for the Lord; be strong and take heart and wait for the Lord. Psalm 27:14 https://t.co/BNmI5EmQAH,738628307042766848
2,RT @ChristopherNFox: New documentary: ‘Time to Choose’ Extols Renewable Energy to Combat Global Warming https://t.co/zBL9PCnMmF via @nytime…,738676624820973568
-1,"RT @Cameron_Gray: So I can self-identify as a 65-yo black woman, but I can$q$t self-identify as a climate change skeptic

#RIPCalifornia http…",738706951773769729
0,He was discussing climate change policy yesterday &amp; reporter asked abt Trump 😒 https://t.co/0F35bSzY52,738785622933049344
1,RT @wildernews: Lives are lost to #climate change every day. Evidence that #LNGinBC will replace Chinese coal? *crickets* #bcpoli https://t…,738808792226222080
-1,RT @TheLibRepublic: 16 Scientists Blow the Whistle On Global Warming Alarmism Industry https://t.co/YPmvMwJlHh #tcot #climatechange #libert…,738820220366823425
0,This bloody global warming it$q$s like winter in my house #globalwarming,738856834476462080
-1,RT @Heritage: Congress refused to fund the U.N. Climate Change Fund—so @POTUS raided $500M from a fund designated for #Zika https://t.co/Ew…,738865293980663808
1,"$q$We$q$ve gotta deal with climate change, gotta deal with healthcare...$q$ @BernieSanders #CAforBernie #UnidosConBernie https://t.co/X1bSJKm8h4",738870148849754112
0,RT GlobalClimateTreaty: Climate Change Film Tells Us “How to Let Go of the World” - YES! Magazine … https://t.co/R2D0qnHB1y,738886636835082241
1,RT @UCSUSA: Climate change &amp; rising seas = a struggle for Venice: https://t.co/UngzeZKe6O #LandmarksatRisk https://t.co/Fe08xVttjC,739007575220359168
1,"Climate change biggest problem facing world says @mikebloomberg, lead TaskForce ClimateRelated Financial Disclosures https://t.co/9USOwH4Wqb",739011974038687744
2,"BSLN Obama to discuss defence ties, climate change with Modi: White House: Prime Minister Modi is scheduled t... https://t.co/wfO1bkuTsw",739013607652888577
1,RT @motherboard: Climate change is going to destroy some major cultural and historical sites https://t.co/aXGjVo6aWa https://t.co/75Sng53sKY,739063391000481792
-1,WHO WOULD WANT TO LIVE HERE? Fascist CA Seeks to Outlaw Global Warming Skeptics... and Their Guns https://t.co/M3kQb2tF2T via @DCClothesline,739087850730344448
2,Climate Change! Turnbull government promises new $5 milllion fund for threatened species https://t.co/NnakTGrXmK,739194856463966209
-1,"Nature finally “finds” cause of  pause, will last centuries, tosses “global warming” out« JoNova https://t.co/RMJIeQba4C via @JoanneNova",739212553163673600
1,"RT @LouiseCHall: .@UNSWEngineering says due to climate change, flash flooding from such large storms are the new normal #sydneystorm @smh",739344357774397440
1,RT @COP21_News: #Climatechange: Climate Change: The Great Challenge - The Market Mogul #COP21 https://t.co/otmzynfBv6,739470522635984896
1,RT @jaspreetinsan1: #MSGsaysProtectNature. Thanks Papa ji love you ..sewa simran Karen ki himat dena ji https://t.co/WBxWsxdwdB,739524101056925696
1,RT @sweeti_kundu: @Gurmeetramrahim Superbbb work for saving the planet from global warming !!!#MSGsaysProtectNature,739661659170430976
0,"RT @Chirpinagin: @boonepickens

Allah is letting Muslims suffer the consequences of global warming? https://t.co/biheHdvjWy",739720466210770945
2,theguardian : Free-speech group slams Portland schools’ ban on books that question climate change: The... https://t.co/OrBgVlyFxY #PrkDR,739783600992702466
2,Free-speech group slams Portland schools’ ban on books that question climate change: The National Coalition A... https://t.co/JENDBjem61,739806723347755008
1,RT Ed Wiebe: “Climate change is here. And we’re seeing more fires and arguably more intense fires because of it.$q$h… https://t.co/uvAVIJ3RWZ,739884434309193728
1,"#ClimateChange #CC On the issues: Climate change, environmental policy divide candidates: Un... https://t.co/qG0EOS7l4H #UniteBlue #Tcot",739940047886094336
-1,RT @FinniganJim: @cathmckenna climate change has always been here. Only diff is now you want to tax/redistribute income #cdnpoli https://t.…,740014823631507457
0,"Environment on Flipboard | Climate Change, Ecology and Renewable Energy https://t.co/T1ijuzbhz2 #Physics",740018351641100288
1,Bernie Sanders Hammers Corporate Media For Ignoring Climate Change https://t.co/ycpvnETAlK via @YouTube,740019812076650496
1,"@coltharrison33 No UR saying f*** muslims,hispanics,POC,women,immigrants,gay marriage,climate change,foreign policy,US safety,human rights..",740024074877833216
2,RT @wattsupwiththat: Study: Worsening drought from climate change may be ‘considerably weaker and less extensive… https://t.co/9c757bmW66 h…,740029339262033921
1,"New insights into the role of clouds in Arctic climate change https://t.co/oRdLPRVpIO #GlobalWarming, #ClimateAction",740073971647938560
1,Solar Power Project Will B Boon To Next Generations &amp; will tackle the challenges of increasing global warming. #PunjabSolarRevolution,740128072293318656
1,@landarchitects @BSLAOffice need to position themselves to lead discussions on climate change #climatechange  https://t.co/XLKabIKfaW,740153145511272448
1,"RT @EmmMacfarlane: If you want a sense of the *genius* of LEAPers, Cheri DiNovo promises to aggressively address climate change by banning…",740192920347791360
2,"Modi on U.S. visit to discuss climate change, security https://t.co/EEmJypPY6f",740206273308688384
1,"Mary Ellen Harte: Climate Change This Week: Where Inaction Leads, Clean Jobs Boom, and More! https://t.co/0WQp95ULui",740240178967498752
1,Humans are killing corals with more than just climate change #cbc #tech https://t.co/xhOMGyp35E,740257828997304321
1,Humans are killing corals with more than just climate change https://t.co/17egqL3D76,740261489114808321
2,Ontario spends $8.3 billion on climate change https://t.co/oQjU7mot4j https://t.co/g0YsMKKoSn,740263334595821569
1,RT @l_s_t_a: Y$q$know the whole world that is being destroyed by climate change. That land.  https://t.co/9EUJY6vVdS,740297045089603584
1,"RT @CECHR_UoD: Regenerative Farming Initiative That Can Help Solve Global Warming
https://t.co/AZMGYVCIP7 #organic https://t.co/61fqqynhXM",740302326032830464
1,Climate change will affect farmers$q$ bottom line - https://t.co/OeqUhdY2lU https://t.co/VGoQFIWZsR,740313672585609218
1,What is one thing you are sure of? — Global warming. https://t.co/NRKpwEAlwI,740318778165170176
2,RT @ClimateRetweet: RT Petroleum Economist: Exxon is feeling the heat over climate change https://t.co/gVfo6QNcmI;  https://t.co/sFoxq7vbG3,740324839119069184
0,@GSawision so if I am reading you correctly; you believe in GHG rise and global warming but think it might be good for us somehow?,740341822447226883
2,#audi #RT #Follow Obama and India$q$s Modi promise deals on climate change and energy -… https://t.co/ZuvKAD7SN8 https://t.co/5CFR1idhJg,740343266139213824
1,RT Chris Eve: Humans are killing corals with more than just climate change https://t.co/D4G4rJbAi9 https://t.co/dLRFC1o3Ag,740351821286363136
2,#climatechange China says important glacier is melting due to climate change… https://t.co/5RzBZ0VrE9 via #hng https://t.co/82mF1UO16T,740396352270667776
0,RT @GovGoogles: what does changing climate have to do with climate change,740420330540388352
1,RT @RFStew: We are so far in the shit - just like climate change - that dramatic and fast change is necessary. Anything else is a sop to th…,740476810358456320
0,"Today$q$s edition:
*Australia scrubbed from UN climate change report after government intervention
*Sign the... https://t.co/1cPygFzsUu",740493544767393792
2,RT @WRIClimate: Jamshyd Godrej and @AndrewSteerWRI - Obama and Modi Must Work Together To Fight #Climate Change https://t.co/1rAF69imjI,740547990658650112
1,RT @MohamedNasheed: Climate change is threatening our oceans &amp; coral reefs. We must act. Our planet requires a low-carbon development strat…,740561614802288640
-1,RT @Damn_Lucky: This New Study Devastates Claims From Global Warming Alarmists https://t.co/MPtWTVHfuw @dailycaller #GlobalWarming #IsaHoax,740638281663184897
0,https://t.co/qDlgLfGtZA The Principle of Common Concern and Climate Change,740659565818044416
0,RT @SteveDeaceShow: Because he$q$s a progressive https://t.co/KrdrptzsMj,740670425953357824
1,Daphne Bramham: Facing up to the facts of climate change.. Related Articles: https://t.co/5RwZgtXGYm,740720600784719872
2,Wynne’s climate change strategy rewards big business while punishing average Ont https://t.co/ByaoKQMJG5,740742411136045058
1,RT @GreenBankNtwrk: Exciting news! Ontario’s new climate change action plan call for #GreenBank to catalyze #CleanEnergy @environmentont ht…,740787334745067522
0,"What really happened after global climate change deal in #Paris -
https://t.co/v8rX7Nt4lb https://t.co/fM7Q8F41gf",740872691838636032
1,You could potentially use it as a building material? CO2 turned into stone in Iceland in climate change breakthrough https://t.co/HsCsclopSw,740979132960493568
2,Google:CO2 turned into stone in Iceland in climate change breakthrough - The Guardian https://t.co/3oqCbjs3e5,740982811142787073
0,"RT @RyanMaue: Which Presidential administration saw the most global warming?  FDR or Reagan or Clinton, Bush, Obama?",741004520176504832
1,Check out these dance moves! And fight climate change! A new series of vids launches at @nowthisnews https://t.co/AfHBq5IBF3,741007021252718593
1,RT @TheGooglePics: Stop global warming https://t.co/laICrbeMcw,741035125597732864
2,"RT @ClimateHour: Combating climate change: India, US reaffirm their commitment to Paris deal https://t.co/cKfPnADxu2 #ClimateHour https://t…",741037631702765568
2,Scientists in Iceland turn CO2 into rock in climate change fight https://t.co/DqbUXtxDIZ,741104982477266945
2,#Headline: Climate change: Melbourne renewable energy project provides global blueprint https://t.co/LeTBFCv6sT #finance,741126011836878848
1,Daphne Bramham: Facing up to the facts of climate change https://t.co/Pp7BogRZgW,741143365224402945
1,How #farming and #forestry are helping combat climate change. https://t.co/XhbbVgOIkj @USDA https://t.co/VoYNvlGjUi,741288595273723904
1,"TIP: Since neither candidate for president will do dick about climate change, don$q$t buy beachfront property! https://t.co/MK3ljWVfc5",741344596794454016
2,"RT @adamvaughan_uk: Paris deluge made up to 90% more likely by climate change, scientists say https://t.co/l05OxhTAky",741360697930600448
1,The psychological cost of climate change: Like this article? rabble is reader-supported journalism.… https://t.co/jpYMTLM9F8 | @rabbleca,741389279692099584
0,RT @rtyourkink: stopping global warming,741416982856278016
0,@FabioORibeiro Global warming is fun.,741435384819679233
2,RT @TIME: Researchers turn CO2 into stone in climate change breakthrough https://t.co/JQIIXr6uTh,741461139700207616
1,RT @andynortondev: Excellent piece on financing loss and damage from climate change - insurance not a silver bullet https://t.co/Sz8R6ZywpG…,741632910130851840
2,Ontario fighting climate change the wrong way - The Globe and Mail https://t.co/fWUmDi4hL9 enhancing profits for hydro shareholders @CBCNews,741636547351597056
-1,After reading about Cali$q$s anti-First Amendment bill (to persecute global warming skeptics) that state is swirling down the commode-hole.,741672103670382592
1,RT Global Warming: Globalization made economic production more vulnerable to climate change - Science Daily … https://t.co/oAwFRA1u53,741768250665631744
-1,"RT @Just4funsa: I propose, due to all of this so called global warming, that we allow people to wear less clothing.  Like all the time...",741829469338537986
0,Green - Y Climate Change Seminar https://t.co/rIIesVyVoU,741980129283473408
1,Went to church this morning and my pastor preached on climate change. She$q$s such a badass 😍,742024358252675072
1,Seaweed might be key in the fight against climate change: https://t.co/Jy9zCfvfdc https://t.co/Weh7hFRAx1,742029204464631808
0,Comms: *** After New Zealand - A Climate Change Update *** A VIDEO from #IET Volunteers https://t.co/81LsJ2pFgD 672555234.,742039074849062913
0,@SethShruti climate change holds that record by a huge margin,742078459875205120
0,Can we please have people who know about climate change talk about it instead of Steve? #TheProjectTV,742284065022189568
2,RT @climatehawk1: New report outlines #climate change challenges on Canada$q$s Arctic coast: @CBCNews https://t.co/E0rXOK4UYs #globalwarming,742365334284423168
1,"RT @M2harding: #ANSmeeting wind &amp; solar has made great strides, but still can$q$t get us there. We need nuclear for climate change.",742451267184779264
2,What Climate Change Means for San Diego$q$s Water - News Deeply https://t.co/OP4p80ZbJk,742515365029236736
2,Google:Scotland meets climate change targets for first time - BBC News https://t.co/1ambh5iHAD,742656862097707009
1,RT @richardbranson: On the frontline of climate change - the Great Barrier Reef https://t.co/sZZQs76kWy #WorldOceanDay https://t.co/WmmNMw8…,742661345519251456
2,Biggest US coal company funded dozens of groups questioning climate change https://t.co/EUSx9Sstbj https://t.co/p0vCPGM9An,742678413811580928
1,RT @CleanAirMoms_FL: 10 things you need to know about #climate change and #foodsecurity: https://t.co/rr14NwZvy4 via @CleanAirMoms #Schools…,742712965225451520
2,@PopSci: Climate change may bring this tin unsung oyster back to plates https://t.co/kHstOSocaQ … https://t.co/OYNJU3P3sM,742729104106106880
1,RT @ejgertz: Terrible: @mikeyslezak on Australia $q$quietly$q$ reporting 1st mammal extinction due to climate change https://t.co/cYXUBOa4SI vi…,742747173780131840
1,"Big Coal Funded This Prominent Climate Change Denier, Docs Reveal https://t.co/ShTvjCIlID",742848892354564102
0,RT @sunlorrie: Because it$q$s 2016: Climate Change Minister Glen Murray blocks Tory MPP on Twitter.  https://t.co/3OK2pzMHHY #onpoli,742865136738836480
2,Barrier Reef rodent is first mammal declared extinct due to climate change https://t.co/6mUWIyy5fU,742887075414970368
1,"Animals, desertification, topsoil creation - reversing climate change @AllanRSavory @JoelSalatin https://t.co/MBq8EJ8rvw",742897402206638080
1,Please consider younger Cdns and climate change/ energy transition Risk to savings @OSFICanada @cppib https://t.co/B226bjOI7q,742987194051219456
2,"RT Carbon Tracker: Banks are betting on climate change, and against the #ParisAgreement https://t.co/zxXqZxSvbA  https://t.co/P6d6yhSjDU",743044952880472064
2,"RT @EllyVintiadis: Australian Rodent Is First Mammal Made Extinct by Human-Driven Climate Change, Scientists Say
https://t.co/oHhS3ARgNL",743066373362987008
1,RT @_JeanLebel: Climate Change &amp; Development @mclaudebibeau @CanadaDev @AmericasForum #ConfMTL @IDRC_CRDI is fully with you! https://t.co/1…,743076725941116928
1,"RT @nathancullen: As we move towards new climate plan, Liberals should look to Jack Layton$q$s Climate Change Accountability Act https://t.co…",743105657226698753
2,Ontario Releases Climate Change Action Plan - Mondaq News Alerts (registration): Cantech LetterOntario Releas... https://t.co/Txdlh3bzrF,743113536432283649
2,RT @sciam: Climate change has claimed its first confirmed mammal extinction https://t.co/6BFIbK1WSv BY @johnrplatt https://t.co/rVmdLoOfgT,743117967014154241
2,From AM800 News -  Leading Auto Analyst Trashes Climate Change Policy https://t.co/YLK7XgeheS #rcp #windsor https://t.co/Gie44fuZJw,743147110749507584
1,Meet the first animal to go extinct from human-induced climate change https://t.co/vKHPUndJYo,743148293564207104
1,RT @UNGeneva: See how @unwomenafrica supports the resilience of women facing climate change in #Mali: https://t.co/o295X8mQWv https://t.co/…,743158514676174848
0,"@Global warming, is getting here",743170861809602560
2,Gov. Jerry Brown wants to extend Californias #CLIMATE change law beyond 2020 https://t.co/JrytSW1O0P,743204976000892929
0,"RT @jstcwarrior: But last time I checked Iggy Azalea is still breathing bitch, wym?  https://t.co/EPdl8zISLk",743209102122323973
0,#BioFuels https://t.co/CGnUdlsLee The Heartland Institute$q$s Third International Conference on Climate Change (ICCC-3) took place in June 20…,743263352785338369
1,RT @climateone: Getting Baked: Can Legalizing Marijuana Help Fight Climate Change? 6/14 @ 6:30 https://t.co/zeDJpEM6di https://t.co/LuC8IPp…,743383604642775041
0,"RT @Prezident_KE: First it was Kapenguria 6,then Ocampo 6,now it$q$s Pangani8,just like global warming,the number is increasing #ThursdayInva…",743446360788205572
1,"To Combat Climate Change, Restore Land Ownership to Indigenous Peoples https://t.co/g619UwYfp9 via @intentlcry",743455639100399616
2,#Geoengineering What would a global warming increase of 1.5C be like? - The Guardian https://t.co/SXaonxM5RG via #hng,743483993966804992
0,Global Warming,743491768369418240
1,RT @adsteratik: Climate change denialists asked to raise their hands in a packed hall for #ClimateForum2016. About 3 people did so.,743492713215995904
-1,New hero.  https://t.co/oobsIFP0oU,743502328511225856
1,"Proud to have worked &amp; organized alongside Shadia, Chloe, Ekai &amp; Alec. Growing Up With Climate Change via @thenation https://t.co/9JqwfDsOTC",743517921234673664
1,"RT @meatclimate: It’s not overpopulation that causes climate change, it’s overconsumption | Fred Pearce https://t.co/KIL3BUEdR5",743639970875904000
1,"RT @PlanetGreen: For the first time, a mammal species is extinct because of human-induced climate change https://t.co/glbUQcc5XV https://t.…",743673197510352896
0,RT Dave Hampton: Media coverage of climate change - Wikipedia  &lt; clear evidence billionaire media barons distort f… https://t.co/VI7SCiHXcU,743688099817889792
0,"$q$in the north, the trees are going to enjoy$q$ global warming https://t.co/ilaVFk4HXY",743745002325450754
1,RT Carolyn Proctor: Biggest US coal company funded dozens of groups questioning climate change … https://t.co/Hw5fqDOKl4,743789557578084352
2,RT @ClimateNexus: Global warming to expose more people to #Zika-spreading mosquito https://t.co/hS9YlhqpxN via @ConversationUS https://t.co…,743904540299264000
0,"RT @LucMatte9: Faire peur, c$q$est devenu une valeur mondiale.  https://t.co/dchJqiH2Cb",743926016918315008
2,RT @nikahang: Iranian Cleric: $q$Improperly$q$ Dressed Iranian Women Cause Climate Change https://t.co/mO2bP6Fy5L via @BreitbartNews https://t.…,743975637644251136
2,https://t.co/kwARvFkM9B | Kerry$q$s Arctic climate change adventure hits Greenland https://t.co/qkW7uec4LV https://t.co/8OBYO4LJnq,744057253347594240
0,RT @FreeMoncton: Q&amp;Amp;A: This Professor Talks Climate Change In The Oil Industry&amp;#039;S Training Ground #MFP https://t.co/BrD1eUv4kK,744113704443183104
-1,RT @can_climate_guy: It’s Time To Declare War On Global Warming Extremists https://t.co/lD0d7D4IeX,744207308310339584
0,RT @Amb_EmilBrix: After visit of Austrian Minister of Finance I stayed at #SPIEF for forum on the Arctic. Lots about climate change https:/…,744214811026800641
1,"RT @cstross: The four horsemen of the 21st century apocalypse are: religious fundamentalism, neoliberal economics, antibiotic resistance, c…",744230152821932032
1,"Under Modi, India Is Embracing a More Constructive Role on Climate Change... https://t.co/bzPxNlMhED",744307312861446145
2,RT @tveitdal: Permafrost Thawing Below Shallow Arctic Lakes Due To Winter Climate Change https://t.co/IbtZLmIwzA https://t.co/w3OiUJSaLE,744346842985603072
0,RT @ClimateRetweet: RT Teedo Rodriguez: Climate Change  https://t.co/DLmb3qWky7,744355094196523008
0,"There$q$s good ways to go about climate change, and then there is the Hillbillary/Obama way.  https://t.co/9ELagH0fzO",744377652190994433
2,"Humans, Climate Change led to Ice Age Elephant-sized Sloth$q$ Extiction https://t.co/rFRp4j83rO",744411582612922369
1,"RT @amyrightside: As climate change heats up, Arctic residents struggle to keep their homes #Arctic https://t.co/yhphKoFDeh #arctic",744472088040247296
0,RT @garigalAnj: Climate change #fizza #ausvotes https://t.co/aFMrRLMPC1,744524151268872193
0,Climate Change Adverts. https://t.co/HtJDlCsPR8 https://t.co/pNeTA3pHB0,744621570409127936
1,Climate Change Investment Solutions: A Guide For Asset Owners - ValueWalk https://t.co/jHRk5RHBBy,744639680142934016
1,RT @nature_org: Investing in natural systems is key for countries on front lines of climate change. https://t.co/zyeVF6zRJi https://t.co/eH…,744648899227418624
1,RT @SarcasticRover: Nearly half of America wants this person to command the most powerful military in history… https://t.co/gMaaPfMLVD,744866105512976384
0,"@dwatsonhayes true, the Libs climate change spend proves that. Health and Education are most important to a functional country",744868187305447424
1,"RT @jupiter896: President Obama tours Yosemite, says Climate Change Happening Now https://t.co/S91uBkeTvN #ActOnClimate #UniteBlue https://…",744884472907169792
1,"Despite a slowing planet, today not the longest day so far; global warming speeds earth up: https://t.co/YBYPpy9v8Y",744894068417761280
0,"RT @pewglobal: Australians are less confident on Turnbull$q$s handling of climate change, economy &amp; refugees https://t.co/G3GFFd8tW7 https://…",744947716984344576
1,RT @PrasadDahapute: @Resilient_Power is the most important for response from @NDRFHQ. @Discovery has made a documentary on both events. htt…,744962270896205827
1,RT @IraqiNotArab: Global Warming is more true than your existence  https://t.co/oRlR4lkXcL,745281138378350593
2,Climate Change to Expose More People to Zika-Spreading Mosquito Aedes Aegypti -  https://t.co/Q4MVM9Hm0V,745290958938472448
1,"RT @HYPEBEAST: Italian pianist holds a chilling performance on the Arctic Ocean to warn climate change.
https://t.co/8nQ3L3R8Tr https://t.c…",745313813818314752
1,RT @TrevorDmusic: #ICanNeverDeny CLIMATE CHANGE!!!!! IT IS A THING PEOPLE!!!!,745371082077646848
-1,That does it. Proof that 0bama is not mentally competent to hold office. #ArrestObama @GOP @HOUSEGOP https://t.co/pgPMomrjjt,745398865357004818
0,RT @ClimateRetweet: RT Jacob$q$s ladder: Elmo and Climate Change pt.2 (Vine by Dhaltssssss)  https://t.co/mxFdjaKP0H,745578363457314816
0,"RT @rvkgrapevine: Global warming is a problem, but if @cristiano doesn$q$t score today Paris could be hit by a tsunami of #RonaldoTears. http…",745612068573765633
-1,RT @ClimateDepot: ALERT: $q$Climate change$q$ not the cause: DNA results prove so-called polar bear hybrid was a $q$blonde grizzly$q$ https://t.co/…,745646781569064960
2,Climate Change $q$Scary$q$ To Former Environment Commissioner - https://t.co/l6aekVbLhH https://t.co/3S05usS0Em,745706113463549952
0,#Sustainability https://t.co/5RKj7nxeT3 The Heartland Institute$q$s Third International Conference on Climate Change (ICCC-3) took place in J…,745708573796274176
0,Miller explains global warming:,745795320722784256
1,RT @parlace: GONE FOREVER... First Mammal Goes Extinct Due to Climate Change https://t.co/GUv0ctVVwZ via @ladyfreethinker,746001471792095232
1,Warning from the past: Future global warming could be even warmer https://t.co/6Vz2DkvK2T,746005562056314882
-1,"RT @trump2016fan: 2013: MUSLIM Mag teaches Muslims to set Massive Forest Fires in USA but MSM says it$q$s Global Warming 🎇
https://t.co/qO0pI…",746017375661789184
-1,"RT @trump2016fan: 2013: Al Qaeda teaches Muslims to set Massive Forest Fires in America. MSM says it$q$s Global Warming 🎇🎇
https://t.co/qO0pI…",746017826045992960
1,"Ever heard abt Jill Stein, presidencial WOMAN candidate that also has polices to stop climate change, or easy money is not there? #WakeUp",746021498704506880
1,"RT @magicfishbones: They$q$ll ban discussing climate change, but not access to killing as many people as possible. https://t.co/1eWDjkanec",746097315589554177
2,RT @Cowspiracy: Climate change campaigners welcome China$q$s plan to halve meat consumption https://t.co/Ktzwt3BHU2,746135833313415169
1,"RT @Check123Sci: Environmental minute: All you Need to Know about Climate Change -
Video: https://t.co/SHyX7GRjBG
#climatechange https://t.…",746153765816795136
1,Abrupt Climate Change: Should We Be Worried? : Woods Hole Oceanographic Institution https://t.co/BpIMdantc8,746168060529106944
1,RT @kipjmooney: Truly the darkest timeline  https://t.co/izTIfJnsZl,746181394519449601
1,U.K. does not need to wait for climate change to sink it.  THIS VOTE WILL,746191579610648578
0,RT @jonrog1: Enjoy your global warming and shattered economy. We got ours. OLD FOLKS OUT! *mic drop* https://t.co/LduTQHk36k,746192522146242560
0,RT @merci: Predicting articles on the rise of Canada as the UK/EU/US brain drain corresponds with global warming trends. #notsafehere,746205263472918528
1,"RT @dansmith2020: So, um, perhaps not such a smart move to decide to leave the EU that builds cooperation on climate change? https://t.co/T…",746283477465731072
-1,@Heritage I thought that we can$q$t trust experts. They$q$re all bought and corrupt. Like the one$q$s who say man made global warming is real.,746375134496198657
1,Climate Change Poses Urgent Threat to Poor of Coastal Bangladesh  https://t.co/NQAKobcZNy via @WorldBank,746392444699303936
1,@busch_randy I wanna build a soundproof wall around him and save the planet from global warming and stupidity at the same time.,746406569152176132
1,But still there are those who refuse to believe in climate change??? https://t.co/kl5uOzN2hD,746453511844438016
2,RT @COP21_News: #ClimateChange: Morocco prepares for COP22 on Climate change  https://t.co/buykQHe8mq,746479029721628672
1,Thanks to WildAid to sum up the causal relationship between global warming and meat industry in 3min. https://t.co/SiwfTGukvw,746484877315432452
2,"RT @climatechangetp: Climate Change: Extreme Heat in New York Could Kill 3,300 https://t.co/OLjCnasMaE via @TIME https://t.co/E6calByft0",746486244494966784
0,@maymaymx climate change will prob kill us all first,746507965037895682
1,"RT @SmartEnergyApp: Post-Brexit, U.K. favorite for prime minister is Trump-Lite on climate change https://t.co/57MABJkhbB #green https://t.…",746540567518134272
0,"When you read about someone trying to force people to stop eating meat, that would affect global warming. People are so gullible 😂",746729716548243456
1,RT @CoralReefWatch: @ICRS2016 @oveHG: We MUST address climate change to protect coral reefs.,746794606105231361
0,@Tarrantennis @lilyallen @jeremycorbyn @guardian Yeah cause Climate Change only affects the middle class. Everyone knows that.,746841899298885636
0,"RT @joelengel: Aztecs, he said, were $q$living in balance with the world.$q$ Sure, human sacrifice kept the population in check. https://t.co/U…",746918154631286784
1,RT @RisingSign: How is what we eat related to #ClimateChange &amp; #Geoengineering? Subsequent tweets will draw the correlation. Land use &amp; Cli…,746939302450429953
2,RT @beforeitsnews: The House Just Shot Down the Pentagon’s Climate Change Plan https://t.co/zFhXp8ielG https://t.co/nri91AvEV1,746961520865615872
1,RT @shahidkapoor: Global warming staring us in our faces . December as hot as May it seems . Cray!!,747020121479094272
2,"RT @3NovicesHyd: #3Novices : A station in Himalayas to study climate change June 25, 2016 at 05:15PM https://t.co/hI1ynQQY1I #News #Hyderab…",747037510405099520
1,"#JillStein doesn$q$t give a damn about progressive values or defeating #Trump, a climate change denier.  Be informed. https://t.co/vcdvX7HVeq",747064522616246273
0,RT ParentalWorldKnowled: I pray a Miraculous healing prayer 4 all wonderful people in our world with Climate Chang… https://t.co/s3NXej7GGi,747190443947982852
0,"Climate Change and $q$#GameofThrones$q$: If the Wall Melted, Would Westeros Drown? #GameofThrones https://t.co/6IsQ7EV9UG",747241069650161664
0,"RT @MichaelMossberg: Support For Global Warming: record highs, record lows, floods, droughts, more polar ice, less ice, record snow, normal…",747241124536823808
1,"@tomfriedman Syrian climate change drought = unrest = millions of refugees =
Brexit fear of immigration =World markets crash.",747242326628540416
2,RT @myer051: Climate change: John Hewson accuses Coalition of $q$national disgrace$q$ https://t.co/DR1wVYVK3o,747254982160711686
2,RT @ClimateChange24: Maldives Pressuring First-World Countries to Ratify Climate Change Agreement - Nature World News https://t.co/fBTk5m5Y…,747320635517329408
2,RT James Corbett: Brexit and climate change https://t.co/AuhmuMOkUI via curryja https://t.co/AqKPBioHOP,747344138979311617
1,RT @HillaryClinton: We will fight climate change by making America the clean energy superpower of the 21st century: https://t.co/Jb7DXwL9WS,747449000605814784
-1,RT @peakwriter: The Tangled Web of Global Warming Activism https://t.co/Jlu9gilula via @wattsupwiththat,747460278082736128
1,RT @EPAwater: Climate change poses challenges to drinking water supplies. Learn more: https://t.co/HyQuUBJ5G9 https://t.co/ohfQTLaxD8,747467347485556736
2,"Thanks to climate change, the Arctic is turning green - Chicago Tribune https://t.co/KB7iERHkrI",747534754220630016
-1,Democratic operatives Call For Prosecuting Global Warming Skeptics : A panel of Democrats ... https://t.co/W6ZI8978pc #Trump #ccot #tcot,747535307109588992
0,Hope Iceland play global warming in the final,747538304044765185
-1,"RT @rightwingertoo: $q$Dem Party Platform Calls For Prosecuting Global Warming Skeptics$q$. What$q$s next, re-education and prison for those that…",747580519479578624
-1,"@FredZeppelin12 @ChristieC733 @DailyCaller So under this idiot, you can go to jail for thinking global warming is a hoax (which it is)?",747592620130500608
0,RT @fxckbobby: Global warming 🔥 https://t.co/a3C5wKXofW,747593604550430720
2,Climate change: communities and councils fill void on zero emissions targets - The Guardian https://t.co/P2auHCdXUW,747619781855973377
0,"SCIENTIST: Data unnecessary, because we $q$can see climate change$q$... https://t.co/UoYmrSXBkr",747626354489712641
-1,Well I am safe. I$q$m not a skeptic. I call bullshit on the whole Global Warming fear mongering. See? Not skeptical. https://t.co/DCLA332Ghe,747640644672290816
-1,We know. But the #greenwash shovelers want to blame $q$climate change$q$ 🙄 #cdnpoli  https://t.co/uYSY4TBhGC,747663713168138240
1,RT Min Nat Resources Rw: $q$Not addressing climate change could push 43 million people in Africa back into poverty b… https://t.co/OaPdWZGkCk,747712553044840448
2,RT @ClimateRevcynth: Brexit: Environmentalists fear $q$bonfire$q$ of regs to fight climate change &amp; protect wildlife https://t.co/XtJ9Wa0no8,747752232922284032
2,Science groups to Congress: Climate change is real threat https://t.co/oMZZp2AVHX,747825066302386180
0,"RT @MarkReckless: Just elected Chair of Welsh Assembly Climate Change, Environment and Rural Affairs Committee. Much work to do, e.g. Brexi…",747864076789899268
1,"RT @AbiWilks: But... they$q$re literal climate change deniers? I know it$q$s small scale right now but also, what? https://t.co/mSq1cIywNE",747884605936656384
-1,RT @Climate_Cop: #Greens https://t.co/VjdKIDs3iU Marc Morano and Lord Monckton address the absurd notion of man-made global warming causing…,747905437949796352
-1,@ginah89121 @X3Breeze @doubledittos double edge sword. Also get to charge climate change $q$experts$q$ who make up and  fabricate warming data,747965966710079491
0,"@RealLucyLawless aren$q$t you trying to conquer the world with a Deadite army? How can we believe you care about climate change, Ruby?",747991102364463104
1,Another sign of climate change?  RT “@NYNJBaykeeper: #NJ events cancelled due to clinging jellyfish: https://t.co/ABDGa1cSXO”,747995570103549952
1,RT @ksushma140: #MSGforHumanity motivate masses by rendering himself plant trees 2 protect environment frm effect f global warming https://…,748044892371292160
0,"Dampak Global Warming, Salju di Papua Meleleh:  https://t.co/fCRxNHCJqq",748114732779868160
2,RT @ExceptionalNRG: Ontario$q$s new climate change action plan features #Autogas #LPG #cleanair #Canada https://t.co/Iejb88lvUg https://t.co/…,748164196307705856
0,But leaves encourage destroying greens contributing 90% to global warming which isn$q$t good https://t.co/xdVyT59Vmw,748201385901101057
-1,RT @robfordmancs: Funny how Greens always advocate $q$the science$q$ on global warming yet stubbornly ignore it on GM crops https://t.co/PQA6W5…,748237692270325760
0,"Scientists on #Rationalia believe salt &amp; butter are bad, ulcers caused by stress, plate tectonics$q$ is wrong and Global Warming caused by man",748258481677950976
2,Science Organizations Again Urge Congress to Take Climate Change Seriously https://t.co/VbtnC3wCWP,748258817897488385
1,24 prominent Australians call for “emergency-scale action” on dangerous global warming  https://t.co/d438oDUQpz #greens16 #renewryan,748283945955950592
0,You already are! With Canadas #WeatherModificationAct and USAs machines like #HAARP we can battle #ClimateChange ... https://t.co/AE0XTfGli1,748286912239001600
-1,RT @LyndaMick: So great that Obama is on the ball - giving talks about Climate Change while the world is being attacked by terrorists. #sha…,748295999165186048
-1,"RT @Manlyboyze: What$q$s that I hear, a mini ice age ? So much for global warming crap https://t.co/J5z98115vN",748296549222879233
2,Climate change: UK to set bold emissions target https://t.co/UYmopipXEX https://t.co/D0clc0AcC5,748296917558272000
0,RT @suburbiqs: poor troye https://t.co/ISWnHlHBQV,748323313332543489
1,RT @Wilderness_Aus: Battle for Wentworth: activists rub salt in Turnbull’s climate change-induced wounds https://t.co/AWPWRlDBj0,748329054768627712
0,"Reportedly Perverted Penguins Are Now Being Harassed Back... By Climate Change: A century ago, a biologist$q$s ... https://t.co/GqEoDtDT9b",748353445090848768
-1,Excellent appearance on @megynkelly once again #Obama  is huddling with foreign leaders about...climate change https://t.co/aOhg8kxZw8,748368819303890944
0,Climate change and grammar https://t.co/a7KL1PC2Fx,748378036433788928
1,UK wildlife calendar reshuffled by climate change | Centre for Ecology &amp; Hydrology https://t.co/fNRbQJs1ME,748497649570054145
1,RT @TomViita: .@nature charts how UK wildlife calendar is reshuffled by #climate change https://t.co/NKpmCru0JP https://t.co/wOzzGC779y,748533544205586432
0,My new sounds: Living Planet: Talking climate change https://t.co/C2TWyPHa2z on #SoundCloud,748536416876040192
1,Can say it$q$s the same for so many more development countries too #planning4resilience  https://t.co/4XZbuCFksy,748561707492999168
1,"RT @lhfang: Peabody bankruptcy docs show they regularly paid groups that smear climate scientists, groups denying climate change, GOP &amp; Dem…",748581504557551616
-1,GMOs are the Lefties climate change. Science be damned. We all have our blinders. https://t.co/PYR6avuDd7,748611147729756160
1,RT George Halmes: $q$Climate change is a conspiracy theory$q$...how do people who believe that sustain successful live… https://t.co/wdI47Bz9c6,748679570602201088
1,"Climate change might make you feel like Sisyphus. But unlike him, you aren’t alone. https://t.co/rEN3cCXfoK",748717239356960769
1,RT @addfollowplus: The worst thing we can do for our #economy is sit back and do nothing about climate change. https://t.co/Hnj6u5iN2G #cli…,748758633731665920
2,"Retweeted Washington Post (@washingtonpost):

Antarctica’s penguins could be decimated by climate change... https://t.co/ghWCt6QJgF",748804162863837184
1,"RT @ClimateReality: Despite #Brexit, “climate change action is by now unstoppable. It is global.$q$ - @CFigueres https://t.co/KnYivZSsKV http…",748860403678060544
-1,@dhiggins63 Atheists share with Global Warming advocates the assumption that they are in charge.,748864708556435456
0,"RT @farwali_: Problems in other countries:
1_Food
2_Global Warming.
.
Problems in Pakistan:
1_Jeena kon hain?
2_Us k maa baap kyun nai hain?",748889092658790400
-1,"Fuck this guy and his FAKE Climate Change policy.
DISGUSTED with OBAMA https://t.co/Fae9wMXUtu",748930376958025729
1,RT @kangjaro13: Young people must lead the way as the LNP have no idea on climate change #auspol https://t.co/mA1Rr42QDE,749002498904453120
0,"@ColMorrisDavis @HillaryClinton Could she find one who believes in climate change, hasn$q$t said horrible things about pres, pro ACA?",749007442143567872
1,"keen for a snag today and to save Medicare,penalty rates &amp; William$q$s future education &amp; climate change. #ausvotes",749026154850377728
-1,RT @hautedamn: ISIS has already claimed responsibility for the attack in Bangladesh yet Democrats want us to believe climate change is our…,749081242340130816
1,RT @sallyrugg: Everyone doing their bit in Wentworth to stop Malcolm Turnbull$q$s inaction on climate change! #ausvotes #getvoting https://t.…,749094424857030661
0,Qatar donates to #Clinton Foundation 2 increase opportunity for women and fight climate change. #ComeyDontPlayThat https://t.co/jPYdwrQDwu,749110151999725568
2,“Desynchronisation” between species and seasonal biological cycles such as breeding likely due to climate change. https://t.co/qg84ilRezx,749122575356141568
1,RT wxarnhem: Arnhem Weather - Climate change is going to be expensive. Adaptation and mitigation will cost the wor… https://t.co/H1L89Fpr9M,749249658938068992
1,RT @greencitymedia: The worst thing we can do for our #economy is sit back and do nothing about climate change. https://t.co/U6UPn3oHGM #cl…,749424798036402181
1,RT @ClimateRetweet: RT Marijuana believer: The Effects of Climate Change is Alarming...These Photos Will Tell You Why … https://t.co/yfX1fa…,749427891948093440
1,RT @UNEP: Poor air quality &amp; climate change: the greatest health threats in pan-European region: https://t.co/vUsRALoyCv #GEO6 https://t.co…,749428197851295744
1,"When Love To Come. A Remote Pacific Nation, Threatened by Rising Seas: Climate change... https://t.co/cvK2QgBe0z https://t.co/aZJkVTxh5t",749448033469804544
1,"Liberals like to complain about climate change (which is real) all the time, but they forget meat production makes up most of it.",749468765423693824
1,RT @UNDPEurasia: GPS-guided fertilization? See how @UNDPMoldova helping country deal w/ climate change: https://t.co/0iLOI4AQix https://t.c…,749629835249590278
-1,Please just fuck off Bernie  https://t.co/jGh0HdOkI1,749656256277778432
0,RT @iitmweb: What the world thinks about climate change in 7 charts https://t.co/zo51yvxdtL https://t.co/zAdO4ML3iv,749710712424034304
1,RT @ClimateReality: New research maps out how people feel about climate change across the globe https://t.co/RJ39MSgeJM https://t.co/oIKXGv…,749726391965450240
1,RT @democracynow: Does the new Democratic Party platform go far enough in addressing climate change? https://t.co/m2z66xn8yo,749771911404589056
0,"MIT atmospheric physicist &amp; Climate Change: What Do Scientists Say?
https://t.co/VmZ0odNRDD",749792280681156608
1,RT @YALINetwork: Are you ready to tackle climate change? Take the new $q$Learn to Lead$q$ #YALIGoesGreen courses! https://t.co/1xlBrHLFzT https…,749888462791254017
0,RT @DarkMattersProj: #UK https://t.co/RfVzbky9e8,749927194525372416
1,Migration with dignity must be part of a climate change adaptation strategy https://t.co/URvibH0hZi #carbonfootprint https://t.co/hdkiU0J6Zb,749939707140767744
2,RT Morocco News Network: India rolls out process to ratify Paris Agreement for tackling climate change … https://t.co/NF8ax6zyIl,749941036189884416
1,RT @ImranKhanPTI: We need many more initiatives like BillionTreeTsunami to counter global warming through massive reforestation.,749969598540316672
0,RT @AboveTopSecret: To Climate Change or not to Climate change  #ATS https://t.co/GYS58rUdAR,749987241456435200
0,#RRN https://t.co/gW6ZwrcH2S Fan Theory showing how All Star by Smashmouth is really about Global Warming,750126768305086464
1,RT @dustynlanz: Looking fwd to hearing Mark Carney &amp; @cathmckenna discuss climate change &amp; financial markets at @TorontoRBOT. https://t.co/…,750163550153404416
1,RT @DaniNierenberg: Moringa is more than a hip new food - it$q$s drought resistant &amp; key in climate change:  https://t.co/bcbrwiMtuo https://…,750173907584425984
0,"RT BES careers: #postdoc on  Vitis, phenology &amp; climate change.... https://t.co/Od41VBwAKf  #careers … https://t.co/W3NyQXgsqf",750294815959572481
0,@Ned_Donovan @jimwaterson Presumably global warming is responsible for making the contest $q$hotly anticipated$q$?,750299467220414464
2,Coral With Leaves: Millions of Trees Joining the List of Climate Change Casualties https://t.co/WKLSDj1GGK,750322332980346880
-1,"RT @hockeyschtick1: .@AlGore claims to be the $q$Jackie Robinson$q$ of global warming, blames Zika virus &amp; flooding on CO2 https://t.co/sxg1Zyw…",750389156765900804
1,"@nytimes ALL of these RECOVERABLE $ can be USED TOWARDS JOB CREATION, ECONOMIC DEVELOPMENT, DESALINATING WATER &amp; FIXING CLIMATE CHANGE.",750394052512591872
0,Trump really did tweet about Chinese climate change $q$hoax - PolitiFact https://t.co/4xNnbkwdlj #auspol #ausvotes,750423030900232193
0,"RT @inthelineofmel: If it makes you feel better, I have absolutely no idea who you are.  🇺🇸 https://t.co/hWMgUQ74lc",750473553229807617
0,RT Julio Azhun Rocha: $q$[...] Yale University researchers recently found that 40% of adults worldwide have never ev… https://t.co/lRcCLq6whE,750489386773573632
2,RT climate mediat world: Dinosaurs killed off by $q$one-two punch$q$ of climate change and asteroid strike – study - T… https://t.co/wHqJtNl6F1,750549615775215620
0,@TheQuint $q$Climate Change is affecting the very fabric of our world$q$ or $q$Aj mausam bada be-inaam hai...$q$,750610325330800640
1,RT @climatechangetp: Company Turns Air Into Fuel In Climate Change Fight https://t.co/se7sxc6ElV via @p_scriptor https://t.co/UBAoSFkqme,750639543259435008
0,RT @kmac: One of the best things I$q$ve read about the challenge of climate change https://t.co/nIJj6VPt2p,750673667344986112
1,RT @BryanFuller: @ambrosiangun CLIMATE CHANGE IS REAL AND SO IS #HANNIGRAM,750717843402993665
1,"RT @AgiwaldW: Habitat corridors could help save wildlife from climate change
#climate 
📷Shutterstock
https://t.co/5Vopkp9Ihz https://t.co/7…",750782775481896960
2,Jason Wu credits the popularity of wool to climate change https://t.co/khuwgkhk7i,750858778422046720
1,RT @RRFiji: Making Sense of Climate Change on a Cyclone-hit South Pacific Island https://t.co/bd3xGDRuu1 https://t.co/6MkexWMwfu,750908623446876160
1,#adapt2016 finishes up with adventurer @TimJarvisAM . Now here$q$s someone who knows climate change https://t.co/5wS297EecC,750932597950197760
1,Pro tip: don$q$t look shit up about global warming before you go to sleep because you will still be up at 4AM if you do.,750961812502380545
1,RT @Greenpeace: Why are those who do the least to cause climate change suffering the worst effects? https://t.co/IzXTeRyvCX https://t.co/SZ…,750976311422619648
1,"RT @CHNGMilwaukee: Climate Change Is Already Disrupting Delicately Balanced Penguin Colonies: In Antarctica, warming temperatures are… http…",751016941352062976
1,RT Nara: Why Climate Change Is an Education Issue - https://t.co/zzNd2TIuTk via nacion https://t.co/4OJ1OcpA3Z,751060231279480832
1,"@NOAANCEIclimate Yet people will still argue against global warming, mind you there are still people today that argue the world is flat :-(",751143005101301760
0,Consensus And Anthropogenic Global Warming 301 #eco #green,751165446473150464
-1,@SteveSGoddard @KHayhoe That$q$s ok. Soon climate change will be blamed for too much TX rain.,751173954916782080
1,RT @Scholarshipcast: #Scholarships: Engaging Diverse Youth on Climate Change Through Place-Based Learning https://t.co/VIXQyxkgdh #grants,751321083547152384
1,@rhysam such an ignorant thing to say! When not only is climate change proved but we can see devastating impact in OZ. @PaulineHansonOz,751359531687485440
2,"$q$Climate Change Chief Christiana Figueres Enters Race To Head UN$q$: $q$Christiana Figueres, the… https://t.co/J2VFC6RfU5",751418308436561920
1,@WHO action agenda on health &amp; #climate change calls for co-benefits especially by reduce #7million deaths from air pollution @CCACoalition,751431600886480896
2,RT @scienmag: Researchers assess heatwave risks associated with climate change https://t.co/LdJ00Mpkf6 https://t.co/Shv7pQ7FXP,751448423358881792
-1,Science created global warming right...so if global warming is destroying mankind how can life expectancy be growing https://t.co/LdYrOOmBTz,751492618887032832
0,"RT @ClimateHome: Figueres win would mainstream climate change at UN, writes @Mabeytweet: https://t.co/R32s6XGQji https://t.co/1YblVkaIu5",751508034346635264
1,"As usual, he$q$s right. Ignoring rising temperatures is profitable until we run out of oil, and then it$q$s chaos. https://t.co/S1Nn02JvnH",751519724354371584
1,RT @6esm: Addressing challenges: Govt plans to establish climate change council https://t.co/4DFC1LszFw - #climatechange,751519895402246144
1,@screenslaver well one of those candidates acknowledges that climate change is real and the other does not.,751548168538644480
1,Climate change is already disrupting delicately balanced penguin colonies https://t.co/xrhEv3Xhcw https://t.co/sMfhshGgsD,751591758748844034
1,"RT @ClimateReality: Three decades ago, scientists warned us about global warming. It sounds eerily familiar: https://t.co/nKUC1x5qVw https:…",751637635806875648
1,RT @Siemens: Our goal: fight climate change &amp; achieve a zero carbon footprint. Find out how at #WCS_16 https://t.co/WYdNOlkQSX https://t.co…,751689326283587584
1,"If the Democratic Party Is Serious About Climate Change, They Must Reject the TPP https://t.co/HldfwoVCQf",751744239441108992
2,Study links heatwave deaths in London and Paris to climate change. The findings suggest that 506 of the 735 summer… https://t.co/SjVKYMNd1M,751756232663465984
2,RT @ClimateRetweet: RT Assaad Razzouk: #Bolivia$q$s Lake Poopó Is Dry – Another Victim of #Climate Changehttp://buff.ly/29pC5CT   https://t.c…,751801678568054784
1,RT @DRRKenya: Disaster Resilience &amp; Climate Change is out! https://t.co/t9RYF72K28 #nrelcontinuum,751816487409750016
-1,"RT @larryelder: Obama just said police $q$bias$q$ is a problem. Why in 7yrs has it taken a backseat to $q$climate change,$q$ executive orders on il…",751825895157936128
-1,"@MZHemingway The news is narrative spin, the weather is climate change nonsense, and sports is leftist agenda horseshit.",751829367047675904
1,The fights against climate change (pollution) and inequality would both benefit from walking holding hands https://t.co/kxLwDnXVe9,751916363296468992
1,@kp_paballo #children need #environmental #education as they r #responsible for our #earth #WasteStopsWithME  https://t.co/W7EZsneo25,752100205206601728
2,Pentagon’s Climate Change Plan Blocked By GOP - BB4SP https://t.co/LP8jiKJAic,752101334560669702
0,Satan came on earth and realized it$q$s way too cold for demonic life forms so he perverted man$q$s mind to indirectly create global warming..,752177167723790336
1,RT BernieSanders: Democrats agreed to the most aggressive plan to combat climate change in the history of the part… https://t.co/f4BNJ7ObPX,752197003480883200
2,"RT @ANI_news: World is facing 2 problems, today- Global warming &amp; Terrorism: PM Modi in Kenya while addressing Indian community https://t.c…",752204395857588224
2,Updated NASA Data Shows That Global Warming/Climate Change Not Causing Recession Of Polar Ice - The Inquisitr https://t.co/wfYlTERzCc,752272492182380544
1,RT @probablysomehow: here$q$s proof that global warming is very real https://t.co/qOsPV4wL5p,752351281906352128
-1,"More than 31,000 scientists recognize that there is no convincing scientific evidence of man-made global warming. #climate",752359246633795584
2,"RT @WSJ: Singapore plans higher sea walls along much of its coast to combat rising seas from global warming
https://t.co/6fnHFSlSZ1",752378893345009664
1,RT @natty4bumpo: The Choctaw v climate change: $q$The earth is speaking$q$ https://t.co/wNNBEan6Ft #nativelivesmatter,752414993518170112
0,"#ConservativeBecause My political thinking is more complex that this. BTW, I$q$m agnostic. https://t.co/U4O9qeuxDT",752481166695993344
2,RT @NASA: New study reports that climate change may shrink Adélie penguin range by end of century: https://t.co/o289f8qUXn https://t.co/O9J…,752493230592327681
0,"RT @HealthyCg: Global Warming! #GlobalWarming@Subah Savere cartoon by#Cartoonist Satish Acharya
#SwasthBharat https://t.co/97wbS51q6Q",752498179392827393
1,RT @nytimesworld: Podcast: @caseysjournal &amp; @joshhaner discuss their reporting on people displaced by climate change in rural Bolivia https…,752498264277184512
1,The words climate change need to be noted. https://t.co/6iZhAO7QzM,752506630978273280
2,RT @guardianeco: Hillary Clinton could run on strongest climate change platform ever https://t.co/7G1mC3oyZ4,752584136196558848
1,"Climate change hard on Sea life
https://t.co/gM3fP4QQsD",752588503863681024
1,"RT @SenJeffMerkley: Why, with so much scientific consensus, does such strong opposition to the facts of climate change remain? #WebOfDenial",752639038339833857
1,"#ClimateChange #CC $q$This is what climate change looks like$q$, mass mangrove die offs hit top ... https://t.co/C1QOimvcRh #UniteBlue #Tcot",752664944881971200
0,"RT @Doranimated: The people telling us that global warming is a crisis aren’t acting like it’s a crisis, says @instapundit | https://t.co/g…",752672381609635840
0,"@PlatoCase @SOFRASER04 @Vixenspapa @GavinNewsom you$q$re laughable, we$q$re taking about global warming not lung transparently. Don$q$t put your",752728568073904129
2,"RT @guardian: UK poorly prepared for climate change impacts, government advisers warn https://t.co/cv5lVJnZiy",752746649974222848
0,Big picture of global warming - Sunbury Daily Item https://t.co/wDRQF92wsT #GlobalWarming,752756696121012226
0,@PunkrawkBbob @Fixer_guy yeah! More war and increased global warming. You win!,752758709340610561
1,Combating Climate Change at the U - Daily Utah Chronicle https://t.co/m52sKVXdmv,752771578207801344
2,"UK poorly prepared for climate change impacts, government advisers warn https://t.co/lQL9i0HtQ7",752772762050043904
2,"RT @CECHR_UoD: Warning of climate change domino effect
https://t.co/e2C4RAOwi7 #infrastructure #flooding #adaption https://t.co/VgmkEqHnE2",752809091643248641
0,"RT @CaptainFubar1: @MMFlint Must cure cancer, end global warming, make peace not war, sing kumbaya, stop needless killing over religion, an…",752815629481091072
1,RT @KingEric55: GOP leverages racial animus to get majority of whites to support the destruction of the planet via climate change denial.,752849080380952576
0,Would Robin Hood Help us Fight Climate Change? https://t.co/CxfZioGg7W,752870435667062784
1,RT @kentkristensen1: @ClimateTruthOrg @washingtonpost the climate change is real in Greenland they grow out side tomato now never before🤔 h…,752887358215720960
1,RT @pawkhrua: You laugh and yet this toxic lizard brained fuckknuckle has a good chance of becoming our president.  https://t.co/arXtgxkhrZ,752888547066126336
0,Revealed: The time when Theresa May spoke out on climate change - Carbon Brief https://t.co/QGQu43LRpA,752890267892609024
1,Can New York Be Saved in the Era of Global Warming? https://t.co/fNKbV3pFvw via @rollingstone,752893629807652864
1,"RT @afewbugs: The world’s clouds are in different places than they were 30 years ago, and this could exacerbate climate change https://t.co…",752927029419442176
1,Thick as pig shit https://t.co/LjN9DSxuL9,752935512264945664
1,"Vermont AG sued for withholding records on possible investigation of ‘climate change deniers’

https://t.co/lWYQe5xdN5",752953355073355776
2,"RT @daverobertsonMO: #Oil industry, on the political &amp; economic defensive, considers #climate change #adaptation. https://t.co/Zkz8nWI5qM",752981679547887616
0,RT @anistonspoehler: my skin is clear my student loans are gone global warming has stopped donald trump dropped out the world is at peace h…,752985613993857024
1,RT @LennaLeprena: @CSGguy2 @Bukumbooee Bolt will use it to ridicule global warming as usual..completely ignoring wildfires in USA and flood…,753016140826226688
2,"RT @FoxNews: #BernieSanders: $q$This election is about climate change, the greatest environmental crisis facing our planet.$q$ https://t.co/2ss…",753023819875516417
2,RT @WRIClimate: Fossil Fuel Industry Risks Losing $33 Trillion to #Climate Change via @Bloomberg https://t.co/8SHM5VvgYf,753143796502712321
1,RT @clmazin: This reminds me of the time I was stuck next to a drunk on an Amtrak train for 12 hours. https://t.co/fn7s67mcOv,753189575070216192
1,RT @Nyach_KE: @ajirobadanie how can young people be motivated to actively participate in issues like climate change affecting the continent…,753260535257395202
0,RT @Apolloslair: Just occured to me. This November America is going to experience real Climate Change. Trump will win and trust me the clim…,753346747942969345
0,"@Stroppy_Girl You mean like Michigan? 
[at least pre-global warming]",753359303054995457
1,"#ClimateChange #CC As climate change worsens wildfires, smokejumpers fight blazes from the s... https://t.co/Jasgbin75s #UniteBlue #Tcot",753375043111964672
1,RT @PoliticalDoggy: You are one hell of a frightening candidate. Your ignorance knows no bounds. https://t.co/kITzr3XmCa,753572810132512768
0,"RT @Whateverahmed: i hate youtubers that dont get straight to the point, like $q$HEY I WILL TEACH YOU HOW TO TIE A SHOE BUT FIRST LETS TALK A…",753577993784602624
1,"RT @JordanLM__: In regards to the intensification of El Nino, lets also add that climate change - a significant driver in that - has been c…",753616600046141441
1,Enough is enough. Tell Congress to denounce the #WebOfDenial on climate change: https://t.co/iK7RL3p0JJ,753617734999674880
0,Oh because that$q$s how you solve the issue https://t.co/9j2SJaAwxo,753627430548561921
0,$q$Desarrollo$q$ desmedido + chorro de puercos irresponsables + climate change = inundaciones,753627725680807936
1,RT @Shoq: .@GovPenceIN is a me-too evolution &amp; climate change denier product of hate radio. Another POS that should have been stepped on ye…,753650187361513472
1,"RT @CarolineLucas: ‘Shocking’, ‘stupid’, ‘backwards’ – May scraps Department for Energy and Climate Change https://t.co/iXlbnwq56J via @lef…",753650438059294720
2,RT @DailyCaller: Britain Might ABOLISH Its Department Of Global Warming https://t.co/skQmye5AkT https://t.co/GxIfJ5QNHW,753660397861810176
1,Great news! She$q$s only been PM a day and already climate change isn$q$t a problem! https://t.co/w1NIPh6Ucm via @Seanimsatso,753665963980124160
2,RT @DailyCaller: Britain SHUTS DOWN Its Global Warming Agency https://t.co/rA12y64TPp https://t.co/3akoY6yHhS,753696818098089985
1,Department for Energy and Climate Change scrapped? Seriously?!,753706753758560256
1,"so theresa may just destroyed the climate change department, ok yep. ok. alrighty. ur the boss. thanks theresa, yep. ok. bitch",753729613654847489
1,"RT OlympicClimateAction: We$q$re next with a win by Drumph. Oh, that$q$s right, we don$q$t have any Department of Climat… https://t.co/5cSKAW6Odd",753730691469307904
1,@catoletters Climate change denial financed by energy companies and fronted by republican hypocrites is as politicized as it gets.,753767409958260736
0,RT @ClimateRetweet: RT Trish: delpjm Daholduk GCobber99 But sadly the RWNJs of the IPA/LNP destroyed any hope we had at the time for a… htt…,753830008200634368
0,Oh snap... https://t.co/hLOnBn34KT,753844560514588672
1,RT @x_feral: Britain needs infrastructure ready for climate change – before it$q$s too late https://t.co/KMrnk2kxl6 via @ConversationUK,753846140278145027
1,"@leighttk a sad day in many respects, but the Tories do have a track record. At least we are bound by the climate change act.",753848424781516800
1,"In vino, veritas. And a surprising amount of #data that could help us tackle climate change.  https://t.co/YG6iA5uVos",753864401925599233
2,Energy and Climate Change Committee expresses concern about abolition of DECC https://t.co/YDekEnF0N6 #offshorewind https://t.co/b8QJ7IsDYp,753890153261887488
1,"RT @ClimateRevcynth: Climate change department shut down by Theresa May in $q$plain stupid$q$ and $q$deeply worrying$q$ move...
 https://t.co/Iypqh…",753897781601800192
0,"@peteswildlife @henry0410 @domdyer70 
Isn$q$t she a climate change denier?",753933425132863488
-1,"RT @Napoleonlegal: Bottom line:  Man is a carbon based life form.  $q$Carbon taxes$q$ $q$Climate Change wrt Carbon, robots, connect the dots I$q$ve…",753962724703559682
1,"RT @JuddLegum: Things that Trump and/or Pence do not believe are deadly:

1. Asbestos 

2. Cigarettes

3. Global warming",754002089907322880
2,"Mark Carney focuses on climate change, not Brexit, on visit to Canada https://t.co/uRan60HFd0 via @torontostar",754008764097830912
2,"Google:Without nuke power, climate change threat grows: Column - USA TODAY https://t.co/lSiabLdcvj",754031791854481408
0,RT @Independent: The new environment secretary who asked if climate change was real on her first day as energy minster https://t.co/gOuW0Oo…,754098849807949824
-1,"RT @JaredWyand: #ResignObama for calling our greatest threat climate change &amp; ordering NOAA, NASA, &amp; NSIDC to alter data hiding 18yr pause…",754098914681249792
0,RT @RonJichardson: That £100 bet I put on Climate Change to bring about the end of the world seems hopelessly optimistic now.,754122344931602433
-1,"RT @JohnKStahlUSA: If Barry thinks climate change is greatest threat to our security, he needs to turn on a TV. #tcot #ccot #gop #maga http…",754126572626468864
-1,Can we do that too?? #GWexit https://t.co/tzXrlP5fEH,754163960237043712
1,"RT @tveitdal: As climate change impacts habitats around the world, species try to adapt — and survive. https://t.co/bYnYrKFQN0 https://t.co…",754346984832503808
1,RT @rweingarten: Gov Pence$q$s statements- https://t.co/EiPzTIo8EN,754436292323205120
1,"RT funkinatrix: Some things NOT mentioned in  #TPP text: climate change, affordable meds, human trafficking, inter… https://t.co/ZLJWptC8oE",754442861874143232
2,RT mauri: Climate change department killed off by Theresa May https://t.co/5CzuigcWPV https://t.co/fNjCxMcIzu,754531918234943488
2,RT @CBSNews: New U.K. leader Theresa May shuts climate change department https://t.co/gcHmchiGvi https://t.co/j3NR06AaHb,754544741212041221
1,RT @portal_com: Nov. Edit.: Engaging the Public with Climate Change. Behaviour Change and Communication https://t.co/QF7xWGQqy8,754568304165912576
0,RT @Radness_Vic: Switched on the TV to hear a lady speaking about how climate change is related to how people on earth treat each other 😑,754597809442136064
1,RT @KajEmbren: Killing the climate change department could be Theresa May$q$s first and biggest mistake https://t.co/YfJQ3isQ7Y @miljobloggen…,754608488861540353
1,RT @johnlundin: Here$q$s the climate change ad #FoxNews refuses to show. You$q$ll see why as you$q$re laughing! https://t.co/PMsTpIrUrN #climate…,754668574862630912
-1,"It$q$s NOT about CO2 reduction people! Climate change initiatives funding opportunity for capital markets, Mark Carney https://t.co/BJbtZMqdAs",754670258846392320
-1,"RT @MissLizzyNJ: Obama is monitoring the situation in Baton Rouge &amp; seeing if he can blame it on climate change, Bush 43, or the NRA. https…",754766821060911104
1,RT @mmfa: Climate change is real and so are the consequences - - and it$q$s past time the news media treated it that way: https://t.co/3b2sbc…,754859930675474432
1,RT @AntarcticaNZ: Bugs blown out by southern right whales could tell us more about the effect of climate change on the planet #NZARI https:…,754960639530074112
1,"RT @PopSci: A new climate change documentary focuses on solutions, not doom https://t.co/b5hRDzlxTx https://t.co/kzNjo7i7Z5",755051651010965504
1,"RT @DrJillStein: It is #NotTooLateTo end the corporate duopoly, fight climate change, or take back our economy. Let$q$s start this election.…",755102594238775296
1,"RT @jdavidjentsch: Global warming is a myth? No, the biggest myth is that @GovPenceIN will be the next Vice President of the USA. https://t…",755104028653223937
-1,RT @MATTIPOYSTI: The United Nations Framework Convention on Climate Change is a failure. It’s long past time that the U.S. withdraw… https:…,755157671104356352
0,"honestly

like actually

like if i$q$m bein real

my elbowpits are mad sweaty

global warming has me fucked up",755160419162087424
0,@DRUDGE_REPORT Looks like it$q$s that darn climate change at it again!,755172102425063424
1,"RT @LailaLalami: Steve King$q$s contributions to Western civilization: disputing climate change, opposing stem cell research, denying reprodu…",755187984849264640
1,RT @ClimateRetweet: RT Eli Lieb: Trump doesn$q$t believe in climate change and Pence doesn$q$t believe in evolution. These people cannot r… htt…,755201380789391360
0,RT @FerConfe: El calentamiento global está reorganizado las nubes en el Planeta. https://t.co/XeztVmBhnF,755209010802987009
1,Confirmation: DBEIS to drive $q$whole economy approach$q$ to tackling climate change https://t.co/RUVTAf45PG | Business Green,755388044455403520
1,"RT @RachelNotley: Heading to #Whitehorse to meet w/ Cdn Premiers to talk economic issues, climate change &amp; disaster recovery: https://t.co/…",755505462989103104
1,Shumlin order helps businesses that #fight climate change - Jul 19 @ 8:16 PM ET  https://t.co/r5WFJVN2yz,755556900725518337
1,"RT @EPAwater: Climate change could support the spread of pathogens, parasites, and diseases. Learn more: https://t.co/FzLm1w3G1d https://t.…",755573486693785600
-1,I$q$m warming to Duterte. Calls out the PC BS. Bit likeTrump - stirs up the smug elite. https://t.co/sIJKA48aZW,755595388829118465
0,Global Warming: &amp;quot;Tipping Point&amp;quot; https://t.co/2La8svrtaf,755639003806924800
1,Global warming ramping up? And US in danger of electing #climatechange denier? Alarming! https://t.co/r6TpTdZWGk,755663177094930432
1,RT FiveOceans: After the #Florida #AlgaeBloom this is what happens in the #Arctic. #pinkalgae — thinking about cli… https://t.co/9MI7PaaqzV,755683195522342912
1,@peter_redden 100% agree... his claim  $q$$q$there$q$s uncertainty about impact of climate change$q$$q$ is a clever denier construct but dishonest,755689737885593600
2,"RT @AP: Team of arborists cloning some of world$q$s tallest and oldest trees to combat climate change, @ScottSmithAP reports. https://t.co/SC…",755696831523196929
1,"RT @EnvJustice: The value of the Atlas of Environmental Justice, explained in The Ecologist: https://t.co/zLyzuuSOzr",755719718095454208
0,Might cause a climate change there lmao  https://t.co/s1UQGtgAFS,755757955916718080
1,"RT @VAPolitical: Climate Change Denying GOP platform, which calls coal $q$clean$q$, would reverse decades of U.S. energy, climate policy https:…",755760841350193152
1,RT @NikkiReed_I_Am: Whoa. Hard to believe there are people who still deny climate change. Check out @ClimateInaction Figures #YEARSproject…,755764284999733248
-1,"RT @INTJutsu: Obama says climate change causes $q$dangerous ideology$q$.  If that$q$s the case, then why does it only affect islamists? https://t…",755785262601375744
1,"RT @Oxfam: Today’s #EUESD proposals at odds w #ParisAgreements, risk undermining climate change fight: https://t.co/784LnCS1XR https://t.co…",755789341574692865
1,@DebraMessing @GiannaJax meanwhile @SenWarren is on a roll today :-) https://t.co/HkKt7P2Iqm check her twitter feed,755801405525520384
1,"RT NASA Goddard: .WVTM13, thanks for talking climate change and sharing the possible local impacts with your viewe… https://t.co/stnbaZyT2B",755906448731869185
1,RT @timsenior: Please talk about the @healthy_climate strategy for health and climate change. @ama_media @amapresident @sussanley https://t…,755916065767432192
1,"Retweeted Alexander Verbeek (@Alex_Verbeek):

Global Warming is at 4 Hiroshima Atomic Bombs Per Second (but this... https://t.co/YZ6skvjnv7",755957129815560192
-1,"RT @chevymo: Didn$q$t @JustinTrudeau campaign on green econ?
Extorted funding: climate change tax scam
Where are the jobs?
#Canada https://t.…",755958590729490432
0,"RT @dailyshitnews: TODAY$q$S DISPATCH FROM THE REPUBLICAN NATIONAL CONVENTION: Don$q$t worry about global warming, the weather will get nicer a…",755960907235155968
1,India Just Planted Nearly 50 Million Trees In 24 Hours: One of the most important climate change strategies is also… https://t.co/BR1enRJ4kb,756068251478568960
2,Too hot to work? What climate change means for the economy https://t.co/hAt2uZm2gh via @wef @UNDP @FMASMOUDI @marcosathias @martinfredras,756068735627194368
1,Minnesota must do more to cut greenhouse gas linked to climate change – Minnesota Public Radio News https://t.co/lvpjwJ4NAO,756154081995927552
0,"Lyft driver, $q$I$q$m voting for Trump because I don$q$t believe in global warming.$q$ This is going to be an interesting ride...",756154754405769216
0,RT Chuey Abraham: Dalelrak TIME gretnavera it$q$s cool that you think that climate change and seasons are the same t… https://t.co/kz8wEd48Tl,756155481392111616
1,RT gcilsandbox: #new Conserving Forests to Combat Climate Change https://t.co/4TDvLtOP22   https://t.co/E8G8dNifPl,756174387229954048
1,"RT @AlleenBrown: Clouds changed shape, algae mucked water, the Uru-Murato mourned a lost lake, and Republicans denied climate change  https…",756193270724714496
2,RT @extinctsymbol: Dormouse declining due to habitat loss and climate change: https://t.co/M6waOFinNn https://t.co/FeeU4h1CX8,756210018270191616
1,RT @ClimateRetweet: RT Resilience Kenya: Trees Can Limit Climate Change—Unless It Kills Them First https://t.co/BANvtABDJT  via busine… htt…,756222086729854977
1,"RT @DudeItzIzzy: #TrumpIsWithYou unless you$q$re gay, a woman, disabled, Muslim, Black, Latino, Chinese, &amp; believe in Global Warming. https:/…",756255610983677952
0,#Nominee https://t.co/gGF6oCBgXR,756277753997950976
1,"RT @funkinatrix: Bernie: Will Trump mention climate change, the great environmental crisis of our time? Been waiting for a year now. #RNCwi…",756332539908849664
1,"RT @GreenPartyUS: We need a political party that stands with the people in fighting climate change, rejecting war, and refusing corporate m…",756337071346769921
-1,Global Warming Expedition Stuck in Arctic Sea Due to Too Much Ice https://t.co/pS5plzqgc5 Don$q$t you just love the irony here.more junk sci.,756490520453447680
1,"After the painfully irresponsible GOP convention, can sanity prevail for the sake of a #SustainablePlanet? https://t.co/z3ihc9A6OW",756496405586259968
0,RT @KevinJDEllis: How will climate change &amp; digital #tech cause $q$profound changes$q$ in the water industry? https://t.co/HUIltNv24C #megatren…,756509439495114752
2,Kerry: Climate Change as Dangerous as Terrorism via /r/worldnews https://t.co/cSEydCxI7v,756519151695429632
1,Fight corruption to fight climate change https://t.co/ggtto0thK5,756531711903752192
2,"#CIWARS #Climatechange  Conflict Infrastructure News: Duterte won$q$t honour climate change pledge, calls ... https://t.co/GOl8TlSyNc",756572500373409793
1,"The Ozone Hole Is Shrinking, Giving Scientists Hope for Climate Change https://t.co/PkgHDsXBmS #globalcitizen",756578609452556288
1,"RT Climate Central: To help stop climate change, these volunteers risked their lives atop giant trees … https://t.co/d8zYdhBtQt",756584821477019649
0,@MSipher The 90s$q$ other big lie was how we were going to recycle &amp; love the environment but oh never mind climate change don$q$t exist y$q$all.,756586287319093248
1,"5 Ways The US Leads The World On Climate Change (Thanks, Obama) - CleanTechnica https://t.co/44ylMW5zms",756593038399574016
-1,RT @FriendsOScience: Questioning Mark Carney$q$s claims on climate change and carbon pricing - 2 new reports! https://t.co/lGeIZ9FZYZ,756611186267869184
0,"RT @ClaraJeffery: You know who isn$q$t going to stalk off over a VP pick?
-POC
-Repro rights folks
-Climate change folks
-Sane people",756644120651849728
0,@GrumpyYetAmusin Chairs - Titanic. At current climate change rate models predict earth has less than 100 yrs. Good news? ;),756666054668087298
0,"RT @Ole_pappy: @jaketapper Pretend like you just now hearing about the #DNCLeaks. Dont worry Jake, We know media will blame it on Bush or G…",756717194516566017
1,RT @insideclimate: Our $q$Species on the Move$q$ project profiles species on the front lines of climate change. https://t.co/WjrA01POUf https:/…,756721213741805568
2,Kerry: Climate change as dangerous as terrorism https://t.co/2O1AMsj29m,756791002061385728
0,RT @UoS_Engagement: Compere @JamesGDyke smoothly steps in to talk climate change for gap in programme at @WinSciFest #WSF16 https://t.co/XY…,756801921407737860
1,"RT @CECHR_UoD: Offgrid #cleanenergy offers a wealth of benefits beyond tackling climate change
https://t.co/9ZoDRt6eTO https://t.co/opWojaH…",756828703892631552
1,"RT @ClimateTreaty: Writing the book on health, risk and climate change - GreenBiz https://t.co/pLc1N51w6A  - #ClimateChange",756835692337065985
1,"Or just a low tolerance for fascism, climate change, police brutality. You know, the things trump won$q$t solve https://t.co/IX1v6kYih3",756853972007354368
1,"When we lease our public lands for coal, we’re helping fuel climate change! Stand up now and #SayNoToCoal https://t.co/YWqGgYS2QM",756943255225368576
1,RT @WWFCEE: Did you know: protected #nature helps us fight against climate change? #Natura2000 https://t.co/P7kHAjMBSd,756953693942054912
1,#ClintonKaine  https://t.co/wKs3TsZAwJ,756987915423539200
1,RT @LOLGOP: The only threat to Florida$q$s borders is climate change. Pam Bondi and Rick Scott are in favor of it.,756989372252160004
0,"These 2 are used to me making us have movie nights be films on climate change.🎞

I$q$ve watched this 5 times, it$q$s... https://t.co/4VmhH0kwr3",757009765385969665
1,RT @Bonfiredesigns: I think it$q$s time to accept all energy options and make sure it$q$s all done clean https://t.co/U3lHfYfbSC,757085245204078592
1,RT @scroll_in: Climate change has worsened arsenic poisoning in West Bengal https://t.co/9wpmjz0PXg https://t.co/lOhUXdxYQh,757086044944789504
1,@Lawrence @KatrinaNation The GOP created Trump$q$s cult following by denying science like climate change https://t.co/3f2sEwOfXC,757120032530771968
0,"Understanding Climate Change Published on Jul 22, 2016 Fair Use: Educational (June 2016 Discussion) Global... https://t.co/9O1mqJ9VHA",757201107667984384
-1,RT @deneenborelli: The global warming intimidation game exposed https://t.co/QjpYT9PgFo @tomborelli @CR #DNCinPHL #PJNET https://t.co/gPChK…,757205563759529984
1,"RT @ClimateReality: [NEW INFOGRAPHIC]: Leasing Our Land, Fueling Climate Change https://t.co/wg7TESshJf #SayNoToCoal https://t.co/2K1uHsj8Qu",757217571292770304
-1,Global warming nuts should go to Salem &amp; look for witches to burn. Enlist at https://t.co/itkV9SiPIW. We march. https://t.co/04NlcPSAez,757248226852413440
-1,"RT @GaiaLovesMe: @CAGWSkeptic @Swiftie01 @stopthebiscuit @sunlorrie 

Obama wants climate change
Obama approves NASA budget
NASA makes clim…",757361939601391616
0,How many layers of sugar coat did they get on that one?  whew. https://t.co/vVqoNNO2hi,757363665364398080
0,@1v1MeInBed @catsgomao i blame global warming,757387692661288960
0,I$q$m hot &amp; on the last part of this science shit. 😩. Fucking hate this bitch. Honestly no one cares about global warming.,757398609344204804
0,"RT @JhonRules: BERNIE SANDERS: global warming is a problem
TED CRUZ: obama is the leader of isis
SARAH PALIN: [into the wrong end of mic] y…",757482653884887041
1,"RT @FreeNelson2: $q$African American religious leaders have added their weight to calls for action on climate change, with one of... https://…",757543347535933440
2,Duterte: Fight against climate change should not hinder industrialization. | via @alexisbromero #SONAlive,757544993728843777
0,"RT @linnyitssn: Global Warming is made up by China.

-Donald Trump- https://t.co/bmqhoaO66N",757548641481613312
1,"RT @HFlassbeckEcon: How climate change is taking our planet apart. Warming, storms, fires in Siberia, rains, drought and solutions 
https:/…",757602479664082944
1,The fact that people have to remind republicans that global warming is real is hilarious😂 like bitch the polar bears are real life drowning,757628559179583490
2,China$q$s coal peak hailed as turning point in climate change battle https://t.co/QYe98uT0cZ,757649356141068289
1,4 Ideas the Technological World Is Fighting Global Warming #climatechange https://t.co/kTquSnZb3h,757694432267399168
0,Is @PolitiFact going to fact check the global warming video from #DemConvention?,757725870358274048
0,RT @LaurenWissenden: Swear to God people will start blaming @georgina_leighc for bloody global warming soon. Leave her alone for fuck sake…,757767896198180865
1,"we pushed for “it is the year of our Lord 2016, climate change isn’t even a debate, sit down” for the platform but party brass balked at it",757768393269186561
1,"Wish I could agree with ya, @SenSanders. But HRC is pro-fracking. Not exactly someone who understands climate change. #JillNotHill",757776249460760576
1,"@BernieSanders @MichelleObama @elizabethforma Refreshing to hear words like climate change, free tuition, women$q$s rights, equality ...",757776565383995392
0,RT @jaclynbrohl_: Bernie when he hasn$q$t mentioned climate change for 5 min #DNCinPHL #DemsInPhilly https://t.co/QWi1nzniTQ,757776591258738689
1,.@BernieSanders is talking to you as well @FoxNews #DemsInPhilly  https://t.co/DhVZARoZXv,757777348334915584
0,"RT @bencasselman: Interesting how much of this speech was dedicated to non-economic issues such as climate change and Supreme Court.
https:…",757778487579123712
-1,"RT @JaredWyand: If man made climate change is real

Why has NASA/NOAA/NSIDC been caught altering data to show warming

#DemsInPhilly
https:…",757782923890221057
1,RT @EnvDefenseFund: How climate change affects the monarch butterfly’s desperate fight for survival. https://t.co/OAiFvUPxa9,757783193290412032
1,RT @MailOnline: Could climate change lead to a WAR? https://t.co/Z85h8Ba32q,757793882721484802
1,@wefail #TuesdayMotivation How climate change is rapidly taking the planet apart https://t.co/3F0ztxUT4l,757881618694537216
0,"Natural causes of extinction
 - Climate Change
 - Changes in sea Level
 - Asteroids/ Cosmic",757884285911052288
1,"RT @CECHR_UoD: Mangroves can fight climate change
https://t.co/oPYrkyPBeH
#WorldMangroveDay
#resilience #biodiversity https://t.co/zeZZ3UtQ…",757897530503929856
-1,"RT @PatriotByGod: ISIS not mentioned on day 1 of DNC convention. We know Global Warming &amp; Air Conditioners are the real threat. SMH 
https:…",757922453175750656
1,RT @rahmstorf: Can Clinton convince Bernie supporters she cares about climate change? Let’s hope so: https://t.co/Uhpdi7rHLj via @slate,757940111925391365
2,"RT @redforgender: Battered by climate change, small island states turn to selling passports https://t.co/iKbhRKTj7D",757966129943945216
1,RT @BarackObama: 97 percent of climate scientists agree—climate change is real and man-made. Stand up for bold action: https://t.co/F0IC4JU…,757976031370313728
2,RT @Energydesk: Bernie Sanders: “This election is about climate change$q$ https://t.co/OP7dR2GMoS https://t.co/0q32WvXSv1,757977193737777155
-1,RT @AnnCoulter: Men shouting $q$Allahu Akbar$q$ behead priest in Normandy - https://t.co/LX1IUax8sG Pope blames global warming.,757979771024408576
-1,"RT @DRUDGE_REPORT: Obama Attendance at Paris $q$Climate Change$q$ Conference Cost Taxpayers $2,976,296.20... https://t.co/pQ4AWy7Zfh",757987292875108352
1,"RT @KatieRose2468: If we hope to fight climate change, we must ban fracking. @joshfoxfilm  @TheDemocrats #BanFrackingNow https://t.co/jkMdt…",757990962945748992
1,Tornado in Jozi? Climate change a real thing huh...,757992822498885633
0,RT @bellaunion: Apocalyptic new @johnwgrant video for $q$Global Warming$q$ - Premiering now on @theQuietus... watch it!! https://t.co/QP2wnDRRUD,757997315768680448
1,"When it comes to agriculture &amp; climate change, there$q$s lots to worry about, but carbon farming offers a ray of hope: https://t.co/PXVIP7zUEq",757999464573435905
2,Climate change risk threatens 18 U.S. military sites: study #Forex,758182404150300672
-1,"@WeatherWatchNZ not sure about the whole man made climate change thing, but...if this is it - sign me up. (Looks for something to burn...)",758202524851503104
2,RT @Independent: Scientists prove climate change increases the risks of war https://t.co/ArWXsuk3w1,758204445364629505
2,RT @guardian: Climate models are accurately predicting ocean and global warming | John Abraham https://t.co/kY9Njyp4FR,758274369974104065
1,"RT @Josh_Friedman: Also, science has saved my life twice. Go deny climate change to some other motherfucker.",758299115612573696
1,"RT @HillaryClinton: $q$Donald Trump? Well, like most Republicans, he chooses to reject science. He believes that climate change is a $q$hoax.$q$”…",758299819828011008
1,RT @DrJillStein: It$q$s time we took climate change seriously. This means banning fracking and ending $q$All of the Above$q$ which is basically $q$…,758305867817164800
2,"RT @cnsnews: Pres. Obama’s Trip to Paris Climate Change Conference Cost Taxpayers $4,165,068.40 https://t.co/yLrsBKyh8v",758316880499269633
1,My next car will be a hybrid &amp; I$q$m lowering my intake of beef &amp; seafood. Cattle is a huge contributor to climate change &amp; oceans are dying.,758359334497558528
0,White $q$Progressives$q$ are just bad as those in any White Supremacist organization. https://t.co/aKVtr0lZh9,758367821474562048
0,#NJB Updates NjB JAM!: Tomi Thomas – “Climate Change”: Tomi Thomas Releases a song off  Black... https://t.co/ivLUFW9HVX FF @Naijajambox,758379233609551872
1,RT @SenSanders: Climate change is the greatest environmental crisis facing our planet. How will Republicans address it? They call it a $q$hoa…,758402270014808064
1,Very true and his next level is flat earth and that climate change is a hoax to cover up the real reasons for all... https://t.co/VeRb7HxBPx,758406962862235648
2,"Shorter working week could improve our mental and physical health &amp; even mitigate climate change, research shows: https://t.co/T8IRft4yvR",758414786170331137
1,"RT @JimCameron: Climate Change. It$q$s Reality, Not Reality TV. https://t.co/67Q9AkXWcG",758447137709580288
2,RT @NPR: Gov. Jerry Brown on Trump$q$s denial of climate change: https://t.co/4i5CTyElJ2 https://t.co/SUnr3vDOYt,758447793237323780
1,"RT @VBDahlgren: Martin O$q$Malley:  $q$If the Chinese [wanted] to hurt America, they wouldn$q$t invent global warming, they$q$d invent Donald Trump…",758451344592150528
0,"RT @CraigRozniecki: DNC: $q$Let$q$s talk about climate change.$q$

Trump: $q$Climate change is a hoax! You know what really changes? My opinions! P…",758455462878674945
2,"Judicial Watch: Obama Attendance at Paris Climate Change Conference Cost Taxpayers $4,165,068.40 - Judicial Watch https://t.co/TW5T7ei2Hw",758469823730847744
-1,RT @ServantOnIce: @SebGorka what is this Jihad you speak of? Is it a type of global warming??? #DemocratLogic,758496571948277761
1,RT @joshuadubois: $q$If you want to fight climate change -- have to reach out to the coal miners. If you want to fight gun violence - have to…,758504214066716672
-1,RT @Letters4America: AGs subpoenaed over prosecuting climate change skeptics  &amp; VIOLATING CONSTITUTIONAL RIGHT TO FREE SPEECH - https://t.c…,758647351560933376
2,"Judicial Watch: Obama Attendance at Paris Climate Change Conference Cost Taxpayers $4,165,068.40 -  #news  https://t.co/quoxVsDHyP",758704933189353472
1,"woo hoo!

James Cameron calls Donald Trump a $q$madman$q$ over climate change denial

 https://t.co/NrptN6kNJU",758744590375526400
1,Evolution drives how fast plants could migrate with climate change~https://t.co/4VDLB7yiL2,758763952943882240
1,Dear corporate Canada: it$q$s time to pay for your part in climate change https://t.co/5TtsDARd2D #Americas,758771151573135361
1,RT @BarackObama: Our children$q$s health and prosperity is too important to ignore the consequences of climate change. Speak out now: https:/…,758779064186499077
-1,via @Heritage: ISIS or Climate Change: Which Worries Democrats More? https://t.co/8tSr0RihhY #tcot,758782018331213824
2,#weather Law to fight global warming gets strong support in California – SFGate https://t.co/jAEtFkJRWU #forecast,758810011665518596
1,"RT @aurabogado: THIS: thawing, thinning, melting landscapes (caused by warmer weather from climate change) means killer infections. https:/…",758821270104346624
1,RT @EBONYMag: $q$I$q$m voting for the progressive that will protect our planet from climate change and our communities from gun violence.$q$,758848721240993794
1,RT @ClimateDesk: Chelsea Clinton: $q$I$q$m voting for the progressive who will protect our planet from climate change$q$ #DemsInPhilly,758849558809939969
1,RT @HillaryClinton: $q$I believe that climate change is real and that we can save our planet while creating millions of good-paying clean ene…,758861000225337344
0,"@alivitali Well, Trump believes climate change is a conspiracy created by the Chinese to steal our manufacturing.",758862144372822020
2,RT @ABC: Hillary Clinton: $q$I believe in science. I believe that climate change is real and that we can save our planet.$q$ https://t.co/51A1B…,758863610957303808
2,Michael E. Mann says this is no time for a fake debate on climate change https://t.co/ebLKtL4ZEZ,758866131876585472
-1,@peterbriggs @Parker9_ @hoodsonco #kingobama$q$s latest climate change vacation cost taxpayers 3 million.  No outrage.,758868836179251202
0,RT @Jason_Keen: $q$I speak as the Shadow Secretary for Energy &amp; Climate Change in Jeremy Corbyn$q$s Shadow Cabinet$q$ says @BarryGardiner on #r4t…,758927356442480645
1,#KeepItInTheGround #ActOnClimate  https://t.co/fewFi4Foz4,758938811145388033
1,RT @ClimateDesk: Hillary:$q$I believe in science. I believe climate change is real and that we can save our planet while creating millions of…,758966738981576704
1,RT @climateprogress: How both party conventions talked about climate change (or didn’t) https://t.co/IdejxxTlVA https://t.co/T8Wx9bGC2M,759046154021666816
1,"RT @DrMatthewSweet: @cathynewman Draconian, semi-literate, and written by a climate change denier who works for a school with slogan $q$knowl…",759094889120399360
2,These Climate Change Regulations Will Increase Your Electric Bill - Daily Signal https://t.co/g9jsMxjPYT https://t.co/UZTDECpFE7,759165861135577089
0,RT @Liz_Wheeler: Do you want a party who didn$q$t say climate change or a party that won$q$t say ISIS? #DemsInPhilly,759190456110555136
1,"Ummm, this is scary. @WillMcD @ciliento @danielpmcd come seek higher ground in Westchester! ;) https://t.co/KXvVSRtIzm",759217176670765057
0,*RSOE Alerts* Climate Change - Asia - Russia [Asia] https://t.co/294EAnGgt2,759244547729874944
-1,It$q$s ebb and flow. Temps up and down. Global warming can$q$t be changed -- it$q$s nature. https://t.co/GtvaZCjWab,759297320211152896
0,On sent bien le global warming de son corps ... Merci @Guillaumahr,759411495952416768
1,[Serious] UN lists action you can take as an individual to help reduce global warming I decided to stop eating mea… https://t.co/fuHvCMeySw,759530446862581760
1,RT @UNEP: Global warming increases the risk of mosquito-borne diseases due to longer mosquito season: https://t.co/ruWcKa47C2 https://t.co/…,759788609826279424
1,GOP: Stop Denying Climate Change While Species Risk Extinction https://t.co/hxfjuBEnDD,759792716364546048
0,"MM on @WXGeeksTWC: (..climate change/global wrmng, whther more,fewr, r same # 🌀$q$s, as sea lvl rises strm surge is going 2do evn more damage)",759801396191498240
2,New York Times - Climate Change Divide Bursts to Forefront in Presidential Campaign https://t.co/OyjiaBkWrj,760060786639187969
-1,RT @ClimateDepot: There is $q$no observable sea-level effect of anthropogenic global warming$q$ https://t.co/OuKAmMC707,760077599372566528
0,@LeoDiCaprio @Schwarzenegger @Regions20  https://t.co/kfUX0BQc9z,760090632698331137
1,RT @DrJillStein: Update: climate $q$denier$q$ @realDonaldTrump is still building a sea wall to protect his golf course from climate change. #Do…,760110362171625472
0,RT @UNAGB: Happy #MUNday! A few pictures of delegates getting ready for their simulation on climate change last week! https://t.co/oBHMqrc2…,760133128820133888
2,Some fish tackle ocean global warming by pretending it$q$s night: OSLO (Reuters) - Some fish may cope with the ... https://t.co/K1ykUX1f7A,760137338278203392
2,"Movie Stars, UNIC Lagos take Climate Change Message to the Grassroots https://t.co/sCEBs6FziN",760160357520281600
2,RT @thinkprogress: Jim Inhofe’s granddaughter asked him why he didn’t understand global warming https://t.co/Dv0U5mFy4N https://t.co/4N1zEq…,760257602999549952
1,"#GreenPartyUS = #OurRevolution
Follow @DrJillStein 
Donate https://t.co/2czJ9fVP2D
#DemExit #ItsInOurHands #GoGreen  https://t.co/uPX1XrNxS4",760318996671504385
1,"RT @SethMacFarlane: Trump denies existence of climate change. Clinton acknowledges it as a major threat. Whoever u vote for, know THAT. htt…",760320189812596736
2,RT @ClimateCentral: Preventing global warming from exceeding 2°C requires 95% of all U.S. coal to remain in the ground: scientists https://…,760332632395624448
2,RT @ClimateChangRR: Democratic and Republican leaders worlds apart on climate change https://t.co/G9w7gzS78L https://t.co/yYfa036j5X,760361807697567744
2,Climate Change Blamed for the Anthrax Outbreak in Russia: Authorities are now blaming climate change for the ... https://t.co/AfWNn40OkN,760402438436171778
0,Trump$q$s climate change solution: https://t.co/AMml0dPyNE,760471364147015680
2,"RT @picardonhealth: #Anthrax outbreak triggered by climate change kills child, sickens dozens more in Arctic Circle https://t.co/6zZPYFXBb5…",760484330565144576
0,"RT @Haris__Official: Gf Ki Sis Is One Of The Reason For Global Warming, #ForgetIt But I Cant Forget Her ;-)",760527172746539008
2,Environmental records shattered as climate change $q$plays out before us$q$ https://t.co/gYiXWbSQmY,760534110200852480
2,India’s Environmental Minister: U.S. HAARP May Cause Global Warming https://t.co/Z4slqsbTmF via @LukeWeAreChange,760567777296089089
2,"Environmental records shattered as climate change $q$plays out before us$q$: Temperatures, sea levels and carbon… https://t.co/kKN1ptFHbD",760581857779945472
1,"RT @BernieSanders: Climate change is real, caused by human activity and already creating devastating problems in the United States and arou…",760627657461473282
2,Republicans increasingly noncommittal on global warming - U of M News Service https://t.co/H6g4HRxroB  - #GlobalWarming,760634852240560129
0,"RT @exostext: Bbh: boys are hot
Bbh: girls are hot
Bbh: why is everyone so hot
Ksoo: global warming",760681232803979265
0,"RT @GhoshAmitav: Great to meet this eager crowd at Jadavpur U, Kolkata. Who says young Indians aren$q$t interested in climate change? https:/…",760792318807011328
0,RT @timesofindia: Blog | Why Gandhi will not win the battle against climate change https://t.co/dme2L8hNk9 https://t.co/QOaxrPcPwX,760847681140854785
-1,#WakeUpAmerica https://t.co/gODsinHSv9 Fire Every NASA Employee Working On Global Warming Now. Take their salaries and their whole budget a…,760855790693523456
-1,"I bet you that if , if this is on the main stream media they will say 
 it was caused by global warming. https://t.co/Nv8gI8lxra",760923624425582592
-1,RT @redsteeze: Completely agree  https://t.co/w9KBh2jj5R,760964136150835200
0,👇🏻👇🏻👇🏻👇🏻 https://t.co/VSCoyETKIo,760966174893015040
1,#tytlive Which end? Climate change? Nuclear winter? Antibiotic resistance? Yay existential threats &lt;3,760969735756537856
0,"RT @AthertonKD: Fwiw, a nuclear exchange would lead to a global cooling event, not a warming one https://t.co/BYZf8kMFzV https://t.co/ZajLq…",760973539604303872
2,GOP Senator Compares Climate Change Activists To Stalin https://t.co/LtoiAhp4jX #jddci #civ2010 #gouvci,760980382317744128
0,"RT @Upstreamism: The logic is shaky, but Past Trump warning about Future Trump is, at least, a novel twist on the time travel genre. https:…",760994256207028224
0,RT @VisualMechanic: Trump is subtweeting himself. https://t.co/0qhnZvY8es,761003566710476800
1,RT @BeauWillimon: You just made the best argument for why no one should vote for you.  https://t.co/k0MGdfKOR1,761004593597837312
0,Como tu menso! #txlege  https://t.co/YCbS6GBEd5,761010101457039361
-1,Couldn$q$t agree with this more.  https://t.co/3Ru0xYkVf0,761022318080503809
0,RT @liamgallagher: Not going away Rkid coming thick n fast just like global warming as you were LG x,761028002918432770
0,@IChennaix Blame global warming,761030698564059141
0,"RT @randal_olson: The Internet never forgets.

https://t.co/YrxbMz1QZv",761030797973262336
1,RT @co2ppm: Melting $q$permafrost$q$ is turbocharging global warming https://t.co/9KoZdU7bbp via @NewsweekEurope #climatechange,761036715322597376
1,Is he being ironic? https://t.co/uLbtPAYRy1,761038273057738752
1,RT @DrJillStein: Hillary proves she$q$s not serious about fighting climate change by raising 💰 with a pro-fracking millionaire today.  https:…,761043767482691585
2,RT @michikokakutani: $q$Climate change could decimate California’s iconic Joshua trees.$q$ https://t.co/KxW2nJjjwP from @SmithsonianMag https:/…,761069559914729472
0,You can blame the terrorists for everything now. Milks turned? Terrorists. Trains late? Terrorists. Global warming? Terrorists. Bad tweets?,761100878690394113
0,"@GeorgeMonbiot Finally, you are not a lone voice in the media. And you have the Daily Mail to thank! https://t.co/kcmENUdjG0",761108039357259777
2,Climate Change Revives World War 2-Era Anthrax Outbreak In Siberia - Inquisitr News https://t.co/Fy4BpmWaiN,761113869154607108
1,RT @ASLuhn: Climate change is $q$playing out before us in real time$q$ report says. Arctic temp last August hit 8C above average https://t.co/1…,761119988757336064
1,GOP senator compares climate change activists to Stalin ⏩ by @c_m_dangelo https://t.co/hdCx3o1yKh via @HuffPostPol  Sit yr dumb ass down,761134306093731840
1,RT @jesseberney: I$q$d like to see global warming$q$s birth certificate. RT @realDonaldTrump [insane things],761146444472471553
1,"RT @monan_chuck: A serious question: how can the U.S. stop global warming if China (and India, etc) continue their habits? @neiltyson https…",761167390411370498
-1,RT @realDonaldTrump: The global warming we should be worried about is the global warming caused by NUCLEAR WEAPONS in the hands of crazy or…,761169547995013120
1,RT @mister_CMS: Wait... he$q$s campaigning against himself now? Cool.  https://t.co/nJE6tMOrvw,761189435887095808
-1,RT @studiesincrap: i only wish the checks critics got from Marvel were as big as what scientists get from the Soros/Alinsky globalists behi…,761209259438710784
1,"Let me introduce you to Global Warming. It is an ongoing crisis in the world. Instead of hating on someone you don$q$t know, go plant a tree.",761268493379522560
1,People who think climate change is a hoax should probably look around them. There is proof everywhere. Its affecting everyone,761279666460192768
2,"RT @nytimesworld: Australia$q$s government, a leader in climate change studies, reverses course on budget cuts  https://t.co/3eliJyNYgx",761311863397314560
1,RT @MythicalCrystal: Today I$q$m blocking all climate change deniers,761348450147446784
1,"From heat domes to rain bombs, climate change is changing how we talk about weather.  https://t.co/NgpzH38g41 https://t.co/G5YmTbicb1",761356068362424321
1,"@realDonaldTrump - $q$Re: My First Priority$q$: Fight climate change. The problem is real and urgent, no matter what lies Exxon tells you.",761381796802158598
0,RT @lauramaycoope: This sounds like my most annoying friend after 2 glasses of red wine on a night out https://t.co/bub1dla9Gg,761477067334676481
1,@LeoDiCaprio- KEEP IT UP! We at @CeresNews could provide you with plenty more #climatechange messaging! https://t.co/EzHgMiLLMZ,761572341692375040
-1,Oh goody! just what globalist oligarchs need-another reason to imprison normal law-abiding people ... https://t.co/DXrzOrzR31,761583055391694848
-1,#ClimateFraud  https://t.co/KAmwdprINk,761608497234444288
0,The Nuclear War Over Climate Change - Reason (blog) https://t.co/MUivs1PbHd,761643977464352768
0,RT @firstinformed: How Leonardo DiCaprio Got People to Care About Climate Change: It seems like Leonardo DiCaprio got a bunch of... https:/…,761647643655299072
0,May statement pa about climate change huhu #OpeningCeremony #Olympics #Rio2016,761710251246653440
1,"RT @elliegoulding: Addressing climate change, c02 emissions, deforestation. #Rio2016",761711586314715137
0,No one gets angry about over packaging! https://t.co/OVDyCNxyUq,761722699743916032
1,RT @elliegoulding: Respect for highlighting so beautifully and clearly the danger of Global warming during the opening ceremony #Rio2016,761723431905742848
0,"The Leo Effect: When DiCaprio talked climate change at the Oscars, people suddenly cared. https://t.co/NDJ7KHWhqm",761727577274851328
0,RT @McNamaraWWJ: Oh so the country that burned down the rainforest is going to lecture us on climate change. THANKS #OpeningCeremony,761729020723691521
0,"So, what is this $q$global warming$q$ of which you speak?",761729094241415168
-1,"RT @tkappstate: They just shot off tons of fireworks, can$q$t clean up their waterways and now are going to lecture about climate change? #Op…",761729141666439170
-1,The irony of being lectured about climate change by a country with FECES and dead bodies in their water. Clean up your own environment 1st!!,761729473800642560
0,"Great, now it$q$s about global warming.  Thought this was about coming together in the spirit of global competition, not being climate shamed",761729569917284353
1,"#Rio be like: Hey Republicans, #climatedeniers have no place at the Olympic Games. #Rio2016 #OpeningCeremony  https://t.co/6qAJrAhdzn",761729752721870848
1,climate change deniers. y u do this.,761729763576774656
1,"The fact that people still think rising sea levels is the worst thing that comes from global warming blows my mind… oceanic currents, people",761729930753302529
-1,"RT @benshapiro: Makes sense Brazil would focus on global warming. Probably distracts from Zika, corrupt government, and ocean of poop.",761731343730417664
1,RT @ariannahuff: Opening ceremonies have now addressed climate change more than Congress #Rio2016 #OpeningCeremony,761733965443059712
-1,RT @DLoesch: All the people there mad about climate change must have left super early to take all those row boats to Rio.,761740803383238656
1,"RT @tojustBe: So far Rio has touched on racism, sexism, diversity, AND global warming. This is beautiful.",761751634837987328
-1,"LOL BOOM! 

#Progressives #Democrats #Liberals https://t.co/GoKK8OoVbB",761753976714985472
0,"RT @BuzzFeed: bae: come over
me: i can$q$t
bae: they$q$re talking about global warming at the Olympics opening ceremony https://t.co/TF2qtVgjcx",761754717001093120
-1,What a waste of time on this climate change garbage. #2016Olympics,761759486889472000
-1,RT @TheBrandonMorse: FFS…climate change. Really?! Can I escape political BS one time? #OpeningCeremony,761815464569962496
1,RT @LeoHickman: Viewers in UK can watch climate change segment during #Olympics opening ceremony by fast-forwarding to 65 mins https://t.co…,761821644386074624
1,RT @katieeelouise_: Really impressed with that global warming montage. Well done Rio #OpeningCeremony,761842775159607296
1,RT @MarkRuffalo: The Rio Opening Ceremony Put Climate Change Front And Center https://t.co/Ziz9kUJ0ck,761856775884709888
0,"@reynardvi @CNePerson I know Olympics climate change , now some bloke about 7 yrs blah blah blah poverty bet he didn$q$t do it for free",761880382664904704
-1,RT @DA_Stockman: How the World was Deceived about Global Warming and Climate Change https://t.co/VrKbWHW6S1,761899122362384384
2,"RT @washingtonpost: In Olympics opening ceremony, Brazil goes big on climate change https://t.co/BhMK95w6td",761969426857988096
1,"RT @Brasilmagic: Climate change denier, Trump lover &amp; ignorant about other countries.  https://t.co/xPT260Yp5a",761982992495423488
1,@WhirlwindWisdom Gotta go with the party who will have the least negative effect on the environment. Its not just Climate change science.,762023611712417796
1,"RT @WIRED: “The impacts of climate change are no longer subtle. They are playing out before us, in real time.$q$ https://t.co/45dFVounTs",762039007165444096
1,"RT @greenpeaceusa: Exxon put its profit over people &amp; the planet, denying climate change. https://t.co/lgokzNjrwX #ExxonKnew https://t.co/w…",762070146798096384
0,RT @ramzpaul: Mental illness or climate change. https://t.co/B8DBkQH24t,762099897352892416
1,RT @TaodeHaas: Want to challenge science of global warming Roberts? You need to do more than shout slogans &amp; conspiracy theories at least p…,762137362725941249
0,"https://t.co/65NBonvawK
My scientific research is truer than yours",762211400970186752
1,RT @LeoHickman: Here$q$s how to demonstrate your research impact as a scientist. In front of three billion people... https://t.co/10IjguDEqS,762260328277159936
2,RT: AJEnglish: Indigenous tribes are working with scientists to tackle climate change in the US https://t.co/TMrNzV8hGX,762274852136968192
1,RT @YaleE360: This short film $q$After Denial$q$ explores how people react to infomation on climate change. https://t.co/zjluuYPTnG https://t.c…,762321336333176836
-1,RT @SteveSGoddard: Climate change is real. Chicago is no longer buried under a mile of ice. https://t.co/vhak4i7WEp,762328733265104896
1,RT @chris_m_neill: To the CTax isn$q$t market based gang: THIS https://t.co/6MclF8tPAc,762360634516180992
1,RT @SenSanders: It would be nice to put off worrying about climate change for a few decades. But the truth is we have no choice but to act…,762413193864048640
-1,"RT @rezn8d: CERN Debunks Climate Change Models – The Cloud Conundrum
https://t.co/lQQy2yJRfP https://t.co/jZUZNik9bT",762425625877422080
1,RT @AC_screenwriter: Climate change is here and we need to do something about it | George Monbiot https://t.co/3FfaX7JCEb,762604289407582208
1,"Are floods in India telling us something we need to think about?Climate change is real,coming faster than predicted.
https://t.co/KX5Wt649kg",762633421197676545
1,"RT @vatever: Imagine what the world would be like if we spent money on space exploration, climate change research &amp; medical research instea…",762664246358503425
2,Ice-buried Cold War military base may be unearthed by climate change https://t.co/vxEjZPmCDd,762664809858949122
1,RT @TheNewSchool: #IStartCryingWhen people think global warming is a non-issue. https://t.co/D3TEAwMhSE,762681127353987072
1,"Add that to the list 

-@POTUS birther theory
-China created global warming 
-unseen ransom $ to Iran  https://t.co/CYXFZi3Veg",762697993996959744
1,"https://t.co/ngYTgd25Rc RT forestcorps: Deforestation, climate change and ecocide, together we can tackle these problems.  Follow us and r…",762710419391873024
0,@ShaulaEvans global warming,762776774665134080
2,Olympics in Rio Opens with a #Climate Change Message https://t.co/UrqjR7Yrab via @CleanAirMoms #Rio2016 https://t.co/BTLFAPl0Mr,762810246116941824
1,RT @billmckibben: Americans watching the climate change segment of #Rio2016 ceremony are reminded that in most of the world this is not con…,762816274841931776
1,31 Science Groups To Congress: Stop Denying And Start Fighting Climate Change https://t.co/zrQsDq3Lqs,762835430899200001
0,RT @AndynolanEJ: My latest piece for @envjournal Does BEIS signal a change in direction for climate change policy?  https://t.co/CScabUwMxQ,762916672210608128
1,RT @BarackObama: These extreme records aren$q$t a fluke—climate change is largely caused by human activity. https://t.co/vENHkR9Exl #ActOnCli…,762993363591303168
1,These extreme records aren$q$t a fluke—climate change is largely caused by human... https://t.co/8viHxqsStA by @BarackObama via @c0nvey,763025750811353088
1,"if you deny climate change

1. listen to this: https://t.co/MoMRLKyUJ1
2. please explain to me how you can continue to deny climate change",763044809460318208
1,RT @CntrClimSec: Check out the Climate Security 101 Project for answers to questions like: Is climate change a security risk? https://t.co/…,763056801134759936
1,"Climate change impacts food secur.ty as crep yields decline due eo changes in temp, rainfall &amp; incxeased climate variability.",763064325099716608
-1,"RT @JaredWyand: From an ex-dem who used to buy $q$man made climate change$q$

It$q$s a total fraud &amp; liberals are suckers 😂

#PenceScience https:…",763103498204479488
1,RT @SenSanders: I worry about what it will take for climate change deniers to finally wake up and realize what is happening to our planet.,763106503096201220
1,RT @EarnKnowledge: This photo by Kerstin Langenberger shows how polar bears are being affected by climate change. https://t.co/pK06Yhqne2,763227585392279552
1,RT @readinganybooks: Climate change #books #reading #education https://t.co/5yz0SwAuBV | https://t.co/REbD5Ta6B0 https://t.co/RRoowtSGWU,763305281552052224
1,"RT @Soapysudsuk: It is not #carbonneutral , it is as polluting as #coal and is increasing the #deforestation of the planet. https://t.co/gr…",763346432086638592
2,Global warming hit 1.46C in March as records fall: Planet set for fifth successive warming year with average 1.21C… https://t.co/gEqqrflIia,763365936023740416
2,An epic Middle East heat wave could be global warming’s hellish curtain-raiser https://t.co/1TH1NlAmAy by @IranNewsNow via @c0nvey,763390570173763585
1,"When we talk about $q$social justice books$q$ in children$q$s literature, books dealing with climate change should certainly be included.",763399698417848320
2,RT @UKVAChief: Climate change a boost for #EnglishWine but has downsides for other regions... https://t.co/B59gYA8eYx,763412236757037056
0,RT @MagicRealismBot: An ostrich made of climate change is born in Orlando.,763700835754840064
0,Happy to be leaving DC and headed home!! Thank you @WhiteHouse for hosting the Sports &amp; Climate Change roundtable! https://t.co/nBXRUFI3Mg,763732685831467008
1,#ClimateChange #OurRevolution https://t.co/Y42TRhvrzt,763748999694196736
0,"RT @jo_revelette: #TrumpCouldSay,Climate change$q$s a hoax•Cruz$q$s dad helped murder JFK•Blood comin outa$q$her wherever•he$q$s no problems down t…",763760281185054721
0,Metro reader has that climate change thing all sorted. Spider farts https://t.co/SvZRcO8ql4,763838231402119168
1,RT @HFA: The choice on climate change couldn$q$t be more stark: https://t.co/K745PdjVmW. https://t.co/us7OyJcdx4,763848388408381440
1,Al Gore$q$s stirring new climate change #ad calls on world leaders. https://t.co/wxxwXNKwHW https://t.co/1js8yFj4h7 #advertising,764050139803561984
-1,@LogicalSon10 1) science is not a conspiracy. Some theories are jacked up for money. 2) evolution is real 3) climate change is not man-made,764083032571584512
2,"RT @CECHR_UoD: With droughts and downpours, climate change feeds Chesapeake Bay algal blooms
https://t.co/8LHhaN1Ko4 https://t.co/7NQnU0i7b6",764105525768224768
0,RT @lotterydude: Global warming? More like global hotting! #amiright #amny https://t.co/kwKTsbf4yQ,764109900939157506
1,RT @Gizmodo: Global warming will make it nearly impossible to hold the summer Olympics https://t.co/7sRRlIywKm https://t.co/JsFEdLyDEh,764137487870652416
2,Green News:  Mountain streams in the U.S. show surprising resilience to climate change https://t.co/uhKOvDAnCJ,764149748047548416
0,@Renee671949 lol..well you can. Tired of global warming Chicken Littles screaming the sky is falling,764288455354363905
-1,"RT @RickRWells: Kerry Obama Skimming $400 Million For Climate Change Bribe In Morocco
https://t.co/NWu92UyxDr https://t.co/o2aAWkwMp3",764296702975148032
2,"Church roofs, solar panels and climate change | Letters https://t.co/g9OdwzmfIj",764428631191982080
0,RT @holliethompson_: Yeah u a hoe for this one  https://t.co/qsSdwWLZpd,764520902264442880
1,"Way to go Barack!!! Thank goodness!
That$q$s a $q$Bern$q$ we don$q$t want to feel! 🙄 https://t.co/58mxETcRml",764537282078662656
1,RT @WhiteHouse: 2016 is on pace to be the hottest year on record. Here’s how @POTUS is acting to combat climate change: https://t.co/jCMTjX…,764630693091553280
0,RT @LilPunkAbby: the amount of brain cells I lost reading this is a direct effect from your mom not swallowing you https://t.co/irOneQeB49,764642119424237573
1,"RT @ITwingDSS: @Gurmeetramrahim ji it$q$s an unique way of birthday celebration by planting trees, reducing global warming &amp;pollution levels.…",764648588274233344
2,Environmental records are being shattered as #climate change $q$plays out before us$q$ https://t.co/JlB82WJgtm,764649602481913857
1,RT @Deepikainsan8: Trees reduce the global warming and soil erosion... #PhotoWithTree,764655391338860544
1,RT @MisterMetokur: So proud to see these young activists on the streets of #Milwaukee fighting back against global warming. https://t.co/4t…,764684085121933312
-1,RT @Heritage: US participation in the UN Framework Convention on Climate Change has wasted more than $10 billion of taxpayer money https://…,764686145401729025
1,RT @SarahEHoll: Wow. @ProfBrianCox - it$q$ll be like shooting fish in a barrel. Malcolm Roberts is climate change denier &amp; lunatic. https://t…,764702271716204544
1,Heartbreaking Image Shows The Devastating Effects Climate Change Is Having On Our World | TruthTheory https://t.co/gUp7NbLw1L,764780776579739649
-1,The climate change brigade are wrong again https://t.co/aWHdxl9hqC https://t.co/sA5u08918o,764805730209857537
1,RT @MisterMetokur: Activists in #Milwaukee are now stopping traffic to teach people about the issue of global warming.  So proud. https://t…,764828306197794819
2,Hitting the plastic slopes: Climate change pushes ski resorts to $q$weatherproof$q$ https://t.co/2xHUALAWFl,764857646398771200
1,"but it$q$s okay, because climate change isn$q$t real https://t.co/eKN4YUvdxS",764866762752024576
1,"RT @MrNegroMilitant: TheRealNews has uploaded The Dangers of Climate Change Aren’t Coming: They’re Already Here

https://t.co/Jyit78N3JD",764871437891043328
0,@asentance @runwaysuk @Gatwick_Airport climate change and carbon tax?,764885251122425856
0,@cliquetunes oh yeah I can imagine that 😅 move to Europe :p it doesn$q$t get as hot here. We had like one month of summer. Climate change.,764895916029534210
2,California bill would require more zero-emissions cars: California$q$s tougher-than-usual climate change policy... https://t.co/cXsbnDqM4t,764979122133053440
-1,@BarackObama STILL OVERLOOKS CHINESE POLLUTION &amp; LACK OF REGULATIONS - TOUTING CLIMATE CHANGE LIKE A 1 TRICK PONY https://t.co/En7CRLmmxc,764989851510812672
1,We can contribute a lot to curb global warming by using LED bulbs and saving energy: PM Modi #IndiaIndependenceDay https://t.co/QUSnGzcXRh,765016422372302848
1,RT @ProfPCDoherty: Useful discusssion of what the options are for the debate we should be having on anthropogenic climate change. https://t…,765053189565452289
1,RT @QuentinDempster: World governments must legislate to secure urgent mitigation of greenhouse gas emissions beyond Paris $q$consensus$q$.  ht…,765167038138494976
1,RT @NatGeoPhotos: Beautiful aerial photographs display dramatic perspectives of climate change:https://t.co/F7lZ9LJ3QB https://t.co/myUpcJh…,765185892210319361
1,RT @billmckibben: Sometimes I write a piece I think worth sharing. This is about the need to treat climate change as what it is: a war http…,765189693113708544
1,Spread the word!! https://t.co/sQsQfOuCNP,765234671760318464
1,"RT @Fusion: These seals are not only adorable, they$q$re also helping scientists track climate change: https://t.co/p8A5Wb3nZi https://t.co/g…",765234792170393600
2,RT @sciam: Activist Bill McKibben argues that a world war mentality is needed to beat climate change https://t.co/QRf78Q9SoL https://t.co/A…,765234958059311104
1,RT @climateprogress: Climate change will make choosing a city to host the Olympics almost impossible https://t.co/FXxytrKPju #Rio16 https:/…,765293931089301504
1,Physicist explaining climate change to a skeptic on TV is grim viewing: It was like watching an int... https://t.co/vRCePz11Hb @mashable,765386533570359296
1,RT @citycalfe: Watch how global warming makes corals $q$vomit$q$: https://t.co/xukEultEEw https://t.co/WVpr1EDKW2,765397810883731456
0,@FayMaur @davrosz . Roberts on Climate Change if Pauline Hanson believes in Climate Change he$q$ll bow work that out ? https://t.co/vUrNDLBRrs,765437668800868352
1,Global warming real af and it$q$s scary af,765446605277433856
1,Astrophysicist had the perfect response to climate change skeptic https://t.co/VMKxWl9if1,765519662608162816
2,RT @pieseautoonline: Leonardo DiCaprio$q$s Oscar speech moved the needle on climate change - https://t.co/7MNHoNKWWG,765539535577112576
1,This pipeline will only increase global warming. Keep oil in the ground. #NoDAPL  natives fighting for mother earth https://t.co/Izm51PaIQx,765558790758563841
0,@StephanieAbrams @Marrrrcussss global warming,765573077677797376
1,WWII Ad. Replace Hitler with climate change for today$q$s version. https://t.co/nPil15jrKL,765582185617297408
1,RT @BBCEarth: This small whaling community is on the front line of climate change https://t.co/YyYFe7BERo https://t.co/OK3dmk71Lq,765591907095318528
1,"RT @curvethatedge: TRUMP: give me the truth about global warming
FBI MAN: that$q$s not how this wor-
TRUMP: Earth is flat isn$q$t it
FBI MAN:
T…",765606406707748864
-1,RT @ReturntoOrder: “Expert” Says Rising Rapes In Sweden Due To... Global Warming Not Soaring Muslim Immigration https://t.co/rzSSuGhWtL,765628102617751552
0,@Tutswitter Auch @zac1967 hat mal recht... Vertwittert ja auch mal gerne Verschwörungstheorien wie/und climate change denial. @Elisabeth_S_S,765635818086080517
0,@RichardCowley2 It sounds like your issue is that you dont believe in climate change. Just say that rather than making accusations. Not cool,765690857328480256
0,RT @lyonnebaby: @nlyonne your RTs go from hilarious to climate change and I$q$m watching like https://t.co/Xg1OQz8e2P,765691403573735424
2,Breaking: New primary sector groups to support climate change goals - https://t.co/HCzvijkkYI (press release) https://t.co/nTfaB6Uhxn,765696721603002368
0,@neiltyson happy rolling climate change,765716968271908866
0,@nwayne66 Haha and global warming is a conspiracy.,765725070706679808
1,RT @Greenpeace: Highly qualified scientist meets climate change denier. Here$q$s what happens: https://t.co/9oZYMRMPaq https://t.co/XGFZkfvIJd,765728145643143168
1,"Crystal clear waters. It$q$ll only be this clean for a few more years guys, climate change is… https://t.co/tFWIPnexAc",765755018012221440
2,"Due to climate change, a village in Alaska voted on whether it should relocate https://t.co/arNhTbI1E0 #NewsSuite https://t.co/bRrqY6l1Tq",765809643633332224
0,RT @ValuingN: New Publication: LWEC Climate Change Impacts Report Card - Agriculture &amp; Forestry.  https://t.co/bZkIsXUXn5 https://t.co/rRq8…,765824659183009792
1,"RT @tveitdal: We have almost certainly blown the 1.5C global warming target: Current emissions: We reach 1,5C in 2024 &amp; 2C in 2036 https://…",765843791861481473
1,RT @AstroKatie: $q$I brought the graph.$q$ @ProfBrianCox absolutely slamming down a climate change denier on #QandA https://t.co/QWOEh6MW4q,765848552648142848
2,How an Inland ‘Brown Ocean’ and Climate Change May Have Fueled Louisiana’s Deadly Deluge: Climate experts dec... https://t.co/AExrTxas8S,765861261036748801
1,Prof Brian Cox totally wipes the floor with climate change denier.. Related Articles: https://t.co/vDY4P7bsUJ,765871913331720192
-1,@AstroKatie @gary4205 Maybe PhDs can determine whether Climate Change is based on a meaningless rounding error https://t.co/P5W7Sw4JfV …,765904597537828864
1,RT @CNN: Whale sharks are under threat from climate change. Meet the fishermen trying to save the world$q$s biggest fish. https://t.co/x0NJEj…,765910201014689792
1,RT @robmanuel: For anyone worried about their A-level results remember that it$q$s too late to stop climate change &amp; most of you will die fig…,765913724259594240
1,RT @lilradishn: Incrementalism will not work.  We have very little time to fix this. https://t.co/ngW0XwTQMe,766002137054736384
1,RT @TheBpDShow: It doesn$q$t until it does...then there would be no comparison https://t.co/LUpudocOhd,766008437046120448
1,RT @NormanBuffong: Astrophysicist had the perfect response to climate change denier https://t.co/rAubqjPCRD via @mashable,766065687089573889
1,Getting serious about climate change: A cheat sheet for U.S. candidates  https://t.co/tXiqLavntI,766155010946179072
1,Climate Change Is Making Floods Like Louisiana$q$s Histo... https://t.co/tug75BVmDS via @WorldfNature https://t.co/0m4gAm0eQL,766158364975902720
-1,Farmers’ Almanac Crushes Dreams Of Global Warming Zealots With ‘ICE COLD WINTER’ Forecast https://t.co/wSffAaOb25,766194323058597888
1,RT @AmazonWatch: $q$It’s not that global warming is like a world war. It is a world war. And we are losing.$q$ https://t.co/ZSBVbzKCiE https://…,766216868310945792
0,Climate change 🤒😂 https://t.co/1RPiwoY8UX,766230885377069056
1,RT @WorldfNature: When climate change becomes the new terrorism - https://t.co/WcXweHKTpu (blog) https://t.co/iXSzH9wXls https://t.co/K7tU5…,766260235833139200
1,Score your #ClimateIQ! What gas has the most significant contribution to global warming? #climate #science @UNITAR,766295619271000064
2,Scientists to probe ways of meeting tough global warming goal https://t.co/eSKAi73kgi :Auto pickup by wikyou,766326316505313283
0,RT @EdValleeWx: $q$You wouldn$q$t believe how this one cloud is signaling MEGA CLIMATE CHANGE$q$ #wxclickbait,766352606524571648
1,RT @keithellison: Starting em young at the Just-B-Solar Camp by @MNIPL! Climate change will affect kids &amp; they should be involved! https://…,766370114904002560
1,"RT @EricHolthaus: Just posted: An emergency episode of @ourwarmregards on the #LouisianaFlood &amp; link to climate change.
https://t.co/6yaGpU…",766387676656177152
1,Oh shit people need to stop denying Global Warming  https://t.co/LMEn6zktgk,766405898348662788
1,Expending energy talking over a woman? SAVE THAT ENERGY FOR SAVING THE PLANET https://t.co/RbriaeBJpj,766459280899833856
0,RT @SmithsonianMag: Could this bird$q$s song help its babies survive climate change? https://t.co/YLVCTBuGBe,766467180586082305
1,"RT @hayBEARS: if you think war refugees are too much to handle, ask yourself: what you intend to do about climate change refugees?",766477007068667904
1,RT @SarcasticRover: Climate change is real and there is no room in government for anyone willing to trade the future of a planet for profit…,766531809957908480
2,Climate change alters the rules of sperm competition in the sea #biodiversity #climatechange https://t.co/EwiZ9mCmba,766544028607258624
1,RT @DrRimmer: $q$Climate change has been caused by ignorance and stupidity and cannot be solved by endorsing more of the same.$q$  https://t.co…,766569334793572355
1,RT @sxmmo: read this thread and weep for our future https://t.co/GMCeOjfqFd,766608642661494784
1,"California burns, Louisiana floods... expect more disasters like this as climate change continues, says @EricHolthaus today @hereandnow",766657635953377280
1,"#news Extreme summer: From wildfires to deadly floods, global warming is increasingly apparent - Mashable https://t.co/jfGY7aF8UU",766669984944754688
0,"Pitbull Announces New Album ‘Climate Change’, Premieres “Greenlight” Video: Watch https://t.co/HVGJsGCrpR",766696498541322240
0,"RT @NotJoshEarnest: The President$q$s busy schedule prohibits him from visiting Louisiana, but he$q$ll be there soon to blame the whole thing o…",766720949320245248
2,RT @Alex_Verbeek: ‘Climate change is #water change’ — the Colorado River system is headed for major trouble https://t.co/FzmUiyFoCC https:/…,766723097529425920
0,"@michaelkeyes MSM will say that Trump flying on his private plane to LA is what contributed to the flooding, because Climate Change😂",766731330298060801
1,RT @SenSanders: Addressing climate change isn’t just about saving polar bears. It’s about preventing humanitarian crises like mass drought…,766756765325295617
-1,"RT @caperbuzz: @realDonaldTrump  George Soros Paid Al Gore Millions To Lie About Global Warming
https://t.co/Fw0irrXa2d https://t.co/PApkwH…",766810784202575873
1,RT @audubonsociety: Climate change may affect the way Mountain Bluebirds defend their homes against rivals. https://t.co/99uQGkBby3 https:/…,766821668794662913
0,"0/Those arguing against having children, or having fewer children, due to climate change, are practicing a form of exit, of which they are",766840312400445440
-1,RT @SteveWorks4You: HOLLYWOOD RAPS $q$HYPOCRITE$q$ LEONARDO DICAPRIO$q$S $q$GLOBAL WARMING ORG FOR EMBEZZLING$q$ 1MBD BILLIONS https://t.co/s5LnYFmAN…,766901539826982913
2,"Retweeted Washington Post (@washingtonpost):

“Climate change is water change” — why the Colorado River system is... https://t.co/Pc3gPtKPT4",766952170792955904
0,Bjorn Lomborg Discusses Global Warming part 4 https://t.co/exEKcf8WXB via @YouTube,766960762703097857
0,RT @dissentingj: I saw a GOP candidate ad today in Florida that criticizes an opponent for wanting to combat $q$climate change.$q$,766987291977846785
2,"Land-clearing laws$q$ failure jeopardises climate change targets, says minister

https://t.co/IpLMhMzU7S",767040339970560001
2,RT @tveitdal: Climate change: Netherlands on brink of banning sale of petrol-fuelled cars https://t.co/wYwI9QoTpl https://t.co/hpoNHUBuoE,767044574590099457
0,@john_frankel @vexmark how about a War on Global Warming? 🙏🏻,767073785283383296
1,"RT @jjhorgan: Christy Clark fails to act on climate change to protect BC enviro &amp; economy, &amp; abandons BC leadership position w/ this #clima…",767095981204570112
1,"RT @RealLucasNeff: climate change is a ludicrous conspiracy theory

But if 2 dudes put rings on each other, the sky monster will kill us",767113261460262912
1,RT @MrUdomEmmanuel: At the first Akwa Ibom State Climate Change and Clean Energy Summit https://t.co/YZJL4j5z01,767113389520871424
1,"@jolly_angelina @liamyoung @Harryslaststand It is, by some. Just not vast majority of UK military experts. Bit like climate change denial.",767121379900751872
0,"RT @GrumpyTheology: Me: Yay Im not a fundamentalist anymore. I dont have to worry about the great tribulation. 
Also me: oh wait I believe…",767150422972698624
1,RT @BarackObama: Climate change is not too big of a challenge to solve. We$q$re making good headway. #ActOnClimate https://t.co/s2yzyDqvNR,767159260392239104
1,"This Entire Alaskan Village Has To Relocate Thanks To Global Warming : For the low, low price of $200… https://t.co/lg2GP1lQAb | @good",767176555004960768
0,"RT @ProdigyNelson: Frank Ocean has this nation by the throat, he could probably solve global warming with a song",767221964696084480
1,"RT @Jumpthewave: UK politicians need to lead efforts to mitigate climate change, not shirk them. #climatechange #nature #green #bees https:…",767285622147014656
2,RT @guardian: World$q$s hottest month shows challenges global warming will bring https://t.co/4Ckx23pBfw,767372282293547008
1,"janeosanders: RT NatGeoChannel: .BillNye boils down the basic facts surrounding climate change in 60 seconds:
https://t.co/EYa41tIfJC",767372977482661889
0,RT @SnarkyC: Climate change doesn$q$t care about what$q$s hip and fashionable. https://t.co/mYC8wJPvLZ,767411542916816897
2,"Obama Delivers U.S. Truckers Bad News, Changes Fuel Emissions Standards in Name of Climate Change https://t.co/8OlNjXcHPb via @youngcons",767433633896554496
1,RT @ClimateGuardia: We have almost certainly blown the 1.5-degree global warming target and are sleep walking towards disaster.🌏 #Auspol ht…,767500948734259200
-1,"RT @travelervt: To The Horror Of Global Warming Alarmists, Global Cooling Is Here - Forbes https://t.co/MNDomhP9iq",767520236631388160
1,RT @HFA: RT if you agree: We can$q$t afford to take a step backward on combating climate change. https://t.co/3juphL3oTk,767543235149434880
-1,FAIL: Al Gore Blames California Wildfires on “Climate Change”…Then Police Nab Arsonist https://t.co/oPQiAHFrsN,767545857579155456
1,RT @nytimes: These maps provide $q$a glimpse of our future if nothing is done to slow climate change$q$ https://t.co/VDrJigQV7c via @nytopinion,767551795577094145
2,RT @realkingrobbo: Obama Strips Down NASA Probe Of Jupiter’s Moon To Pay For More Global Warming Research https://t.co/ta6TSd7nMg https://t…,767607503282503680
2,RT @GreatDismal: Climate change &gt; sexually-transmissible brain damage https://t.co/7745vBnL4d via @bruces,767713919523758080
0,RT @joshtpm: Like most empirically smart people I calibrate my opinion on climate change based on ambient temperature in the city I$q$m in on…,767732177228431360
1,"Finishing reviews of 200+ #Champagnes for @WineEnthusiast December. The wines are getting drier. Climate change, riper grapes, lower dosage.",767735568491053057
2,Connecting the dots on 2016’s extreme summer weather and global warming https://t.co/ZgjsBggMst via @mashable,767740020522299393
2,"RT @Lauren_Southern: $q$$q$$q$Libertarian$q$$q$$q$ Candidate Gary Johnson Backs CO2 ‘Fee’ To Fight Global Warming

https://t.co/Pk9KCWw8a2",767792838142791682
2,RT @postgreen: $q$Climate change is water change$q$ - why the Colorado River system is headed for major trouble https://t.co/Tc9PM4fQHM https:/…,767793379891515393
2,RT @POLITICOEurope: Young people believe climate change is the most serious issue affecting the world today https://t.co/Z5l5umEibn,767816287154298880
2,Uprooted: how climate change may kick off an artificial migration of trees https://t.co/r1uPwrPj1v,767816550636068865
0,Hillary blames women on climate change,767834039612878849
-1,"RT @CR: $q$Liberty-Loving$q$ Gary Johnson wants a carbon tax to solve climate change 
via @Robeno https://t.co/5jQy97wTen",767918812805140480
1,RT @ClimateReality: There have been no documented cases of smallpox since 1977. But climate change could change that. https://t.co/MxQMLxCd…,767927653684785153
1,Of course climate change is helping create more powerful storms. Its basic science how heat travels from the equator toward the poles.,767943031945359361
1,"RT @SecularDutchess: Now that we$q$re speaking of it, I find climate change deniers very wrong and dangerous as well. I can now ban their spe…",767952697358184448
2,Arctic Refuge Hit With Double-Whammy: Climate Change and Oil Development via @EcoWatch https://t.co/HlPwggLKaf,768019393305600000
0,"RT @BillClintonTHOF: Hillary uses Private Jet to attend Bills birthday party 20 miles away. Global warming, what difference does it make? h…",768121391187005440
2,RT @CNN: Bill Nye: Climate change is reason for Louisiana floods — and it$q$s going to happen again https://t.co/3q5KMjTJmo https://t.co/otPJ…,768127601797894145
1,"So #loathsomeLeadsom$q$s first ministerial act is a badger cull, not climate change action. Good to see she$q$s on top of priorities. #facepalm",768139477885788166
1,"RT @voxdotcom: The Louisiana floods are devastating, and climate change will bring more like them. We’re not ready. https://t.co/cZTi0lnUlJ",768156154929217536
0,@Climatologist49 @TomNiziol global warming?,768180109476003840
1,"How climate change will impact animal migration, in one map https://t.co/GXabAfxdWL https://t.co/Wr28pYOXrt",768197507746758660
0,"RT @ezralevant: First sign of trouble, you blame your staff. When you so clearly demand the Kardashian treatment. #narcissist https://t.co/…",768243672932548608
0,"RT @DarrenWorldDom: 21st century busy town jobs

rage pundit
web design complicator
climate change denier
tech startup executive https://t.…",768247630724009984
1,OMG.... https://t.co/GxGJR7GakX,768249741838659584
2,A New Report Says Global Warming Will Cost Millennials $8.8 Trillion https://t.co/wvJinEMNDG,768308125090799616
1,RT @SenSanders: Millennials will lose $8.8 trillion in lifetime income because of climate change. We cannot afford to do nothing.,768319932727631872
1,"@BillNye Bill Nye Calls Out CNN ‘Climate Change Denier’ Meteorologist Live On-Air: ‘Knock Yourselves Out’
https://t.co/82WuNWHyfN well said👍",768320157626138624
1,Stop preaching PETA. Deforestation is greater threat. Global warming is real. 😂,768331233092706304
1,"RT @AylaDtK: The economic crisis,  the global warming aren$q$t challenges big enough. No, we need to create our own disasters.#WTFFrance",768333718700302336
2,Bill Nye Rips CNN For Having $q$Climate Change Denier Meteorologist$q$ - Huffington Post https://t.co/8huMAU1OcO  - #ClimateChange,768421532540342273
2,Scientists Are Using Seals to Map Climate Change https://t.co/14aFqkESsJ via @ozy,768427058766675968
1,"RT @democracynow: Obama Tours Louisiana Flood Damage, Does Not Mention Climate Change https://t.co/v5gcJwntPA https://t.co/SZWxyiaBSU",768513387986718720
2,Human-caused climate change has been happening for a lot longer than we... https://t.co/e7YZTUM9eG https://t.co/M89fblPHgF,768526593199337476
1,RT @McMasterAlumni: #McMaster alumnus @JamesOrbinski $q$89 spoke to @CMA_Docs #cmagc about the global health threat of climate change: https:…,768557076381593600
1,"RT @SenSanders: Without action on climate change, the average 21-year-old college graduate in the class of 2015 will lose over $126,000 in…",768562969831698432
1,A new podcast from @EricHolthaus &amp; @JacquelynGill asks: Can future climate change matter today? #ActOnClimate https://t.co/lV3M6ny1Dz,768564667048419328
2,Humans have caused climate change for 180 years: study https://t.co/eDlmGg0BrF,768588782543273986
1,"Mary Ellen Harte: Climate Change This Week: Heating Up, Melting Away, Upping Wind Power, and More! https://t.co/hGf5fkxrQX | @HuffingtonPost",768599075142840320
1,RT @350: How climate change is increasing forest fires around the world https://t.co/jSynL165RI https://t.co/Ka76fCvMac,768623200473346049
0,J$q$aime une vidéo @YouTube : $q$LOUISIANA FLOODING BLAMED ON GLOBAL WARMING!$q$ à l$q$adresse https://t.co/MSK72AIY8r.,768628254878072832
0,The Bros The more tho climate change at the internet source 🍵 “Taboos discourage some polling data i will read it off.,768649822127521792
2,Climate change: Trade liberalisation could buffer economic losses in agriculture | Global Milling | @scoopit https://t.co/7pkZe3nAo0,768733217658642432
0,RT @apmnicimod: Implications of Climate Change for Water Resources and Policies in the Indus Basin - #HIMALDOC https://t.co/ReQirXzf4M,768746247855435776
-1,RT @SharonMcCutchan: Trillions of taxpayer dollars wasted because Soros concocted global warming hoax &amp; paid Gore to sell it?,768794330748243969
2,RT @JamaicaGleaner: Cabinet gives nod for Climate Change Advisory Board https://t.co/lCviK4wiJt,768890575848296452
0,Let$q$s ask the event hosts: Will the Americas$q$ Climate Change Summit have livestreaming video? @SemadetJal @TomBuckley519 #CCCA2016Jalisco,768892879733350400
-1,RT @SteveSGoddard: Did I ever mention that $q$climate change$q$ is the biggest scam in science history? https://t.co/1jv1EYwNfn,768907860159950857
-1,Liberal AGs who targeted climate change dissenters are being forced to disclose ties to environmental groups. https://t.co/8vw7NgrVMw,768947315088367617
1,Scientists Confirm the Impacts of Climate Change Began Right After We Started Burning Fossil Fuels | @DeSmogUK https://t.co/BLO4E7pU38,768962635412955138
2,"Retweeted EDF (@EnvDefenseFund):

A new report says global warming will cost millennials $8.8 trillion.... https://t.co/ueh8d6hayU",769083978120826880
1,RT @Mendonca_Cris: Race to limit global warming. My main personal target is to reduce emissions from flights #sport4climate #1o5C https://t…,769135932234731521
2,RT @techinsider: Human-made climate change started twice as long ago as we thought https://t.co/HDSgttnRCK https://t.co/tSVgrf3qLI,769176502491553793
1,RT @Greenpeace: Young people could lose trillions of dollars as climate change disrupts the global economy https://t.co/aG1O50zwTu,769199151078858753
2,"Hickenlooper defends 35 percent carbon cut, navigates climate change minefield via @denverpost https://t.co/TNv4DdQShh",769204760041914368
1,"RT @pep1617: pls RT
Don’t forget to register for free for our PEPTalk on Climate Change
@GreenRBK
@RTGreenParty
@KUyounggreens
https://t.co…",769237252249624580
1,An important read and an even more important understand of the science! https://t.co/Ow5Q8kOsMi,769334229742125056
2,NASA aircraft probe Namibian clouds to solve global warming puzzle https://t.co/KAN51urId2,769398350999330817
1,RT @DMHarkin: Just got a sneak peek of a map we$q$ve commissioned on Climate Change &amp; the Historic Environment. So GOOD @HistEnvScot https://…,769495560910938112
0,RT @billboard: .@Pitbull talks $q$Climate Change$q$ album in $q$Beyond Worldwide$q$ @FuseTV special (exclusive) https://t.co/ULsZ6nWMAT https://t.c…,769534235908698112
1,We need to view climate change the same way we viewed WW2 - and act accordingly https://t.co/So5ucPnYdX,769588670328430592
1,Why Global Warming Started Earlier Than We Thought #climatechange #industrialrevolution https://t.co/X1SnHFOBAR https://t.co/P9QnZcEap7,769631450375282688
1,RT @UN: Addressing climate change is up to everyone. Here$q$s how you can do your part: https://t.co/uE8W7SyBk4 #GlobalGoals https://t.co/Cyj…,769657280551849984
-1,RT @SheriffClarke: https://t.co/CjJU1kFs0z Oh you$q$re kidding. I thought everything the lying left tells us is a universal truth like global…,769670067885932545
-1,"RT @weknowwhatsbest: On his own, Obama just closed 60% of Hawaii$q$s fishing waters, the size of 3 Californias, to study climate change. Stud…",769781227674972160
1,RT @ClimateCentral: This is how climate change is increasing the number of unhealthy air days in the U.S. https://t.co/HHNuSmcaZN https://t…,769852480851156992
1,"RT @WeNeedHillary: Mike Pence: $q$Smoking doesn$q$t kill$q$ https://t.co/nhE0agWWRW
&amp; earth is flat, &amp; no global warming, &amp; gravity myth…
#p2 htt…",769880737562566657
1,"@AngeloJohnGage I$q$m pro choice, pro justice reform. Believe in climate change and think health care is a right not a privilege. Easy peasey",769909345052192768
0,Ice Flow climate change game puts the fate of Antarctic penguins in your hands https://t.co/CmJeWgBUnK,769920011028795392
2,RT @cnni: Bill Nye: Climate change is reason for Louisiana floods — and it$q$s going to happen again https://t.co/afaNb5WBxg https://t.co/mXn…,769927297327566849
1,RT @alisdaniela: The benefits of #green areas and #trees in cities for #climate change  abatement #greencity #smartcity via @unfccc https:/…,769935076343906304
1,RT @TG_3_: Democrats are silent on climate change when president Obama opens public lands to fossil fuel companies For real solutions vote…,769967730497875973
1,Perhaps @UNEP$q$s commitment would look a bit more serious if they used $q$should$q$ instead of $q$could$q$… https://t.co/fQ7Nw8RkJd,769970073041825792
1,RT @ClimateCentral: Climate change could be coming from the Southern Ocean$q$s krill. That$q$s a really big deal https://t.co/qvFw8UOEqD https:…,770052670862352384
0,"#ClimateChange https://t.co/tAziaYm3By The Heartland Institute hosted its Sixth International Conference on Climate Change in Washington, D…",770179208014393345
1,RT @Greenpeace: How is climate change affecting your health? https://t.co/kY3jbQIbKf https://t.co/8FiiPUNXi5,770224524549906432
2,Climate change could cut coffee production up to 50pc by 2050 report shows https://t.co/gk4gPwkiRk,770239486039031808
1,RT @Kwitaizina: Student presentation:Almost all plant species in #Rwanda are susceptible to global warming. #Conservation is important. #kw…,770264181861916672
2,“Trump May Be Making Republicans Increasingly Doubt Global Warming” by @ADavilaFragoso https://t.co/eFiC4t7Taa,770336261840203776
0,I want to s*ck your 🇩️🇮️🇨️🇰️ 👏 #bitch ➡ Find a link on my page :* #flirt https://t.co/GcFIrdpupV,770377497183604736
1,"Or @DrJillStein, or @GovGaryJohnson. Not really a binary choice when there are four candidates  https://t.co/HLARMP7DyU",770437805222744065
0,RT @TimWattsMP: Old Malcolm: $q$I will not lead a party that is not as committed to effective action on climate change as I am$q$ https://t.co/…,770467689538154496
1,RT @craigsperez: my new poems at @poolpoetry thx to @PoetryEngineer: $q$Christmas in the Anthropocene$q$ $q$Love Poem in a Time of Climate Change…,770490357528297473
1,RT @RMcGreevy1301: This is really important re: climate change. BBC bans unqualified cranks from debate. https://t.co/fFGYGfsYVj,770507678821060608
2,RT @allan_crawshaw: Climate Change Could Cut Coffee Production by 50% via @EcoWatch https://t.co/EJMxsdchjE,770650534533398528
1,RT @cloudsatIas: water is wet https://t.co/018rvdNtOL,770655010883571713
1,RT @HillaryClinton: The choice in November: a president with real plans to combat climate change—or one who calls it a hoax. https://t.co/t…,770698995723276288
1,"RT @BadAstronomer: Climate change is hard to grasp for a lot of people. Why? It’s slow. 

https://t.co/Sj4drJIHvL",770714111382425600
-1,RT @100PercFEDUP: New post: WHITE HOUSE GOES ROGUE: Obama Approves Global Warming Treaty Without Congress!…What About The C https://t.co/UW…,770720476750422016
1,RT @GlblCtzn: $q$Climate change is no longer about the future; it’s the present.” https://t.co/45w4hqdkGs,770754719895674881
1,RT @joelgehman: Is #climatechange an #outlier problem? Just 90 companies account for most climate change https://t.co/xVZTiJlDWl https://t.…,770766443948433408
1,"RT @lisadempster: It isn$q$t about climate change anymore, it$q$s about climate trauma - Sheila Watt-Cloutier #mwf16",770905423259901952
1,RT @geoawesomeness: This #map shows how animals will have to migrate because of the climate change https://t.co/rRxrudopnL https://t.co/3tj…,770966801836572672
1,"RT @EricHolthaus: Hawaii’s twin hurricane threat this week is a preview of climate change.
https://t.co/miJB3QcxXZ https://t.co/AOJcnOrVYq",771044471106568192
1,"RT @UberFacts: If you$q$re 30 years old or younger, there hasn$q$t been a single month in your entire life that was colder than average, due to…",771138747765256192
1,Coffee Production May Drop 50 Percent Thanks To Climate Change – ThinkProgress https://t.co/91zbfQjnTx,771139165673119744
1,RT @ChristineMilne: Tragic that Climate Change Authority has been gutted by political appointments to Board. Another blow to #climate actio…,771142119054462976
1,RT @Bockoski: Are there really still people who don$q$t believe in global warming? Bc it exists and it$q$s affecting key wine regions.,771149254152839168
0,"#At Lake Tahoe, Obama links conservation to climate change #jobs # #home: #Standing beneath the forest-green ... https://t.co/APqRnL63mN",771224553997553667
0,"Calling for Expressions of Interest
Myanmar Climate Change Alliance (MCCA) is jointly implemented by the United... https://t.co/uHndBQYSn5",771244321517424641
0,RT @dailytelegraph: Live Blog: Baird has revealed he is not a global warming sceptic. https://t.co/2j035XFMFX  via @MilesDGodfrey https://t…,771253825550159874
1,Why Climate Change Could Be Impacting Your Health—And Even Your Skin https://t.co/LsfS0e3XAA #fashion #style #trend https://t.co/oXDxQhTdgv,771335129616834560
1,RT @Rendon63rd: A session where we passed landmark legislation on climate change. On parental leave. On the minimum wage. On the earned inc…,771366530726539264
1,RT @ClimateCentral: This is what the future of National Parks looks like in the face of climate change https://t.co/xCTL1kKKzc https://t.co…,771395470937600000
2,Obama To Announce New Climate Change Help For Island Nations https://t.co/JDSWXWtUib,771396153367793664
2,"Pope Francis: Global Warming a ‘Sin,’ Man Can Atone by Recycling and ‘Car-Pooling’ https://t.co/TUssMP7w7u https://t.co/0sj3XHUpV2",771410388843921408
2,RT @WorldfNature: World$q$s Oldest Fossils Discovered Due to Climate Change - National Geographic https://t.co/G5p2LAbN7b,771424515746299904
1,"In Race Against Climate Change, Innovations To This Ingredient Could Determine The Future of ...",771424729362149376
1,RT @Gizmodo: One of the most convincing climate change visualizations we$q$ve seen: https://t.co/8xUohzjQyd https://t.co/BCbxmtADgK,771516543402258432
1,RT @IdleNoMore4: #RT Idle No More Co-founder says clearcutting threatening way of life &amp; contributing to climate change https://t.co/FqkKuc…,771521493616451584
2,RT @MailOnline: Pope Francis calls global warming a $q$sin$q$ https://t.co/YmL9cHU4DL,771523924441956353
1,#ICJ4ICJ #IUCNCongress Polluter pays can also be invoked to hold states resp for climate change. #envlawfutures,771525301981450241
1,RT @SusanSarandon: Everything about this pipeline is wrong. Obama? Hillary? Awfully quiet for people who believe in climate change.  https:…,771552373177069568
1,RT @DrJillStein: I spoke with @thenation about the #GreenNewDeal to create 20 million jobs and halt climate change! https://t.co/pH6mh7dduP,771553235207229440
0,"RT @muglikar_: Case filed agnst ministry of shipping/environment, forests &amp; climate change along  with the port authorities of 11 states an…",771568586947072005
1,"Did you know the US Military is preparing for a massive refugee crisis, conflict, and eventual world war because of global warming?",771730325382762496
-1,"@roysebag Global warming is a scam that people believe is real. Gold is real, but people believe it$q$s a scam!",771750711344234496
2,Obama warns on global warming$q$s impact on trip to Midway Atoll in the Pacific https://t.co/Ik9w7GjjDj via @AP https://t.co/Eiv2qYlK1N,771754570737418240
-1,"RT @scrowder: Debunking Top 5 Climate Change myths. For you, the people. FULL VIDEO &gt;&gt; https://t.co/MYmM1awwNf https://t.co/rSE44qZdnj",771777450845974529
-1,RT @BradleeDean1: Soros’ Puppet Obama Going to do Exactly As He’s Told: Sign Climate Change Treaty https://t.co/oFlTNSQLqQ via @BradleeDean1,771816461031604224
2,China parliament ratifies Paris climate change agreement - https://t.co/SPFFCYt1Os,771889498594607105
1,RT @RavMABAY: I am SO DAMN sick hearing about emails! Cmon press: what about gun violence? GLBT rights? Women$q$s equality? Racism? Global wa…,771914156123430912
0,Fascinating insights into the impact the decline of newspapers had had on the reporting of issues like climate change #mwf16,771916370892107777
2,#Hawaii #Maui #Oahu #Kauai World$q$s biggest polluter China ratifies Paris climate change deal https://t.co/tNYQIwrStY,771987694595502080
1,RT @RonAllenNBC: @POTUS commits US to formally join Paris Climate change accords $q$Someday we may see this as the day we saved our planet...…,772017022871953408
2,"UPDATE2: China, U.S. ratify Paris climate change accord https://t.co/1bElSOqL0g",772026171039084544
0,"@PatrickOwlan @vaughn_mendoza olan, wag ng dagdagan ang global warming pls lang, nakaka inet sayang kaputian namen 😭",772041317522157568
-1,"RT @davidharsanyi: fixed: obama pretends constitution doesn$q$t exist, again https://t.co/IfYFX7W0JJ",772071191452512256
1,RT @elliegoulding: @andrealeadsom Start taking climate change very seriously please. It$q$s your responsibility as environmental secretary.,772084156633194496
2,"HEADLINES: Breakthrough as US and China agree to ratify Paris climate change de… https://t.co/rBP3bo38MC, see more https://t.co/YUEpmhrPwS",772093946638008321
2,"RT @nytimes: Special Report: The flooding of America’s coast, caused by global warming, is $q$not a hundred years off — it’s now$q$ https://t.c…",772107249569247234
1,"Almost in a way that suggests that if you give a crap about climate change, you should actually turn up to vote? https://t.co/ar6V2w4JWN",772113140381126657
1,RT @NoFloatStocks: Climate Change Is Coming for Your Coffee - WIRED #chrisbrogan #growthhackers #hootsuite #www.Bionovelous.com $onov https…,772120033216442368
1,"RT @PeterGleick: Congressional #climate denial had been $q$immune to the rising evidence of harm from human-induced climate change.$q$ 
https:/…",772134667051040768
-1,"RT @ClimateTruthNow: The #story of man-made global warming is a story of science fiction put forth to advance a primitive, collectivist pol…",772172229350162432
2,"RT @nytimes: Scientists$q$ warnings came true: The flooding of America’s coastlines, a consequence of global warming, has begun https://t.co/…",772174546652782593
1,RT @IrinaBokova: Strong decision by Russia to create largest marine protected area in arctic ocean. All united against climate change https…,772176113342775296
2,Obama and Chinese President Ratify Landmark Climate Change Agreement $q$To Save Our Planet$q$ - ABC News https://t.co/R6GGMhWU8W,772184674076532736
1,"RT @HillaryClinton: A reminder as America officially joins the Paris climate agreement.

We can’t stop there: https://t.co/RRy44trUGH https…",772188266372018176
1,"Flooding of Coast, Caused by Global Warming, Has Already Begun https://t.co/8W6wLAlywN this is a huge businesa opportunity",772191738668716033
1,Global warming is here. Thermal expansion of oceans leads to flooded coastal areas. Just wait until Greenland melts  https://t.co/YhirIt1vtB,772204305499688960
2,"RT @dremmelqueen: President Obama seals landmark China climate change deal, Hillary approves, Trump baffled https://t.co/zqVPKacpG3 via @da…",772205654354255872
2,"Flooding of Coast, Caused by Global Warming, Has Already Begun, via @nytimes https://t.co/k40NfhFirE",772216713114886145
1,RT @Eric_Doherty: $q$Salt-loving marsh grasses . . taking over suburban yards$q$ = Time 4 serious #ClimateAction . . like #LeapManifesto https:…,772227170286440448
1,Is this person REALLY the Republican Nominee?! I feel like we r living in the effing Twilight Zone! #stopthemaddness https://t.co/ygBS5AUEuo,772234869141151744
0,I miss getting messaged everyday relating to Climate Change and people still healthy?,772268182715310080
0,UCCS Climate change class makes waves https://t.co/okjqfA29X9 https://t.co/rCCwwprzd9,772304134657552388
0,$q$Climate change is coming.$q$ $q$So is your Ma.$q$ Thank you Galway for the wonderful time. Wish… https://t.co/xQyR63YfjG https://t.co/Ry5jMnUhIy,772401782546898944
1,RT @profadamsobel: The @nytimes Sunday front page above the fold is 100% climate change today. Coastal floods &amp; US-China ratify Paris. http…,772437678419828736
1,"RT @roti888: $q$Climate change deniers ,curb habits$q$ .leaders should be role models not two faced opportunists @FrankMcveety https://t.co/JRH…",772471744011599876
1,RT @nytimes: How global warming has increased flooding on the Atlantic and Gulf Coasts https://t.co/iSKhaGDVJl https://t.co/v8N11l3Y7T,772540237885108225
0,RT @tom_peters: Bulletin! Naval bases are on the water! Flooding imperils bases. Congress stops spending for preparation. Says climate chan…,772541054977511425
2,$q$Untrue and dangerous$q$: Climate Change Authority board at war over its advice to Coalition https://t.co/CIf511Aloo via @smh,772577810003091456
0,"RT @LBluvsGOP: Always funny to see the same people, who dismiss global warming as a false theory, mock us for dismissing #HillarysHealth as…",772626323239952385
-1,It$q$s about Obama: Why deal with reality when you can deal with climate change? Іt’s much easier! https://t.co/D09q0p2wBg,772671045304193024
1,"The French Climate-Terror Connection. Does climate change play a hand in France$q$s terror problem?

https://t.co/pVJoXa5pVf",772692799091245057
2,"Climate change threatens to double malaria risk from African dams, say researchers: The number of Africans at... https://t.co/4mVnwkLWLr",772755743015522304
0,Does anyone think global warming is a good thing? I love lady gaga!,772790051809918976
-1,@HillaryClinton @realDonaldTrump As a person living in Massachusetts global warming is just a way for you liberals to take our money #Trump,772818482866118656
1,TulsiGabbard: I will fight against environmentally-damaging legislation and reach across the aisle to combat climate change and support cle…,772876642523942912
2,"Storm Hermine$q$s damage fueled by global warming, scientists say | US news | The Guardian https://t.co/yAo4NtTdDQ",772915661081313285
1,Why climate change is a threat to human rights https://t.co/eDLQ5GavU9,772916419809779712
2,"Global warming making oceans $q$sick$q$, scientists warn:  https://t.co/sfEZKiRLeZ",772917521984786432
1,@RRamachr my thoughts on how future #Agtech and food #innovation will help win against climate change https://t.co/06ny9FPkbQ,772963073552515074
1,"Flooding of Coast, Caused by Global Warming, Has Already Begun https://t.co/binv3xUeCH",773026957160218624
1,RT @Yesenia_mcj: One Look at These Images and You$q$ll Be Certain That Climate Change Is For Real... https://t.co/jcXopJpcbq,773029136096866304
0,I wouldn$q$t like to mess with Narendra Modi$q$s Security team. Never seen a group look so bored. https://t.co/7rCSPa26C9,773041907861745664
-1,RT @MerienneL: #HUGE NEWS #Tens of Thousands Of Scientists Declare Climate Change A Hoax https://t.co/sm5xysl6HO via @peoplesvoice_tv,773078752016211968
2,"#Climate change threatens to double malaria risk from #African dams, say researchers. @Reuters 
https://t.co/WrQ0678kYz",773088422739251200
0,"RT @shoe0nhead: no police shootings in UK quick make something up we need BLM to like us

uh. climate change is racist?

perfect brb https:…",773119365294075905
-1,RT @FBRASWELL: Who is driving the climate change alarmism? Listen and find out! - Climate Change: What Do Scientists Say? https://t.co/y2Ct…,773127804510580736
1,"RT @HillaryClinton: Our planet$q$s future depends on the decisions we make now.

RT if you agree it$q$s time to combat climate change. https://…",773131168208318464
1,RT @extinctsymbol: Almost 40% of lizard species are expected to become extinct by 2080 due to climate change: https://t.co/cKqzi91ioG https…,773209203183874048
0,Is climate change just Earth shaking off her human fleas? Ellie thinks so. https://t.co/M1qSXlVOOa #ecofiction https://t.co/234uNwlGy1,773239349634662401
0,Guns do not contribute to the global warming. Guns are green... https://t.co/KVLwZqQPZd,773240259022721024
1,"RT @HillaryClinton: We can take on the threat of climate change and make America a clean energy superpower.

Or, we can do nothing. https:/…",773252035428909056
2,#econoticias Climate Change Authority$q$s move to Canberra raises independence concerns https://t.co/1V7th2dDBV,773257802227867649
1,RT @keithlaw: The Maldives tried to sign it too but their pens wouldn$q$t work under water  https://t.co/A7clEGkgTH,773341445730267137
0,Pitbull/Climate Change - TOWER RECORDS ONLINE https://t.co/elM9a2yIAL,773461537285701632
1,Meet the woman who first identified the greenhouse effect | Climate Home - climate change news https://t.co/daI02WsgHj via @ClimateHome,773481551929618432
1,Will ExxonMobil have to pay for misleading the public on climate change? https://t.co/V9iEuex5WE via @BW,773506532055015425
1,"@rymkrs Yes, there is some of that, but climate change is also contributing factor. NationalGeographic covered this some time ago.",773519490181193728
1,"RT @NatGeoChannel: .@BillNye boils down the basic facts surrounding climate change in 60 seconds:
https://t.co/vi8Nvgeyho",773531915475378176
1,RT @HFA: The choice we face on climate change. https://t.co/8pEZXanKYB https://t.co/FWLotBBHcx,773561909563973632
1,RT @HillaryClinton: We can$q$t afford a president who would sabotage our efforts to fight climate change. https://t.co/bvya51W44z,773575936558133249
0,"Because #HillaryClinton is SOOOOO concerned with global warming, carbon. Fuck the coal miners, oil money is okay https://t.co/3CnF7yR2Xl",773586778133585920
2,Do teachers$q$ climate change beliefs influence students? @NCState researchers received NCSG funding to investigate: https://t.co/TJuBZ4vzZv,773605446758309888
2,"mashable : Global warming may have doubled the likelihood of the Louisiana floods, study f… https://t.co/MVofsunVc1) https://t.co/ddpom7yFVX",773651193763627009
1,"RT @SenSanders: This is scary stuff, above and beyond all else. We have a political party which has turned its back on science regarding cl…",773675517358673920
1,"Green Technology Used to Combat Climate Change – Infographic: Image Source – https://t.co/xBS1W6BVHX
Scientist... https://t.co/IltmUWWzUU",773725567220756480
1,RT @TimBuckleyIEEFA: Blackrock paper $q$Investors can no longer ignore climate change$q$ The speed of energy transition key to assessing risk h…,773736695929769984
1,People still deny climate change is real even though the effects are happening right in front of our eyes. https://t.co/Y2EqSd5C0h,773745119044382720
1,"Surprise next generation... we leave you with the disastrous effects of global warming and a world without Bowie, phife, and prince.",773755554313363457
0,Did the Black Lives Matter climate protest backfire? | Climate Home - climate change news https://t.co/OGnz5451a5 via @ClimateHome,773807587171110912
1,"Sept. 8: Climate change, air travel, pipelines 
CMA supports price on carbon https://t.co/7kVwPP3bUV",773857806415986688
1,RT @DonnaHume: Could this mean Government are realising digging up ever more coal is not compatible with climate change? https://t.co/GvzU7…,773863752005513216
2,Obama: Climate change consequences $q$terrifying$q$ - The Hill: The HillObama: Climate change consequences $q$terri... https://t.co/WnIHLlj77L,773891815665569792
2,"#Obama on Climate Change: The Trends Are $q$Terrifying$q$
https://t.co/ngezvqzPuN",773928933993480198
2,California Gov. Jerry Brown extends nation$q$s most ambitious climate change law as state charts new goal to reduce carbon pollution - AP via,773958343408939009
1,"Hey #NewYork – You Do Realize It’s GLOBAL Warming, Right? https://t.co/30IaiuYeln https://t.co/5SY5NAd5Kz",773976848770461696
1,RT @tom_burke_47: The political risks of acting on climate change are falling very rapidly as renewables costs go through the floor https:/…,773984820259069952
-1,"RT @ClimateRealists: NOAA Slammed For ‘Laughable,’ ‘Biased’ Study Blaming Global Warming For Louisiana Floods https://t.co/tNGmevBdSD",774028751143329793
1,RT @LeoDiCaprio: Looking forward to sharing this documentary with everyone as we continue to act on #climatechange together. https://t.co/o…,774075461437534209
0,#Nasa #NasaSocial #Juno #Aerospace /Nasa might eliminate the climate change according a solution in: https://t.co/pkjuqLEZoO,774098555124326401
2,California tightens climate change rules under bills signed by governor - https://t.co/Hno4NtOBJB,774180306462973952
0,Our Changing Climate: The True Global Warming Hot Spots https://t.co/WagCRlxeJj #Spiegel,774209899534385152
0,"RT @EllenReaction: me: Leo come over
Leo: i can$q$t im busy
me: my friend said global warming isn$q$t real
Leo: https://t.co/OlotHqyIeM",774213401627258880
1,RT @NatGeo: For #BeforetheFlood @LeoDiCaprio explores the reality of climate change: https://t.co/chV1qsJ4zI #TIFF16 https://t.co/p33TK6jypE,774301732188762113
1,#NoDakotaAccess  #wATERiSlIFE #sacredsites https://t.co/5nSRI318HD,774312477026910208
0,"RT @pitchfork: .@trent_reznor, Atticus Ross, @mogwaiband, Gustavo Santaolalla score film about @LeoDiCaprio$q$s climate change fight https://…",774337172514242560
1,RT @HillaryClinton: Making the wrong choice on climate change would be a disaster for our kids and grandkids. https://t.co/dhc0OABqml,774380150905511936
0,@markknoller I can see by the number of cars just for a golf trip that president climate change is concerned about the environment.,774395801871192064
1,RT @UNFPAMaldives: #HaveASay I want to mitigate the effects of climate change from wind power generation. #withyouth https://t.co/oCBZEFIWGz,774472178729222144
-1,@BarackObama $q$CLIMATE CHANGE$q$ is nothing more than a scam to centralize power &amp; control behavior; Disguised as altruism. #SeeThroughYou,774578468541440000
0,@Oilershockey365 ending climate change by paying taxes 😂,774652941093392384
1,"RT @BarackObama: We need to keep up efforts to fight climate change at every level—locally, nationally, globally. #ActOnClimate https://t.c…",774666746456379392
0,"RT @KIMMlSO: 110617: hot summer ☆ f(x)
f(x) invented global warming with this release! https://t.co/YJeMwnWBLN",774738461882478592
1,One Look at These Images and You$q$ll Be Certain That Climate Change Is For... https://t.co/72P0baMUaq by @faustino_donar via @c0nvey,774787810566008832
-1,A brief overview of the global warming scam: https://t.co/Sfq3DL8fjQ #climate,774937187179692032
-1,RT @ScottInSC: $q$Air conditioning is worse than ISIS and now global warming has caused Kween Hillary$q$s medical episode.$q$-watch this be a thi…,775023902749843457
0,RT @greggutfeld: Tomorrow$q$s take on MSNBC: clearly HRC was drawing attention to the severe weather caused by climate change.,775070409913933830
1,Climate change impacts wildlife &amp; the habitats that they depend on. @nikhil_advani18 @World_Wildlife @HuffingtonPost https://t.co/knfTAbI6ay,775081496029782016
1,RT @CBCNS: $q$It$q$s happening$q$: P.E.I. community in danger of going underwater due to climate change https://t.co/I0z5EELouy https://t.co/EEkS…,775096117528760320
0,Climate Change | $q$Final Thoughts with Tomi Lahren$q$ https://t.co/nEsyJGPRju via @YouTube,775236613765029888
1,RT @ClimateReality: We can’t fight climate change without forests — trees are amazing carbon sinks. RT if you’re pining for more trees. htt…,775271883688247296
1,"RT @eubih: Climate Diplomacy Week #ClimaDiplo #video: The Paris Agreement -
The world unites to fight climate change https://t.co/kvNVjMZZIc",775282166943145984
2,RT @RantReaper: US Intel Chief Blames Climate Change For Rise Of ISIS… https://t.co/mCUFCU1IKv https://t.co/dCe3STqhPi,775333207407484928
1,RT @GreenHarvard: EVENT 9/13: Can solar geoengineering mitigate global climate change? @HarvardWCFIA @BelferCenter @hseas https://t.co/4ZrO…,775347456812916736
1,RT @BarackObama: Meaningful action on climate change can$q$t wait. President Obama explains why in this @nytimes interview. https://t.co/zbaD…,775368437929357314
0,Blame Global Warming for Your Bad Attitude https://t.co/dWp0QC2aNz https://t.co/L9Cl9sPzAA,775423999887155200
0,RT @MidwestMaully: Biggie being the reason lil Kim looks the way she does https://t.co/kSsEZwwnOP,775424311591075840
1,The problem here is the politicians are specifically catering to jackasses who believe earth is only 6000 years old. https://t.co/SogGOmI19N,775447576770383873
1,RT @FlaDems: .@johnpodesta: @HillaryClinton vs. Trump offers clear choice on climate change https://t.co/Z0qNJFd23w #ActOnClimate https://t…,775454019728932866
1,"@thehill  Those who peddle birther idiocy, xenophobia, islamophobia,KKK, misogynists, anti-intellectuals,climate change deniers r deplorable",775468056902500352
2,Future climate change field test doesn$q$t make Earth greener - SFGate.. Related Articles: https://t.co/FLJggyIn5i,775476663425564672
-1,RT @MarkDiStef: I$q$m so glad this account has been verified.  https://t.co/ru8383BEoK,775526716110364672
0,(CLICK LINK TO LISTEN-&gt;) Now Playing: Pitbull Sensato - Global Warming https://t.co/GxxHUMlEbu https://t.co/6cIh1vAcXZ,775553497303396353
0,Was August deluge in Louisiana worsened by climate change? https://t.co/AWT3Y4gFVJ https://t.co/VeLHo8zDW4,775567949046353920
0,Someone just told me veganism is egotistical because it fights against the biggest cause of global warming as if it$q$s the world$q$s only hope.,775621560082243584
1,"RT @elonmusk: Climate change explained in comic book form by xkcd 
https://t.co/3tEfEnXW0L",775643706670063617
-1,RT @Cernovich: $q$Global warming is real.$q$ - Science https://t.co/BqV5SCZMfq,775660662311776256
0,RT @macmil71: @SnowCalmth this is old but imo more actual than then and doesn$q$t apply just to global warming imo: https://t.co/rP06U7JRUw @…,775678266657169408
0,"UR health, taxes, wife$q$s immigration status, bankruptcies, rape &amp; racketeering charges still need 2B investigated. https://t.co/iBCKjR55bI",775717940922503169
2,"RT @WAFB: NOAA: Climate change increases amount, severity of storms along Gulf: https://t.co/WNyBAJA4kW https://t.co/8krR2BxUOH",775719567872196608
0,"The history of climate change...
https://t.co/l7QWF949NF https://t.co/PLWNTHmnlD",775726406953205761
0,"For starters, diesel-electric hybrid tractors (akin to a Prius) are on the market. Misleading headline. #cdnpoli  https://t.co/3ifYITkgWc",775748538202411009
2,@RonChilders Record-smashing August means long-awaited ‘jump’ in global warming is here” https://t.co/zVvI4poVOj,775765150456356865
1,Why Global Warming Is Like a Scorching Dinner https://t.co/UhMA8UZjxK #science;.,775812979522756609
0,"$q$Do you have evidence that it increases by 50%?$q$ @cronk_kaitlyn 
$q$Like, it$q$s the earth. How are you? It$q$s climate change$q$ -@0livia_Ta1bert",775840310622498816
2,Today$q$s Climate Change Proves Much Faster Than Changes in Past 65 Million Years: Scientific American  https://t.co/gWuTgTx6xj,775873719294103552
2,"Climate change poses $q$significant risk$q$ to US military, report says https://t.co/bUeKx7iDCY",775980236697636864
2,"RT @AP: Poll: Most Americans willing to pay a little more each month to fight global warming, @borenbears writes. https://t.co/cghv9Q3sLz",776007190096203776
1,RT @johnlundin: From #NASA: It doesn$q$t get much clearer than this - August was the hottest month on record. #Climate change is here. https:…,776031262867849216
0,RT @CourtNewsUK: Magistrate: $q$I find it rather hard to see the link between the movement started in America...to London City Airport or cli…,776040977085632512
1,Via @ecoAmerica$q$s Perkowitz- Climate change is something we can solve together. #USClimateLeadership,776045286401728512
-1,@NoahCRothman @MZHemingway @TobinCommentary Abortion and climate change are religion for the Left.,776051482357628929
1,RT @WeRAllAnonymous: Record-smashing August means long-awaited ‘jump’ in global warming is here https://t.co/iqDctKAxmh https://t.co/aLhila…,776072565852925952
1,SUCH a great graphic showing diffs between past vs. current climate change... by @xkcdComic https://t.co/VkD2lnaf9K https://t.co/YC66Abal2H,776121904901926912
2,"RT @Reuters: Syrian ceasefire, Monsanto marriage and climate change for the military. Get your headlines: https://t.co/d6ZpR9AOAp https://t…",776156227264925696
1,RT @Young_FoEE: Climate change &amp; air pollution are race issues:why #BlackLivesMatter was right to make the point - @chilledasad100 https://…,776160303847444480
1,@APCNigeria @KwaraAPC @Atunwa_1 @NewsBreakNaija @UNILORIN893FM @RoyalFM951 @focusnigeria @CoolFMNigeria @AsoRock https://t.co/xH8N9H5ITz,776169919859855360
0,RT @RooseveltU: Climate change doesn$q$t make it into most of American$q$s top four issues in this election. -@MikeBryson22 #amdreamconf,776178475715727361
2,RT @guardianeco: Climate change and other human activities are affecting species migration | John Abraham https://t.co/t1C4Rb2Im4,776188484545413120
-1,"RT @MicheleATittler: NO GLOBAL WARMING, NO MAN MADE CLIMATE CHANGE. It$q$s a scam, now let$q$s get back to our job of surviving. https://t.co/D…",776226167162408960
1,#scientists #communicating their work to the masses https://t.co/1Owzlutmnp,776276202931662848
1,here are some bold kids trying to do something about climate change https://t.co/DA2sQoRr0d,776284565228826625
-1,@SenatorCash who did you commission to do the report Michaelia? Hope it wasn$q$t the same mob the do your climate change reports!,776291986626052096
2,New story on NPR: Outdated FEMA Flood Maps Don$q$t Account For Climate Change https://t.co/tYX31k2ZKP,776341316615671808
1,"RT @cedistreet_gh: Women and climate change, join the discussion at https://t.co/cenx2TZpcJ 
15/09/16 | 12:00 pm GMT. #WGHETalks https://t.…",776364101773721600
2,Outdated FEMA Flood Maps Don$q$t Account For Climate Change https://t.co/d2sLKDWTr0 @christophjoyce https://t.co/xBwztSnO9B,776378827681431552
1,RT @SenSanders: The fossil fuel industry spends billions buying candidates to block almost all progress on climate change. https://t.co/fna…,776416983122341888
-1,RT @FreedomWorks: The EPA uses new math to justify costly global warming regulation: https://t.co/E4C6DY2s0a https://t.co/cIiUfQHg1q,776419926168829952
2,RT @0463diamond: Four Studies Find ‘No Observable Sea-Level Effect’ From Man-Made Global Warming https://t.co/k5Sv7zhJHZ,776431811786182658
2,RT @ClimateNexus: Why US military officials are worried about #climate change https://t.co/8kM40cEYTK via @csmonitor https://t.co/WcDvThtgoM,776461382959202305
1,RT @lastcurlew: New marine monument will help fight #climate change &amp; heal our oceans. TY @WhiteHouse @JohnKerry #Monumentsforall,776467037518462980
1,"RT @SophiaBush: Thank you, Mr. President. At a time when climate change is our greatest threat, we need 🌎 protections @BarackObama https://…",776475202683179008
1,RT @BernieSanders: This country and this planet cannot afford to elect people who continue to believe that climate change is a hoax. https:…,776484180666429440
2,Obama: Oceans key to protecting planet from climate change https://t.co/cg2p6nFmER,776496599312642048
2,RT @WorldfNature: Americans willing to pay to fight climate change (but only a little) - CBS News https://t.co/R81bzI6xgd https://t.co/rWQz…,776537647581913090
2,France$q$s Sarkozy says population bigger threat than climate change https://t.co/jVumV1zYCu,776555959976067072
1,"Climate change denial finds safe expression in resistance to building regulation updating, in Ireland as elsewhere. https://t.co/gdMBXCcZ03",776564114164477952
1,"RT @EvanMarkfield: Anyone who doesn$q$t believe in global warming, just look at what happened to Revis Island.",776585066226954240
-1,"Scientists were attempting the same global warming scam 60 years ago
https://t.co/RYCqkYCWhy https://t.co/tYMxhVDUXN",776657200005521408
1,RT @ClimateWorks: Transport emissions need to be reduced significantly to prevent dangerous climate change. Self-driving cars can help http…,776748285335699456
1,"RT @davidsirota: Lots of partisan outrage about media coverage of candidates — much less outrage over lack of coverage of inequality, clima…",776791518975660033
0,"P.S. Meanwhile, our infinitesimally small rock hurtles around a G2V class star at 70,000 mph, while we$q$re busy arguing about climate change.",776816658820304896
1,"And it will get progressively, perhaps exponentially worse, due to global warming/climate change. https://t.co/yf6uPFuCmi",776829831019319296
1,"RT @HillaryClinton: “On November 8, you will decide whether we have a president who believes in science and will fight climate change—or no…",776864999818010624
0,Betta$q$s love of Erkki is not helping with the climate change.,776951260704628736
1,"@HillaryClinton  Bury Trump, leave him behind with policy and passion, honesty. Climate change? You want the young vote...climate they get.",776958237618868224
1,"RT @ClimateReality: La Niña won’t hide the planet$q$s increasing fever, fed by human-caused global warming https://t.co/vG7pYG9zIK #ClimateCh…",777009200539037696
0,RT @MMFlint: Trump: Keep stating obvious facts: $q$There is climate change$q$ $q$No Arabs in NJ cheered the Towers falling$q$ $q$I$q$m in need of help.…,777033153319886848
1,RT @SenSanders: One of the great outrages in American politics is that we have a major party that rejects science and calls climate change…,777133532204310529
1,California has an ambitious plan to tackle climate change. Could it work? https://t.co/WFUg634dHG via @grist,777137117763870720
1,"As climate change makes flooding more frequent, here$q$s how you can repair your garden - https://t.co/2LfUUN7J47",777138789508648960
0,David Letterman Attempts To Halt Climate Change With His Excellent Interview Skills on Nat Geo’s Years of Liv... https://t.co/zGt063QoMz,777169850024071168
2,RT @ZDNet: Autonomous sailing drones investigate climate change on the high seas https://t.co/Fy09eJ6GHr @kellysimonsays https://t.co/XovrH…,777193785612652546
0,Why does every climate change fix seem to be about making people miserable? Same reason monks wear hair shirts. https://t.co/cT86M0MxxV,777231056785248256
2,RT @RawStory: GOP House blocking investigation of Exxon over funding climate change denial groups  https://t.co/ClXukUx1tJ https://t.co/nrh…,777238170165542912
0,"@Hendrix_Kens Grandpa said: oh yeah throw the plastic on the fire, I$q$m a little chilly; could use some global warming",777300767585603584
0,"RT @alexburnsNYT: Obama: $q$ISIL, North Korea, poverty, climate change – none of those things weighed on my mind like the validity of my birt…",777318433780301824
1,RT @Levi_Hildebrand: We$q$re crushing these milestones lately aren$q$t we? #GlobalWarming #sustainability https://t.co/uBS7RsuiJG,777318955404976128
1,"RT @GeorgeTakei: Don$q$t vote to $q$send a message.$q$ It won$q$t be heard. Cast a vote for the candidate who will best advance equality, justice &amp;…",777475413295656960
2,French picnic-goers won$q$t be using disposable plastic glasses or cutlery to meet their 2020 climate change goal https://t.co/NyE7QLPdFJ #N…,777549148430143488
1,$q$More than 60m people affected by this #ElNino - worst affected are among least responsible for climate change$q$ Mary Robinson #2030NOW,777550223828713472
-1,RT @PaulOD1: Explosions in NJ &amp; NYC combined with stabbing spree in Minnesota sure to get many extra focused on climate change  https://t.c…,777553008775135232
1,RT @elliegoulding: Can we please get our shit together UK https://t.co/AIpK2qTorr,777560556094062592
1,2 days until #GivingChallenge16! #BeTheOne to help us shift global consciousness &amp; understanding around climate change.,777627029449564162
1,"RT @arizonasanders: BernieSanders: Whether we boldly address the crisis of climate change or make a bad situation worse, depends on the out…",777642633694892032
0,"oh brother, can you believe this nonsense? as if Alberta$q$s economy has not tanked enough with world oil prices.. https://t.co/Pvs0PixgmY",777706144345100288
1,"RT @mashable: Geoengineering is a bonkers plan, but it may be needed to tackle global warming https://t.co/ZMatlpydQ0 https://t.co/MfFwGgFZ…",777716634685280256
0,"RT @FrankWouters: I would even call it climate chaos, since disruption could suggest we know what$q$s coming #climatechange https://t.co/xScr…",777752465206829056
0,RT @mitchellvii: You notice the Libs and Media are now calling Islamic Terrorism $q$International Terrorism$q$ instead?  Oh those Libs and thei…,777761700892278784
1,"Still a negationist on climate change? It is a fact: data by NASA show a stable and clear trend, with a scary 2016. https://t.co/6MG565MyHj",777813139232591872
1,Forecasting climate change$q$s effects on biodiversity hindered by lack of data https://t.co/fzb8wHSwTa #purdue… https://t.co/zQYL5QjIsC,777918340174114816
0,"It$q$s a beautiful day to go out and hoe, don$q$t let him trap you and cuff. Cuffing season has been postponed due to global warming! 😂",777948394216009729
0,"RT @OhBrokenBritain: Attack? It$q$s mental illness, climate change protests, or animal rights protests. Please don$q$t mention the $q$M$q$ word. ht…",777963825496727552
2,#Climate change could shrink habitat of 90pc of eucalypts - via @abcnews https://t.co/hZNaji3XKI https://t.co/Wbynsonk66,777992334931664897
1,"RT @PointlessBlog: The #GlobalGoals can end poverty, inequality &amp; climate change! But only if we spread the word https://t.co/LuFq5fZcry",778027777010249728
1,RT @JustinTrudeau: What$q$s Canada$q$s ambition on climate change? Cutting carbon emissions &amp; building tomorrow’s cleaner economy. https://t.co…,778032680436834304
1,RT @FastCoExist: This climate change memorial in D.C. is designed to slowly sink as sea levels rise https://t.co/6NMtkP7Weq https://t.co/b3…,778037756161327104
-1,"RT @kris_kinder: $q$If we don$q$t kill the babies, global warming will end up killing the babies.$q$ https://t.co/oGVJPvgDDu",778120655040643074
1,"I like this, but think there are exceptions and that$q$s where complications arise.... https://t.co/Kpkg5wZ8ax",778126988913602560
1,"NST_Online: Sarawak to continue to protect its forests and combat climate change

Read More : … https://t.co/RXpRkVqMOV",778205407575674880
1,"RT @tveitdal: VIDEO: Almost everything you know about climate change solutions is dated
Clean energy revolution now unstoppable. https://t.…",778219531030372357
1,RT @FAOclimate: What do we mean by #climatechange - #globalwarming? Find out more on #UNFAO$q$s climate change website in 6 languages… ,778261471650279428
0,Pengen gak tenggelem -&gt; stop global warming. Itu es2 kutub jangan dibiarin cair. Itu hutan jgn jd lahan sawit. #random,778265909328654336
1,@Harambe5ever if we move to natural gas over carbon we increase global warming with a much harder time dealing w/ ramifications.,778272535691431936
1,"RT @NoWayNRA1: By the time GOP accepts climate change as a problem, it will be too late. https://t.co/KNq4GWzDm6",778287110658793473
1,RT @ImaniAfr: @CPPGhanaOnline promises full implementation of the National Climate Change Adaptation Strategy. #Imanifesto16,778313556722941952
1,OurRevolution2: DrJillStein: We can$q$t take a candidate seriously on a pledge to fight climate change if they accept millions from Big Oil &amp;…,778373070285377536
1,RT @StarLord35: Why aren$q$t we surprise it$q$s habitual liar #Hillary as usual #VoteJillNotHill #NeverHillary #SteinBaraka #OpenDebates https:…,778374309681127424
2,"RT @kenklippenstein: HRC dropped the phrase $q$climate change$q$ from majority of her speeches after Sanders$q$ endorsement, analysis finds: http…",778387428054663168
1,RT @SenSanders: Must read from @VanJones68: How TPP threatens our progress on climate change https://t.co/ethWzr2QQt,778402512613306368
2,RT @redhead324: More than 300 scientists warn over Trump$q$s climate change stance #climatechange  https://t.co/8kAfP3vAzL,778428033132744704
1,Noam Chomsky | $q$Global Warming and the Future of Humanity$q$ https://t.co/9inRZoas7D,778440180336209921
1,RT @SaskParty: New national tax harming our economy is NOT best way to fight climate change. Let$q$s focus on tech to solve global p… ,778463018204008448
-1,RT @BeanfromPa: @DrJillStein climate change is a hoax.,778477682820419584
2,RT @andynortondev: Theresa May: UK will ratify Paris climate change agreement this year https://t.co/2wReKA5PBK,778533522474663936
0,RT @deanbarker: cc: the 30% of millennials polled who see no difference between Clinton and $q$Climate change is a Chinese hoax$q$ Trum… ,778566231657897984
1,Yet still people argue that global warming/climate change isn$q$t occuring. Overwhelming evidence https://t.co/YkqrynhFAB,778573868650926080
1,&amp; as usual they$q$ll do nothing when extreme measures are needed to stop climate change https://t.co/4xNdm4FtBi,778632082545311744
1,RT @jewel_sosh: The Effects of Climate Change is Alarming...These Photos Will Tell You Why  https://t.co/MLg2DXpopp,778638090252513280
0,#VoteNigerianEyitayo @UN Global Climate Change contest closes on Friday. Lets give her a million votes. https://t.co/NSAVCaMuvr,778664616788451329
-1,"RT @LindaSuhler: Political ho for sale...#NeverHillary
Americans Tire of Eco-Panic, Hillary Quietly Drops ‘Climate Change’ Rhetoric https:/…",778679336647872512
2,Climate Change and Barack Obama$q$s Legacy https://t.co/jQpwpkLlua,778687689985929216
1,Handy way to explore / explain climate change https://t.co/zKsgX1rhxo,778690831712522241
2,Obama calls for a new global business model to fight climate change https://t.co/pnSiiOsMqg @businessinsider,778700253201436673
2,"Climate change poses a major security risk to the U.S. today, intelligence report warns: The U.S. intelligenc... https://t.co/2vZuz00JIH",778709024883617792
0,RT @KngHnryVIII: STAY AMAZING MY FAT GINGER FRIEND! WE BOTH KNOW PEASANTS DONT WANT FACTS THEY WANT FEELINGS! BE THE FEELINGS!… ,778730156189888516
-1,If ISIS would just stay driving SUV$q$s... https://t.co/joXAoH27Zi,778737748760854528
1,8 great ideas for adapting to climate change #environment #autodesk #eco #climatechange https://t.co/pDjQeDcBxO https://t.co/QRG4nJFlBq,778776149660798976
2,WindsorDw Hillary Clinton $q$dropped climate change from speeches after Bernie Sanders endorsement$q$ https://t.co/PkpUyh9eLo kemet2000,778784791164485632
1,RT @billmckibben: Latest readings remind us what global warming looks like. Not really very hard to see https://t.co/8cAqqt7n2g,778798788475355137
1,"When Firefighters Speak Out on Climate Change, We Ought to Listen Up https://t.co/yCKtYluXyh via @guardian https://t.co/osUEp8IhdW",778821388379361282
1,RT @ShaneGoodiel203: The Effects of Climate Change is Alarming...These Photos Will Tell You Why  https://t.co/CKCl8rUupC,778871268799975424
1,RT @grist: California has an ambitious plan to tackle climate change. Could it work? https://t.co/zKpMGZYRKd https://t.co/3jwRKdUnzU,778884331653693440
1,RT @HabibHassan10: The main cause of global warming is human expansion of the greenhouse effect. @PUANConference #ClimateCounts,778900812399538176
1,RT @jewel_sosh: One Look at These Images and You$q$ll Be Certain That Climate Change Is For Real...  https://t.co/icrhCEktsp,778901141878927360
2,Climate change could cross key threshold in a decade - scientists https://t.co/CeZhMx4C46,778950627443347456
2,RT @NewsOfDominica: DNO: Dominica ratifies Paris agreement on climate change https://t.co/0SD4jYoI2c,778990194636820480
0,We ve no problem with climate but hunger nd thief  https://t.co/XhaYbZZQD8,779022731593519104
0,@MarkRuffalo The last paragraph speaks to the overwhelming power of climate change. It defined who we are. https://t.co/CWhpyRA1iW,779028469409718272
0,"RT @ItsTonyNow: MAN: Gary… I… poisoned…need… antidote 

GARY JOHNSON: we$q$ll all die one day, &amp; the antidote is way in the other room https:…",779069071665102848
-1,"@JakeCommentary @JoyAnnReid easy to answer. Proving climate change isn$q$t technically possible, &amp; it isn$q$t 97%,u need to do better research",779079980919631873
-1,WASTE OF TIME! Head IMBECILE OBAMA inserts climate change into national security strategy https://t.co/ydRKh9k5PQ,779088830087462912
1,"RT @GeorgeTakei: Those who care about climate change shouldn$q$t vote Johnson, who$q$s said the sun will envelope us one day anyway. #Huh https…",779106935006195712
-1,RT @BreitbartNews: No greater feeling than when do-gooder global warming fanatics get mugged by reality. https://t.co/wgMaTXOxjF,779121360278724609
1,Attention coffee lovers: Science says climate change is threatening the world’s supply justinjbariso https://t.co/ejI2bAhJEH #biz,779226753424392192
0,RT @AarDayburnin: This is the man young ppl are supposedly flocking to? He$q$s a complete idiot and his policies are scary as shit https://t.…,779290871300820992
1,Dire Effects and Warnings of Climate Change Are Going Unheeded (from @Truthdig) https://t.co/eLXKDazk2v,779300663641665536
1,RT @BarackObama: We can$q$t sit idly by. Climate change is likely to threaten our national security—we must act now.… ,779301536841228288
-1,RT @CounterMoonbat: You first. https://t.co/JJ1iA5al6W,779322662002712578
0,[News] WTF – Black Lives Matter UK shuts down Airport to protest racist climate change? https://t.co/j40lYPyR8a,779325405954134016
1,RT @NGRPresident: Pres @MBuhari assures of Nigeria$q$s continued commitment on the matter of Climate Change Action #NigeriaUNGA @FMEnvng http…,779347769848950784
0,"@BarackObama @capitalweather Gary Johnson: Forget about climate change, sun will someday encompass Earth",779353621427138560
1,"he basically said $q$the sun is going to kill us all in billions of years, so why bother doing anything to fix climate change?$q$",779354949532520448
0,"@BrettSholtis I read it as him saying the Gov$q$t is NOT who we want fixing climate change, as the sun will get us before they figure it out.",779360834627702788
1,"RT @resx18: Uh oh, climate change is threatening the world$q$s coffee supplies https://t.co/iuStPs0GX6 #via @ScienceAlert @BioNovelus $ONOV",779378865567178752
1,RT @Schwarzenegger: Proud to talk to you about @YEARSofLIVING and my clean energy crusade. There is no Democrat air or Republican air! http…,779396187317207040
1,"@AthiestHuman @Shareaholic I$q$m just curious, what are steps you believe we should take to curb climate change now or near future?",779404176925208576
1,RT @JamilSmith: One major-party presidential ticket denies the existence of both climate change and institutional racism. The other does no…,779413937687257092
-1,"RT @RealJamesWoods: #Obama: Make Climate Change a National Security Issue // Can$q$t say $q$Islamic terrorism,$q$ but worried about weather... ht…",779449779701030912
1,RT @evertsen_gemma: One Look at These Images and You$q$ll Be Certain That Climate Change Is For Real...  https://t.co/VFonxjv2Sg,779464195628687360
1,"RT @Greenpeace: PHOTOS: how climate change is changing the lives of people in West Bengal, India https://t.co/LiqA8NGYf2 https://t.co/A92jO…",779567100075634689
0,"You think I will argue with you on matters of Al or Dub? Gosh, you turds are so petty. Kung climate change pa yan baka sakali 😂😂",779584759190151168
0,"RT @AVISKINSWEAT: Me: it$q$s finally FALL!!!!
Global warming: https://t.co/i9aeZ6KkZz",779708913755250688
2,"At UN, Kyrgyz Minster cites ‘tangible blows’ to country’s economy due to climate change https://t.co/8S2jh1RXuk UN #UNTopStories",779826836498939904
2,India to ratify Paris Agreement on climate change: NEW DELHI (AP) — India$q$s prime minister said Sunday that h... https://t.co/Opj6h5dQTJ,780024284466978816
0,"@BillFrezza @Mark_J_Perry Um, climate change.",780031186219458560
2,India to ratify Paris Climate Change agreement on October 02: PM Modi: India will ratify the Paris Climate Ch... https://t.co/766IJjeL02,780042842274017284
0,Global Warming News (@GlblWarmingNews) liked one of your Tweets! &gt; Thank you!,780091027382231042
2,Gary Johnson$q$s Solution For Climate Change Involves Moving to Other Planets: Libertarian nomin... https://t.co/EmaI0Uvkev #wizinfo #tech,780102911795695616
1,RT @BernieSanders: On the issue of climate change @HillaryClinton has a strong plan to transform our energy system. Donald Trump? He t… ,780119978422968320
0,"For folks that feel this 3rd party choice is 1 option-he won$q$t bother w/global warming, we$q$re going to get sucked i… https://t.co/ec4P5G49do",780142800155316224
2,"RT @rkyte365: India to ratify Paris Agreement on climate change on October 2, says PM Narendra Modi - The Times of India https://t.co/jAUKI…",780167180637900800
2,RT @ProfTimStephens: Climate change solutions: voters want Australia to be world leader – poll https://t.co/mJlRjEWRar,780184285768712192
2,"President Obama, Leonardo DiCaprio to Discuss Climate Change at White House$q$s Inaugural SXSL Festival https://t.co/SYUQJNgVCJ",780209426959519744
2,Almost 80% of Australians now believe in climate change https://t.co/qxXAyVoAl2,780257772839448576
1,RT @WhiteHouse: Exciting news: @POTUS will be joined by @LeoDiCaprio for a conversation on combating climate change at #SXSL:… ,780277248515452928
1,Don$q$t bother- senator Roberts$q$ is a closed mind https://t.co/OKyJKZrRJr,780283520954437632
2,Impact of climate change and aquatic salinization on mangrove species and poor communities in the… https://t.co/i14x6sY5sU,780356957966184448
2,RT @Salon: From climate change to jihad: U.S. recognizes security importance of battling global warming https://t.co/JH49vGwtom,780362534624882692
1,RT @ClimateWorks: The world needs to mobilize $90 trillion over the next 15 years to save our planet from the worst effects of climat… ,780382194770456576
1,RT @sierraclub: In case there was any doubt about the climate disaster that Trump would be... #ClimateVoter https://t.co/TgJ02F4Hrk,780439228664557568
2,A New Debate Over Pricing the Risks of Climate Change https://t.co/ADquIMS3Oy,780441660454940672
0,"RT @afreedma: Curious if people expect climate change to come up in debate. I actually do, despite history of these debates. Too sharp a di…",780445393184325632
0,"RT @michaelaWat: So this is happening, world. Bernie or bust people don$q$t want to vote out of fear? Be afraid. Be Very afraid now. https://…",780446338328563712
1,"RT @BernieSanders: Given the crises we face - income inequality, climate change, student debt - this moment in history is not the time for…",780447777729998848
2,"Retweeted TIME (@TIME):

U.S. likely to fall short of international climate change commitments, study says... https://t.co/jWmzlfVpPP",780459243509919744
0,That$q$s global warming for ya😕,780469922056896512
1,RT @Greenpeace: Carbon emissions priced too cheap for #climate change—70% of emissions are priced at $0: https://t.co/NTCm1yVIDP https://t.…,780511209028194305
1,"RT @TheBaxterBean: Gary Johnson$q$s Climate Change Solutions:

1. Doing Nothing
2. $q$Move to Other Planets$q$

#debatenight #Debates2016… ",780511789154918400
0,Hillary Clinton and Donald Trump on Climate Change https://t.co/EXNZUGJjrv,780536891158437889
1,"Excited to present at the 1st UQBDA Conference at @GCITweet, talking on climate change &amp; fossil fuels in… https://t.co/4PpLfYA34D",780547731416682496
1,The US will need to expand its climate change plans to meet Paris agreement goals - The Verge… https://t.co/1WgpDyhGOs,780575239738654720
0,"mee_mode : $q$Donald thinks climate change is a hoax by the Chinese$q$
$q$No i have never said that$q$
😂 (via Twitter https://t.co/3Fs9MlOeo3)",780577384072380416
0,Oh. I guess he DID say that. #DebateNight https://t.co/LfCWFmvNtB,780577406226669570
0,RT @DanaSchwartzzz: Donald Trump did say global warming was a hoax by the Chinese. He tweeted it. We all have the receipts #DebateNight,780577428007596032
1,DONALD: $q$I never said that$q$ Oh yeah? #tcot #UniteBlue #Debates2016 https://t.co/T0Uwlo7jOT,780577441601449984
0,RT @USATODAY: Hillary Clinton says Donald Trump thinks climate change is $q$a hoax$q$ from the Chinese. Trump interrupts: $q$I did not say that.$q$…,780577556626104320
1,Trump thinks climate change is a hoax... #ImWithHer #debate https://t.co/rClenUO5lV,780577728206483456
0,"#Trump announced his head of EPA transition: Myron Ebell, he said climate change is “a total, and very expensive, hoax” #debatenight",780577802441592832
0,"Yes, you did .@realDonaldTrump. #Debates2016 https://t.co/2YQAceupnl",780577807298617345
0,"RT @ComplexMag: OH?

#DebateNight https://t.co/pPZPD2CH7Z",780577905294254080
0,"RT @MichaelSkolnik: receipts, Donald. receipts. #Debates2016 https://t.co/R2uMw1ZpaY",780577917201973248
-1,"RT @realDonaldTrump: Wow, record setting cold temperatures throughout large parts of the country. Must be global warming, I mean climate ch…",780577931345076224
0,RT @chescaleigh: yes @realDonaldTrump you did say climate change was a hoax created by the Chinese. we have the receipts #debatenight https…,780577951951622144
1,"RT @JamesFallows: Trump just flat-out lied about this before 100 million people, and between sniffs. https://t.co/xQo6kA6Ify",780578052040425472
0,RT @CollinBur: 🤔 https://t.co/3tPdnIcTPB,780578116993290240
0,RT @danmericaCNN: Did Donald Trump call climate change a Chinese hoax? Yes. Here is the tweet: https://t.co/glJwiVQsZi,780578348695183360
0,RT @WillMcAvoyACN: Here is the tweet Clinton just referenced where Trump does seem to claim global warming is a hoax from China: https://t.…,780578517792624640
0,RT @ddale8: Donald Trump just denied that he calls climate change a Chinese hoax. His own tweet: https://t.co/KKPjyrWGDS,780578646541074432
0,"RT @BuzzFeedNews: Clinton: $q$Donald thinks [climate change is] a hoax perpetuated by the Chinese$q$

Trump: $q$I did not say that”

2012 t… ",780578709979881472
0,"RT @tachacon13: $q$I don$q$t say that, I never said that$q$ https://t.co/WYInaFlNyf",780579027421507585
-1,I suppose that$q$s a good point. #debatenight https://t.co/tdH4mRtwpl,780579035638214657
0,RT @millcitywriter: Donald Trump lied about his climate change $q$beliefs$q$: he absolutely said it was a Chinese hoax. #debatenight https://t.…,780579163816075264
0,RT @colindonnell: Ain$q$t @twitter a great fact-checker? #debate2016 https://t.co/dAk0QMuRGA,780579307055935488
0,"RT @ncoram_wx: You definitely said climate change was a hoax, Donald. Don$q$t lie about it! #debatenight https://t.co/S8fCsmNYnt",780579311648727040
1,RT @good: When Donald Trump says $q$I did not say China created the hoax of global warming$q$... https://t.co/9sTwARzaVc #debatenight #Receipts,780579334272716800
0,RT @jeancosme: Donald Trump just said he never claimed global warming was a hoax created by the Chinese. Here is his tweet.… ,780579352903880705
-1,"RT @realDonaldTrump: Ice storm rolls from Texas to Tennessee - I$q$m in Los Angeles and it$q$s freezing. Global warming is a total, and very ex…",780579549952212992
-1,RT @realDonaldTrump: NBC News just called it the great freeze - coldest weather in years. Is our country still spending money on the GLOBAL…,780579588351127552
0,RT @BuzzFeedAndrew: Trump just said he didn$q$t say this. It$q$s on his Twitter feed: https://t.co/qAeQZsNLyY,780579617132470272
1,RT @iamrashidajones: Um...LIAR #Debates2016  https://t.co/c6832hqyRO,780579715895689217
0,RT @SOMEXlCAN: Trump just claimed he never said climate change was a hoax. #debatenight #Debates2016 #debates https://t.co/MeEEEYUv1W,780579765853888512
0,RT @kurteichenwald: Trumps says he never said climate change caused by Chinese hoax. He did.,780579936008417280
0,RT @NBCNightlyNews: Trump tweets on climate change in 2012 and 2013. #debatenight https://t.co/P3cWvYPZNL,780580140292141056
0,"RT @FiveThirtyEight: Yes, Trump did call climate change a hoax perpetrated by the Chinese. You did not imagine that. https://t.co/sIfeFZ0t1m",780580414037516290
0,RT @zachgoldbaum: pretty sure he just denied saying this in front of the entire world 🤔 https://t.co/MotYPMzBgV,780580462213423106
0,"RT @NathanZed: $q$I never said Global Warming is a hoax$q$ -Donald Trump, 2k16 https://t.co/OQ2AmS8CQv",780580577154048000
0,RT @rhysblakely: OK - So here$q$s the tweet proving  Trump$q$s global warming Chinese hoax thing... https://t.co/8OZRSzv45v,780580681474801665
1,RT @BernieSanders: Donald Trump thinks climate change is a hoax created by the Chinese. Unbelievable. #DebateWithBernie https://t.co/XPHniy…,780580808381853698
1,I thought this was an Onion headline at first. https://t.co/jSmp0AB56r,780582174378618881
1,LMAOOOOO https://t.co/IpmTyJNtbI,780583232647462912
1,"RT @CecileRichards: On #debatenight, Donald Trump forgets that the Internet is forever. https://t.co/34oW54Zbo0",780583894575898624
1,RT @MaiaMitchell: Spread Trump$q$s deleted tweet about Global Warming. https://t.co/GBwuvxOMJk,780584403319726081
0,RT @CNN: #CNNRealityCheck: Clinton said Trump called climate change a hoax “created by the Chinese.” TRUE. He tweeted that. https://t.co/B3…,780585150946115584
1,"RT @FortuneMagazine: Donald Trump did, in fact, blame China for inventing climate change #Debates #Debatenight #Debates2016… ",780585470422052864
0,"RT @quicksilvre: $q$Trump thinks global warming is a Chinese hoax$q$ 
$q$I never said that$q$ https://t.co/xRRr2KchVH",780585742971969536
0,Don$q$t let this die https://t.co/FrVuV6mZ9p,780585796508135426
0,RT @DeniseDresserG: @HillaryClinton said @realDonaldTrump blamed China for global warming. He denied it. Now his  campaign is deleting… ,780585980042612736
0,RT @Alex_Edelman: $q$I never said climate change was a hoax.$q$ #debatenight https://t.co/S9RMuZRpkj,780586348868763648
0,RT CNNPolitics: #CNNRealityCheck: Clinton said Trump called climate change a hoax “created by the Chinese.” TRUE. He tweeted that. …,780586417097506816
0,Oh dear...but let$q$s not leave Hillary out: https://t.co/eDbxKcYRhp #theyreBOTHLiars:/ #letsjustbereal https://t.co/OzAoSGRPw4,780586620793663488
0,RT @seinfeId: trump when hillary says global warming is real #debates https://t.co/1qeUApZP3A,780587028434092032
0,RT @med11n: $q$I never said global warming was a hoax$q$ https://t.co/3PxGfQCkh9,780587930691727360
2,"CNN: Clinton: Trump called climate change a Chinese hoax: During the first presidential debate, Hillary Clint... https://t.co/SvPlAvbMMD",780590076531122177
1,RT @StopBigOil: Donald Trump can$q$t even keep track of his own lies. #debatenight #Debates2016 #voteclimate https://t.co/s7XnCbaHa8,780590741705793536
0,RT @msuster: Twitter search is such a pesky thing #Debates2016 https://t.co/XvvcBKOITS,780594879558594562
1,"Global warming is a huge thing, our environment matters! @realDonaldTrump #PresidentialDebate #debatenight",780594895438262272
1,RT @Zedd: You$q$re a fool. https://t.co/OTuLaFazjh,780597379334496256
-1,"RT @Veteran4Trump: Global Warming is not the problem Hillary Clinton. You$q$re confused!
AMERICA IS IN TROUBLE #debatenight https://t.co/dXrF…",780597740271202306
1,"RT @adamjohnsonNYC: so no questions asked about:
climate change 
abortion
poverty

all in a days work NBC",780599564684242944
1,"RT @Evieeloves: WE DON$q$T CARE ABOUT YOUR EMAILS OR TAXES WE CARE ABOUT OUR FUTURE! EDUCATION, JOBS, GLOBAL WARMING ETC. #debatenight",780600490107150336
0,"RT @ilneigeWWH2W: Hilary: Donald thinks Global Warming was invented by the Chinese.
Trump: I did not say that. https://t.co/lbhrONzrRh",780601000256233472
0,RT @SethDavisHoops: To review: Trump said he never claimed climate change was a Chinese hoax. At that very moment his campaign deleted twee…,780603350651842560
0,"RT @antoniodelotero: #debates 

hillary: donald doesn$q$t believe in global warming, he says it was created by the chinese

trump: i did n… ",780604150744842240
0,RT @gov: This is the top Retweeted Tweet during the first US presidential debate: https://t.co/fOOoPvtZHK,780604338339274752
1,RT @patagonia: 90 minutes and almost no discussion about climate change. Get registered to #VoteOurPlanet at… ,780605427968974848
-1,RT @DefendingtheUSA: The exact bitter look #HIllaryClinton gave when Trump exposed Global Warming is NOT the biggest problem in the worl… ,780609053630365696
0,"Top story: Donald J. Trump on Twitter: $q$The concept of global warming was creat… https://t.co/ZwVlPe2mKq, see more https://t.co/ztannvHp1N",780610210712788992
1,RT @Dartastic: Trump said during the debate he never said this. He absolutely did. Sad! #onepumptrump https://t.co/FrXbhKNHX7,780611292495220736
0,This is your guy ppl. @CNN https://t.co/yCicHd6Oin,780613044661387266
0,RT @colbertlateshow: There$q$s always the chance this tweet was created by the Chinese to make Trump non-competitive. #LateShowLive https://t…,780614136917024768
0,wow. https://t.co/z1USEurgF1,780614361396064256
0,"RT @katz: Clinton: “Donald thinks that climate change is a hoax perpetrated by the Chinese.”
Trump: “I did not. I do not say… ",780614791287099396
1,"RT @Green_Footballs: By the way, tonight Donald Trump denied saying this. https://t.co/XRPhROyeDF",780615137354854400
0,"RT @kurteichenwald: When Trump lied about saying China started climate change boat, why did his campaign delete the tweet saying that? They…",780615874562580480
0,"RT @NextGenClimate: Clinton: $q$Donald thinks that climate change is a hoax, perpetrated by the Chinese.” 

Trump: $q$I did not say that. I… ",780616153118892033
0,"RT @tylercreighton: Or campaign finance, voting rights and democracy. https://t.co/De8BVdeCXF #FirstDebateDemocracy #debatenight https://t.…",780618358026829825
-1,"RT @porthos4424: You didn$q$t list one lie just a talking point, climate change is bullshit and you know it, and that is a fact, and n… ",780618608888180736
0,RT @danpfeiffer: Wait till the 400lb hackers get ahold of them https://t.co/msOoFZbsj5,780626147767877632
0,RT @mmfa: He said it on his weekly spot on Fox &amp; Friends. https://t.co/tTiOGnTFX0 https://t.co/QAQjRSIqPR,780626414601064448
1,RT @DavidPapp: [GIZMODO] Trump Just Denied Denying Climate Change https://t.co/ghHj7OOF7n,780626551352197120
0,"RT @FriendsofWater: At debate, Trump denies saying climate change is a Chinese hoax https://t.co/x4hR26qCUn via @PolitiFact",780626843955236864
1,RT @cook_robert_l: #GoGreen🌿#JillStein2016🌿#GreenNewDeal🌿#ItsInOurHands🌎 https://t.co/vuE3494LIJ 🌿🕊🌿#NoDAPL🌿#GreenPartyUS🕊🌿#DebateNight htt…,780635670062567425
0,"Still here, Donnie! https://t.co/SQuYTEBQXb",780639659139354624
0,"RT @naguilarnews: $q$I never said global warming was a conspiracy theory invented by the Chinese$q$ @realDonaldTrump 
 #debatenight https://t.c…",780647404538396672
0,"RT @robferdman: Trump tonight: I never said global warming was a hoax

Trump 4 years ago: https://t.co/5De7Q2L5tD",780652792780165120
1,RT @barcelonabrit: @BBCr4today Unbelievable interview with Ineos CEO. Not one mention of obvious disaster shale gas represents for tackling…,780655351112794112
1,"RT @BernieSanders: Trump wants more tax breaks for billionaires, won$q$t raise the min. wage &amp; denies climate change. This isn$q$t someone who…",780658001577410560
1,RT @H_Combs: $q$Not global warming like you and your president thinks....$q$ @realDonaldTrump I$q$m done. You$q$re officially a complete idiot. #Mi…,780661094989828096
0,"New blog article, about musical inspirations this summer ánd about global warming. (Weird combination, I know. :-) ) https://t.co/9AxpMrHm4Q",780665140169568256
0,"RT @BuzzFeedNews: Donald Trump in 2012: Global warming was created by the Chinese.

Donald Trump tonight: $q$I did not say that.$q$ https://t.c…",780674795470000128
0,RT @Zendaya: 🍵 https://t.co/UFdpaE8Jrh,780675552642334720
1,RT @CHABUDDYGEEZY: Haha this guy has been on the Peanut Dust again! https://t.co/c3dRG0O5H5,780677123048665088
1,RT @tveitdal: The Norwegian Paradox: Fighting climate change while selling the fuels that help cause it https://t.co/sA8xrzuqfy https://t.c…,780701486787551233
1,Teaching Middle Schoolers Climate Change Without Terrifying Them: One science teacher in Miami knows how sea ... https://t.co/EKeFAZnTYz,780711467687501824
0,@z0mgItsHutch @HillaryClinton joke about @reeeDonaldTrump blaming the chiness for the global warming $q$conspiracy$q$ was great.,780730313471299584
0,RT @TeamMcMullin: FYI...Trump DID actually claim global warming was a Chinese hoax. #debatenight #debates2016 #EvanDebate https://t.co/GIAl…,780730407595769856
0,Exxon Mobil says it’s not possible to predict how climate change will affect its business. A bill in Congress says it shouldn’t be asked to.,780733533312679936
2,RT @CNN: Trump campaign manager: Trump $q$believes that global warming is naturally occurring$q$ https://t.co/yc47mjuFAB https://t.co/sUa6rXLTDk,780748450669395968
1,RT @GeorgeTakei: Lie: $q$I never called global warming a hoax.$q$ https://t.co/cAtZmvbCu2,780755470281764864
2,"RT @NRDC: If global warming trends continue, lobsters will struggle to survive by the year 2100, acc. to new study. https://t.co/iKzOnqlH5X…",780757263493373956
1,"RT @MuseWendi: jane is bernie$q$s anger translator, and i$q$m here for it https://t.co/cVyfzzvist",780762714679435264
1,RT @ChrisCuomo: Independents and millenials: matter that trump says global warming not man made? Even pence disagrees with him. https://t.c…,780763452482531328
1,RT @BernieSanders: I hope Trump tells us tonight why despite all the scientific evidence he thinks climate change is a $q$hoax.” #DebateWithB…,780774879205421060
0,"RT @goldengateblond: HILLARY: $q$Donald thinks that climate change is a hoax perpetrated by the Chinese.$q$
TRUMP: $q$I do not!$q$
 #debatenight ht…",780782839314788352
1,Lololol https://t.co/pLUV0XhrPT,780820157543350272
1,RT @BettyBowers: People who believe #TrumpWon also believe Obama is a Muslim; Trump is a Christian; climate change is a hoax; and snakes ca…,780822246327672832
1,RT @CAllstadt: via @npr: Teaching Middle-Schoolers Climate Change Without Terrifying Them https://t.co/02Gg2nz0ly,780835705396269058
1,RT @nytimes: How much is your car contributing to climate change? This new app will tell you. https://t.co/G7c54RftSd,780840893821685762
0,"RT @HillaryClinton: $q$I never said that.$q$ —Donald Trump, who said that. #debatenight https://t.co/6T8qV2HCbL",780853296579874817
1,"RT @Bulc_EU: In support of #ParisAgreement, aviation should contribute to global efforts to tackle climate change:… ",780865028333404160
1,RT @iansomerhalder: Worried a presidential candidate thinks climate change is a hoax? You should  #ProbablyVote  @paulwesley… ,780882994642944000
1,RT @Fern_NGO: Today airlines are plotting a deal to undermine our ability to tackle climate change @icao #ICAOA39 Retweet to dema… ,780885421035257857
1,RT @SocialMedia411: RT @brilliant_ads: Politicians discussing global warming. A sculpture in Berlin by Issac Cordal. Brilliant: https://t.c…,780888007100424192
-1,"Hey Ian, you should probably get hair extensions https://t.co/XvTeCf9rKP",780891428146651136
0,"RT @IMKristenBell: At the evenings debates, Trump said he $q$never said$q$ global warming was a hoax created by the chinese. His Twitter f… ",780898077343219712
1,"RT @CHIMPSINSOCKS: Yep. Ok.*Nods, laughs then weeps uncontrollably*  https://t.co/WClXQyIciY",780936560724287488
0,RT @fahimanwar: What if Pitbull naming his album Climate Change is finally what caused everybody to perceive global warming as a real threa…,780957537516589056
1,"Let$q$s hope they surface during next debate. Lester Holt Asks Zero Questions About Poverty, Abortion, Climate Change-https://t.co/DCE4oTTV4Z",780972493645357056
0,"Campaign manager: Trump does not believe climate change is man made

She has to lie. Only probl, who$q$s biggest liar

https://t.co/7cBm9pDFTc",780997800519753728
0,Who said  climate change is a hoax? Trump @LindaJoh11,781091177097469952
2,Grass food crops facing climate change challenge: Projected climate change is set to happen too quickly for g... https://t.co/HnJZXkJQpe,781117255216050176
0,@morning_joe Interesting that Trump refers to Obama as $q$your$q$ President during debate when talking about climate change. #birtherleader,781117847011467264
-1,#Ever notice when #GOVT preaches  $q$Global Warming$q$  #NOT one GLOBAL #Scientist are on the stage w/#GRAPHS https://t.co/ExtKVlIjr2 #PJnet,781124832284987392
0,Corbyn declares $q$action on climate change$q$ one of his 10 priorities. Jokes they are not the 10 commandments.,781133409791963136
1,ICYMI: Mike Pence tried defending Trump’s lies on climate change. He didn’t do well. https://t.co/K7tSypOQsj #Debates2016 #ClimateVoter,781150229416513536
1,"RT @ProfDaveAndress: For at least 20 years, it has been clear, one day Africa will just start to walk north... https://t.co/Q3CTOMlOZB",781230875803578368
0,"RT @opnmindtexas: As committed as you$q$ve been to Flint, @HillaryClinton? Or stopping Dakota Access? Or condemned fossil fuel companie… ",781233839934992384
-1,"RT @Corporatocrazy: Antartic Ice in South Pole is bigger today than it was 30 years ago! 😱😱 WTH is Global Warming?

#climatechange… ",781234864255295488
0,Most of it will go on climate change. https://t.co/eYxPyzHhqL,781238539698790400
0,#girls cumming during sex video global warming sex https://t.co/a5uhnruELB,781242392896733184
-1,"RT @flhuxtable: The global warming hoax is a political, not scientific, movement. Its goal: total control over your life. Can you say total…",781249422101389313
2,#Pakistani #Food #Punjab #Climatechange Duty of care: Judge underscores climate change issues https://t.co/0FDy77qdvL #Recipe,781258915015041025
2,Could climate change help Clinton win millennials?: Donald Trump$q$s rejection of climate science has Hillary C... https://t.co/KmU7aaqZnO,781262390541348864
2,Duty of care: Judge underscores climate change issues https://t.co/0hy2kPMpPe,781267155685748736
1,"RT @WhiteHouse: Today, @POTUS hosted the first ever Arctic Science Ministerial, to help us understand—and combat—climate change: https://t.…",781274979811725312
0,and he said this debate that he never said global warming was a hoax. https://t.co/8OLNBeCOCH,781280454750142468
1,RT @iaindooley: Irony is having increase in severe storms caused by climate change taking out a power grid then blaming #renewables for out…,781298971989929984
0,My son tole me that there was an argument about whether or not climate change was a race issue.  Then he said... https://t.co/9iUbg57hV8,781313864273170432
1,Why would anyone be surprised that @TurnbullMalcolm has wholeheartedly embraced the LNP Neanderthals ... ? https://t.co/COQRns71xC,781338782704414721
0,"It$q$s official, climate change is over",781353008726679552
0,"RT @jarrodmckenna: I$q$m waiting for the government to blame climate change on... renewables.

#stuffwecanblameonrenewables",781373585839370241
2,Climate change could expose Cold War relic and its toxic contents - Radio Canada International - https://t.co/BL6sj5hXFv,781379870433705984
1,RT @LCVoters: Every terrible thing Donald Trump has ever said (on Twitter) about climate change. Sigh. https://t.co/4V7hDiR2FT,781475232846585858
0,RT @RobinVirant: 😊😀😁😂😃😂😁😊😂😃😃😃😂😁😀😀😃😃😂😁😁😂😃😃😃😁😁😂😃😃😂😃😃what an absolute brain fart. https://t.co/OgHgqamVup,781483083413336064
1,The policing of African Americans and climate change share a history steeped in domination. https://t.co/rlZFRdSLXx,781485452083601408
1,RT @QuentinDempster: @TonyHWindsor Yes sad that @TurnbullMalcolm is nothing but a cab rank barrister. He once staked his leadership inte… ,781575857026441216
1,I hate global warming it$q$s fucking Fall and it$q$s still 30°C bitcH STOP THIS STOP,781577832745099265
0,It$q$s gonna be really hard renewing my mthigh season pass after watching this global warming documentary my professor had us watch,781590358778011649
1,Mary Ellen Harte: Climate Change This Week: Faith Leaders Spre... https://t.co/AzWx12GrWE #baby #parenting #family,781622157369413633
0,RT @Blogs4Books: RT @AMZ0NE  A SciFi author explains why we won$q$t solve global warming. Read the blog. ▶https://t.co/t3IvSGtOho #amreading,781665610103009281
0,RT @AlanLangridge1: Come on Malcolm surely George will allow you to follow your heart with climate change.  Is being PM really worth se… ,781667107297751040
1,7 signs that China is serious about combatting climate change https://t.co/TmjJHEN83l,781732537563480064
1,RT @vicenews: This tiny nation will be the first to be completely wiped off the map due to climate change https://t.co/Srbf02cOCy https://t…,781796124445126656
1,We$q$re so fucked unless we tackle climate change. https://t.co/R33idZEXtk,781852519903399936
1,"RT @gazete_man: When someone says climate change isn$q$t real, but then you drop knowledge. https://t.co/SR1HKw4mA1",781864435048669184
2,"#European Union pushes #Paris #Climate change deal brink: https://t.co/AX4lprHbzj, https://t.co/7DDPnEuPc8 https://t.co/cd13bkkYoN",781896527455354880
1,RT @RT_America: ExxonMobil sued for decades-long cover up of climate change https://t.co/Zs6syyjBu9 https://t.co/cettGZ03Gl,781951688131407872
1,RT @LGSpace: How can small forests help reduce global warming? Find out&gt; https://t.co/bqiojVJfuZ #climatechange https://t.co/iPv1cKtCIu RT…,781962824725692420
1,"RT @climatehawk1: “We are suffocating from smoke” — In Russia, #climate change already fueling fires too big to fight… ",782002401897172992
1,RT @arcadiagt5: ...or climate change denialists. https://t.co/7P1nrkQPsb,782073923416363008
0,The Truth About Apple’s ‘100% Renewable’ Energy Usage | Climate Change Dispatch https://t.co/SYwWHoq4DM,782108427329810432
0,$q$Trump Is Not An Outlier: The Global Warming Edition$q$ https://t.co/MFKoEPkQhM,782222312342892544
1,RT @garbenfeldt: ~♡ Climate change ♡~ #cambioclimatico #climatechange wake up dear friends 💔#justdoit 🐳🐧🕊Protect our kids planet 🐧💦💓 https:…,782260065579376642
2,Grub Street: Maine$q$s Lobsters Could Go Extinct in 85 Years Because of Global Warming: (Photo:… https://t.co/ZVCtk18Dur | @HuffingtonPost,782321725102960640
1,RT @davidsirota: We just broke through a huge apocalyptic climate change marker — and the presidential debate is about Miss Universe. What…,782371352527278080
1,RT @SammyRybarczyk: One Look at These Images and You$q$ll Be Certain That Climate Change Is For Real...  https://t.co/EH5z8ca9hl,782377486155931648
0,"Global Warming: Climate Change Can$q$t Get Traction In This Election, But Clean Energy Can: “I think if you foc... https://t.co/l3xnn7aDog",782496700757864448
-1,"@SenatorMRoberts Climate Change is wealth distribution, is a vehicle to suck up as much money as possible. Refugees crisis in EU too.",782528414271942656
-1,"RT @JoeySalads: Almost all the Global Warming predictions from 20 years ago were false.

The Government is using fear so they have more con…",782561558232764416
-1,RT @tan123: Consensus: $q$Candidates aren’t talking about climate change because voters consider other issues more pressing$q$ https://t.co/kST…,782564735262728193
1,RT @AkbaruddinIndia: Getting ready for the honor &amp; privilege of depositing India$q$s instrument of ratification of Paris Climate Change Ag… ,782606388224782340
0,as yes about climate change what i should say about as yess I HEARD SOME ABOUT #EUROPEAN UNION TOO AFTER AS NOW INDIA TOO ACCEPTING OR RATIF,782610905431416832
2,RT @firstpost: #India ratifies the Paris Agreement on Climate Change at the #UN | ANI,782613402510249985
1,When Bill nye is still real as Fuck https://t.co/4JPauYK1Q4,782619936246013952
1,ok https://t.co/nfM68szg47,782632972767924224
1,RT @narendramodi: The message of Gandhi Ji inspires all of us. India will always work with the world to overcome climate change &amp; cre… ,782642397213667329
2,CyberAnonymous: NigeriaNewsdesk: India signs Paris pact to tackle climate change https://t.co/5nBDRQevSJ via toda… https://t.co/6C4Vt6BAKe,782657511929380865
2,"RT @healthy_climate: Almost no policies in Australia to mitigate health risks of climate change, study says https://t.co/SzAsPjSFzq",782678572653682689
1,"On #climate change, the government is already calculating the price of inaction https://t.co/ZzB6CCK00F #cdnpoli #env350",782680107060191236
2,"RT @slomosco: Neil Young on Climate Change, Keystone XL and Tar Sands at the Cowboy and Indian Alliance in DC - http://t.co/WbEhTJosqy via…",782689707587203072
1,I support the fight to prevent climate change disaster. Will you join us? https://t.co/y3IwJTvxlC via @nextgenclimate,782700322510675968
2,RT @ClimateCentral: New findings indicate the planet could be in for nearly double the global warming as previously thought… ,782721566123655169
2,India ratifies historic Paris climate change pact https://t.co/70qIBKiIPy,782751875191808000
1,"RT @UN: Big news for the #GlobalGoals! 

Ban Ki-moon thanks India for joining the #ParisAgreement on Climate Change. https://t.co/mgg2LVUOnD",782775874579947521
1,"RT @KGeorgieva: The world has to deliver on the ambitious agenda across sustainable development, climate change &amp;human rights we$q$ve collect…",782907964529184768
0,REGISTER NOW: SPP hosting 7th Annual Inter-University Climate Change Negotiation on Oct 14-15.  https://t.co/bTebf6WYcj #ICCNsimulation,782950355659128832
-1,"RT @EcoSenseNow: Figures, Soros has the Pope in his pocket. https://t.co/eiskkAS0j6",782952439477526530
1,What$q$s going on? Solving Climate Change With Beer From Patagonia$q$s Food… https://t.co/qFsXwhWHsa Get found -&gt; https://t.co/NhUcIPtvpA,782959043346206720
2,RT @UN: Climate change takes largest toll on poor &amp; vulnerable people - new @UNDESA report: https://t.co/5AVJvdovsI… ,782976830827401222
2,RT @globalnews: PM @JustinTrudeau: $q$There$q$s no hiding from climate change. It is everywhere.$q$ #cdnpoli  https://t.co/T3mQCIJTu2,782986786624548864
0,RT @CGBPosts: Paris Hilton warned us about climate change in 2005! https://t.co/MuX4ayZivB,782994210609766400
1,RT @narendramodi: Care &amp; concern towards nature is integral to the Indian ethos. India is committed to doing everything possible to m… ,783017883525787648
1,RT @suaveasaclock: Climate change needs to be treated like a World War II level threat,783042077739343872
0,RT @aliamjadrizvi: @surgesoda @SatiriaNews @AkiMuthali Remember Bin Laden was concerned about climate change. No need to gang up w/idiots t…,783050360336240640
2,RT @CPAC_TV: Live on CPAC TV and online: @CanadianPM launches debate in the House of Commons on Paris climate change agreement… ,783094447135297536
2,"RT @cnnbrk: Trump doesn$q$t believe climate change is man-made, his campaign manager says. https://t.co/hZcNicYjqs https://t.co/UA9gqWZhsX",783102213228892160
-1,RT @exjon: Everyone believes in climate change. Only progressives believe it started in the last 100 years. https://t.co/pv38HaVWet,783125051830919168
1,RT @numbers_uphaus2: The Effects of Climate Change is Alarming...These Photos Will Tell You Why  https://t.co/2URmJ55d9o,783129999046012928
1,NYTScience: We may have passed an important measure of climate change for good. But please don$q$t panic. … https://t.co/QGUTGBGISM,783133870355050496
2,"Obama: Climate change will be an $q$important test for humanity and our political system’

 https://t.co/H99hmO7dTu https://t.co/G6nbHltg9Y",783136451592540160
1,"obey the DICTATES OF THE NATURE for our SUCCESS in reversing the environmental degradation, climate change and global warming, please!",783138569984409601
1,"@ssb_hopeless jill &gt; hillary &gt; trump

shes honest, isnt a god damn corporate puppet, isnt stupid as hell, will take climate change srsly",783148858490687488
2,"RT @GuardianUS: Planet at its hottest in 115,000 years thanks to climate change, experts say https://t.co/s9c3B3SMbq",783165842817114112
2,"Obama, DiCaprio team up against climate change

President Barack Obama is teaming up with actor Leonardo DiCaprio... https://t.co/lVgke5pvvB",783165925948260352
1,"RT @ColMorrisDavis: $q$The softer side$q$ - @GovPenceIN is against a woman$q$s right to choose, LGBT rights, a living wage, climate change ..… ",783203026500714496
1,"RT @GreenPartyUS: Gary Johnson:

➡️Supports TPP
➡️Wants to end minimum wage
➡️Supports Citizens United
➡️Won$q$t fight climate change

Yikes.…",783266324793393152
0,~RRquest Dampak global warming yg paling kamu rasakan?,783281526989619202
2,RT @guardianeco: President Obama and Leonardo DiCaprio talk climate change at the White House – video https://t.co/Ct1DLlUcNo,783321296683823104
2,RT @Variety: Leonardo DiCaprio: Climate change deniers $q$should not be able to hold public office$q$ https://t.co/VlgwotHViS https://t.co/zgjq…,783338507955761152
0,Leonardo DiCaprio: Climate change deniers $q$should not be allowed ...When will he park his plane?? https://t.co/ZnOBNVeT7J,783340082426064896
0,"RT @acoyne: This, from the author of Global Warming for Dummies. https://t.co/eb4a4PSGct",783364432281821184
-1,"RT @steele_rosanne: @ChrisCoon4 SURE, TALK CLIMATE CHANGE AS THE MUSLIM INVASION OF OUR COUNTRY IS HAPPENING  RIGHT UNDER OUR NOSES.",783367240301240322
1,Understanding and action are two different issues. Hillary owes lobbyists toils to eternity. #VoteGreen to save 🌍 https://t.co/wkbBqiOtDC,783408234971496448
0,RT @TidewaterFilm: $q$U.S. military will respond to more powerful and frequent natural disasters d/t climate change.$q$ @starsandstripes  https…,783418193528455168
1,RT @WhiteHouse: $q$Climate change is happening even faster than the predictions would have told us 5 years ago or 10 years ago$q$ —… ,783427255439503360
-1,RT @DRUDGE_REPORT: PEW: Most Americans Don$q$t Believe in $q$Climate Change Consensus$q$...  https://t.co/HSLwSC8HDD,783428215448674304
1,Opinion: Canada just did something awesome that US should copy: Nearly everyone who studies climate change po... https://t.co/mTSscVjpzE,783454658454917120
-1,"President Obama$q$s priorities are Hollywood stars and climate change. What about poverty, homelessness and hungry children in America?",783479035049418753
0,"RT @LCVoters: #VPDebate opening remarks:

Kaine talks climate change. Pence talks coal.",783480163501764609
1,RT @EmmaVigeland: Moderator is a JOKE. No mention of campaign finance (the future of our democracy) or climate change (the future of our pl…,783499987506397184
1,RT @JordanChariton: Nonstop bible verses from @TimKaine and @Mike_Pence...how about a question on climate change or Citizens United? #VPDeb…,783529488764329984
1,RT @SeanMcElwee: Big take-away from debate is the political class worries about the wrong issues: debt and terrorism instead of climate cha…,783531639146160128
2,"Cod may have regional accents, scientists say: Cornish fish moving north with climate change may struggle to ... https://t.co/jDANgBK5mt",783536773326569472
1,The psychology behind climate change denial https://t.co/Ayt0tY9knF,783558524383166464
1,"RT @paulkrugman: But why? It$q$s only the most important issue at stake in this election, except maybe democracy https://t.co/wvGAKqRTmH",783630303583625216
-1,"Wut?
Blameshifting: Obama tells DiCaprio climate change $q$contributed$q$ to the Syrian civil war. https://t.co/EmkwWhP9RO",783667797683429376
-1,Why didn$q$t someone stop Obama from continually making a fool of America? https://t.co/X1cQmD4HTr,783667978311086080
0,@amlozyk Expert - $q$climate change beyond our control$q$ https://t.co/o72k4qyMs3 https://t.co/r1wiHlF18D,783669788165890048
0,@galebabsss sure nana? 3 meetings nami wa sudli ni sir climate change. Bahala na sila oy basta di na sila mg samok2 ig finals.,783674153287102464
2,"Polite or not, Trudeau draws his line on climate change https://t.co/H1qZG2mD4w",783690213960912896
1,"RT @Marmel: Meet Mike Pence
Climate change denier
David Duke defender
Enemy to women &amp; LGBTQ
A paler shade of Trump
https://t.co/CyuBIUzR5P…",783706055511453701
-1,"Imagine the field day MSM would have if it was @realDonaldTrump who said terrorism is caused by global warming

#tcot #pjnet #maga",783723961271988226
-1,RT @RickRWells: Obama - Climate Change Caused Syria Civil War - Putin$q$s Still Laughing #trump2016    https://t.co/P8Ncl5k3sI https://t.co/G…,783727056026738688
2,Paris Climate Change Agreement Set to Take Effect After Quick Ratification Process - TIME https://t.co/0zoLvIjYaB,783753884200239108
1,Cognitive dissonance prevails as enormity of climate change threat beyond comprehension for most ~… https://t.co/WfGBAxkV28,783761689590177792
2,RT @ABC: Pres. Obama lauds the landmark Paris climate agreement; calls it a $q$historic day$q$ in fight against climate change.… ,783778990058311680
-1,And these clowns also believe in Global Warming cc @tan123  https://t.co/PSk5qHTAf5,783792013850255364
0,"No kidding! Do AAm want to work for an employer like #Solyndra Right! No one, no matter color wants to get hoodwink… https://t.co/tGxD6ATWzt",783821161528451072
-1,@SheriffClarke @NAACP Global warming climate change only a rationale for Elites to  scam carbon taxes from humanity! It$q$s the Sun that rules,783824901643788288
1,@girlsreallyrule @nschim @politico / #Trump and #Pence are stuck with the ridiculous GOP philosophy that climate change is a hoax.,783828134248517632
1,RT @ArrghPaine: Climate change deniers in Florida are evacuating right now...,783828253999935488
-1,"@nikkihaley Source Trump/Pence talk about double welfare, food stamps N Soc sec N pay 4 it from Obamacare N Climate change taxpayer ripoffs",783843550404411392
-1,RT @TwinCath1: Not very good at convincing: He discovered the internet. His climate change hoax. https://t.co/ZRfKGbzvSr,783852134131437568
1,RT @andrew_leach: PMSH UK $q$08: $q$Just b/c the price of oil is causing its own political pressures doesn$q$t mean we can abandon efforts to com…,783860075966394369
1,Enough people don$q$t take climate change seriously.,783862373849374725
1,"RT @UN: It$q$s official: #ParisAgreement on climate change enters into force 4 Nov. 10 countries + European Union join, see:… ",783863935627702272
-1,"RT @SheriffClarke: Sellouts, @NAACP are retweeting global warming tweets. Blacks do not care about that. They want jobs better schools and…",783873437160775680
0,RT @Peters_Glen: One of the morbidly fascinating aspects of climate change is how much cognitive dissonance it generates @drvox… ,783908714940141568
2,CORRECTED: UPDATE5: Paris climate change accord to enter into force Nov. 4 https://t.co/KartiTZvcL,783958786566303744
-1,"They$q$ve pretty much stopped doing that because they all look so dumb. If we get a second, they$q$ll be out. https://t.co/GVEIU9xbN3",783970809534566400
0,RT @JohnTrumanWolfe: 75% of Americans don$q$t believe in global warming https://t.co/7WRdPJ3N0s,783998299745288192
1,RT @Glinner: A new party that promised to listen to experts/made climate change a priority/is not full of racists would be just the ticket…,783999363077009408
1,"@TinnyLizzy @MayneReport   If she was serious about action on climate change,  Greens would be MUCH higher on her How To Vote",783999557751353345
0,"@JDaugherty1081 no climate change deniers (yet!!!!), but someone *did* call Sherman Alexie “dumb” (quote) last month...",784018904989458432
1,Science of Disbelief: When Did Climate Change Become All About Politics? https://t.co/fP9J4TJ7LX https://t.co/2TM56dE9rz,784058968050065408
1,"RT @JustinTrudeau: Tonight, the House voted to endorse the #ParisAgreement on climate change - acting to reduce carbon pollution &amp; build a…",784061333511757825
1,the US is electing this man to rule their country........... https://t.co/rtFwQaDFtn,784072658031894528
0,RT @realDonaldTrump: Do you believe @algore is blaming global warming for the hurricane?,784097539146514432
1,RT @Mike_Thommo: Next week @theCCCuk will publish new advice on what the Paris Agreement means for UK climate action https://t.co/OFiZtiqUKN,784106847112486912
1,"$q$Climate Change Isn$q$t Real$q$

Earth:  https://t.co/xEaNIMKFWe",784145558290083840
1,The Conservatives are a confusing lot. They first denied climate change was a serious issue a #ZacGoldsmith #quotes https://t.co/wsXEFxSj1m,784220499010326530
1,RT @TheDailyEdge: Matt Drudge saying Hurricane Matthew is a hoax is the new Marco Rubio saying Florida shouldn$q$t worry about climate change,784257971911962624
-1,Global Warming/Cooling is/was a natural cycle that will continue until the earth is gone. No need for extensive study on the matter.,784262814080696320
2,ATS international and US members agree climate change affects patient health: (American Tho... https://t.co/J6uYMRf0HZ #science #biology,784297505752125440
1,RT @whatsorb: #Climate Change Links to #HurricaneMatthew. #Whatsorb https://t.co/TufoEUJG22 https://t.co/T02vbugb7C,784302531291643905
-1,RT @ARnews1936: $q$Obama – Climate Change Caused Syria Civil War – No Wonder Putin Laughs At Him$q$ https://t.co/af9UQr3QUA,784304603487608832
1,"RT @MeckeringBoy: Is it time for action on climate change yet?

Or should we wait until it$q$s too late? (If it isn$q$t already!) https://t.co/…",784314484387033088
1,RT @HeerJeet: I understand how rightwing politicized climate change: it$q$s a abstract idea &amp; slow moving process. But hurricanes? They can k…,784331930594516994
-1,"Big deal, to Liberals Male Pattern Baldness is due to Gorebal Climate Change ... not to mention just more White... https://t.co/u0VMHPuHId",784347412483674113
-1,"RT @ProgsToday: Party of science ==&gt; NBC reporter mocked for claiming climate change agreement is $q$designed to stop$q$ hurricanes!
 https://t…",784380081594564608
-1,"👂🏻💩👂🏻Al Gore to campaign for 〽️HilLIARy 
Global Warming Climate Change HOAXER❗️ 
https://t.co/694koromqU",784388773450805248
0,RT @TransformScot: .@NicolaSturgeon How about scrapping the massive #APD tax cut to aviation that you intend? That would show leadersh… ,784411980367036416
-1,Check out what this total dumbass says... https://t.co/he8blPIFi1,784523125031591937
1,"From climate change to the anti-vaccination movement, some people refuse to accept the truth. But why? https://t.co/WzeUG7VL3t",784525863278739457
-1,RT @cristinalaila1: 🎥WATCH👉🏻Dumbass reporter says Climate Change agreement designed to stop hurricanes.😂You can$q$t make this up‼️… ,784542308662382592
0,@kenvinthoi NO ITS GLOBAL WARMING!! 🙄,784545780946305024
2,"RT @CBCAlerts: Paris climate change deal to take effect in 30 days after passage by Canada, EU. Deal needed ratification of 55 countries/55…",784564727825522688
0,RT @OnlineMagazin: 🆘‼️😂🌪 The Disciples of Climate Change: Now the #HurricaneMatthew is still white and racist. Well then! https://t.co/FLoA…,784732298876952576
1,RT @KanishaHendric6: The Effects of Climate Change is Alarming...These Photos Will Tell You Why  https://t.co/JH5jkqfI3s,784755948535451648
-1,RT @COLRICHARDKEMP: So-called climate change experts said Arctic sea ice would melt entirely by September 2016 - they were wrong. https://t…,784758021033459712
1,RT @greenpeaceusa: #Exxonknew about climate change and #ALEC did too! New complaint by @PRwatch @CommonCause https://t.co/Fm3NdQWwdE https:…,784779658608771073
1,RT @c40cities: .@MayorofLondon : I urge the mayors of all the world’s leading cities to continue to champion collective action to… ,784793415464673280
1,Hurricane Matthew looks a lot like the future of climate change - CNN https://t.co/Jk45Scryyi,784798905519083520
1,We have money to fight climate change. It$q$s just that we$q$re spending it on defense | Kenneth Pennington https://t.co/f2uZKt5oqD,784826918864576512
1,"RT @BetteMidler: #HORRICANEMATTHEW, a monster storm, doing untold damage, hard on the heels of once in a 1000-yrs floods, we MUST TALK ABOU…",784834803375890432
0,"RT @puzzleshifter: But he was fully ready 2 defend him on obscene comments about 
- Mexicans
- Black ppl
- Muslims
Was fully on board… ",784844865112715264
1,"RT @PatStone63: Mike Pence is also dangerous not just to women and women$q$s health, but also to GLBT, Global Warming and Clean Energ… ",784859945883865088
0,RT @UNFCCC: Follow @COP22 &amp; check out https://t.co/tgPKeSXgQh for news about @UN Climate Change Conference in Marrakech #COP22  https://t.c…,784863687123279872
2,RT @cnni: Al Gore is set to campaign for Hillary Clinton in hopes of luring millennials concerned about climate change… ,784868655599353857
-1,RT @petefrt: New NASA Data Blow Gaping Hole in Global Warming Alarmism #tcot #tlot #ocra #gop #TeaParty #p2 #SGP https://t.co/WhgHzfIotz,784947520359333888
1,RT @NeelyPucket1: One Look at These Images and You$q$ll Be Certain That Climate Change Is For Real... https://t.co/3mvWrCBV2d,785025028459036673
1,RT @ChristopherWr11: Lets admit it - no govt is taking climate change seriously $q$Qld govt invokes special power for Adani$q$ https://t.co/0mm…,785085738559733761
1,"RT @Brasilmagic: Mike Pence denies Evolution 
denies Climate Change and now
denies the Existence of Donald Trump 

~ Bill Maher",785109351056941056
0,RT @SheilaGunnReid: $q$Get rid of your pick-up. Buy a smaller car. Ride a bike. You$q$ll stop global warming$q$... they say. https://t.co/mYTAKWI…,785140294635380737
1,RT @Shoshanaben: From words to actions: The king of #Morocco to fully cover participation of delegations of Pacific Island States to… ,785237635681947649
1,"RT @katyperry: Difficult subjects I$q$d like to hear thoughts on tonight are: national security, climate change, excess incarceration (aka mo…",785277141675933696
1,"Looking forward to hearing about social security, Russia, climate change during tonight$q$s #debate.  Sigh.",785278139714928640
1,RT @LemieuxLGM: Still zero questions about climate change in either debate.,785304723691802624
1,"RT @WaladShami: This debate is just like the last so far. No mention of education, of Native American rights, infrastructure, climate chang…",785306262393253888
1,"Bring on the climate change denials, Donald. #debate",785306301903540224
1,"RT @Baranko2040: Climate change is destroying the planet, but no questions on it.

This is the darkest timeline. #debate",785306623011090432
1,RT @Slate: Remember when Trump hired a climate change denier as his energy advisor? https://t.co/NtMtW5mMuY #debate https://t.co/IkXwUypKrw,785307254304243712
1,I$q$m glad both candidates want cleaner energy. Climate change is important,785307344917987329
1,RT @Bernlennials: Fracking contaminates our fresh drinking water and worsens the effect of climate change. #debate #NODAPL #keepitinthegrou…,785308399659614208
1,"RT @SimonMoyaSmith: On the subject of climate change, both Clinton and Trump failed to mention Native Americans and the Dakota Access Pipel…",785308652949221376
-1,@MattWalshBlog Climate change is so real NASA has to hide raw satellite data behind a mixture of satellite + ground temps. It$q$s a religion.,785322954724741120
-1,And the reason we have not been back to the moon in over 40 years is too much time and energy wasted on bogus clima… https://t.co/0qiLvyni8K,785327248874180610
1,"RT @Mountain_Jenny: Halting climate change, a Green New Deal, no to TPP, yes to labeling GMO food, accessible higher education for all. #Im…",785331478808956928
1,"RT @j_bigboote: 0 questions on murderous police
0 on global warming
0 on Standing Rock
0 on inequality",785338320603652096
1,RT @HuffingtonPost: Let$q$s not forget that Donald Trump would be a total disaster on climate change https://t.co/qhv3ciSOwu https://t.co/BMc…,785443472735997952
-1,RT @FBRASWELL: They$q$ve falsified data and gotten every prediction wrong! Liberal solution: throw the $q$deniers$q$ in jail. https://t.co/S9ONMB…,785475678275854337
1,RT @NatGeoPhotos: Beautiful photos taken from above present a new view of climate change:https://t.co/OCSthcDsQL https://t.co/W44zVteiFL,785476150281773057
1,RT @pattonoswalt: Not...ONE...direct...climate change question? Please tell me that$q$s ALL the third debate will be about? #debates,785496182202126337
1,RT @commondreams: $q$Shameful$q$: Another Presidential #Debate Basically Ignores #Climate Change https://t.co/fyIgBhjiOr https://t.co/jx3ZIUeVtj,785537239681990656
1,Climate change has doubled western US forest fires - https://t.co/Tkl2muOQ1K https://t.co/MCFmRKD7MA https://t.co/TuwosEm7zf,785565215027032064
1,"Besides religion, I also have zero respect for these: anti-vax, anti-gmo, climate change denial, evolution denial, 9/11 “truth”, chemtrails",785577642401624065
2,Climate Change Blamed for Half of Increased Forest Fire Danger: A study found that human-caused warming was r... https://t.co/tX92iMk7X3,785580082525941760
1,"complacency...
our beautiful world...
global warming ...
endangered species..
the honey bee...
complacency..

bb https://t.co/fjsUYwxcBq",785588187813011456
2,Climate Change Blamed for Half of Increased Forest Fire Danger https://t.co/I3yB1p1Azq,785588742186688512
1,"RT @mcspocky: Let$q$s Not Forget That Donald Trump Would Be A Total Disaster On Climate Change https://t.co/Mt4Upt8CDX
#p2 #ctl… ",785589964356587522
1,"To fight climate change, institute a four-day workweek https://t.co/J4v7Z8qD3E #environment",785594240306847744
0,"DEBATING #HILLARY: 3. ENERGY AND CLIMATE CHANGE https://t.co/22Srxy5arv via @YouTube
#debates #election #uniteblue",785622671782514688
-1,Remarkable:All roads lead to Soros funded orgs....especially the Illuminati hoax: global warming #EyesWideOpen… https://t.co/UAFReIvhOo,785656898532040704
1,Looking forward to talking climate change at Mercer$q$s10th pension fund seminar at Madurodam in Den Haag #PFSMercer https://t.co/SG3Oq266aR,785799781524336640
1,grist: There’s a new video game to indulge your worst climate change fears https://t.co/Jb4E8n1tz4 https://t.co/UTtuMF6cyI,785841746903040000
0,When @joeyBADASS collabs with @RavenxMiyagi its global warming 🔥🔥😩,785852171212451840
2,RT @nytpolitics: Al Gore and Hillary Clinton will focus on climate change at a rally in Miami. https://t.co/3uapTdR1gN https://t.co/JMnTzye…,785854491086163968
1,"RT @dechristopher: @andersoncooper All tar sands pipelines entering US currently shut down. Ready to talk about climate change, yet? https:…",785855333570838528
1,"RT @bobbrunson76: i just ate real good, where the hell is $q$world hunger$q$?? https://t.co/upoOYgxK1C",785866209224826881
-1,RT @JunkScience: Debunked. https://t.co/hs4lFwVbnO https://t.co/sEH583UuhX,785866400871157760
1,RT @commondreams: Man-Made #Climate Change Making Kindling of America$q$s Forestlands https://t.co/O6olmkXmOk #KeepItInTheGround https://t.co…,785870517693718528
1,"RT @johnpodesta: Hillary and I are on our way to FL to talk climate change with our good
friend and climate champion @algore",785892793126445056
1,"RT @HillaryClinton: The choice on climate change:
Hillary has a plan to turn America into a clean energy superpower.
Trump calls it a $q$… ",785897620774551553
2,Western US wildfires already getting a big boost from climate change https://t.co/S70kTP75MO #technews,785897942540365824
2,Clinton brings Gore for climate change https://t.co/IX2sM6ENrc https://t.co/83xY3uTUUb,785909272852828160
1,"RT @NestleUSA: Smallholder farmers are vital to ensuring food security, but climate change threatens their crops and livelihood. https://t.…",785922296015941632
0,@spookynessie she$q$s currently talking about climate change and hurricane matthew,785927280463929344
0,RT @MuttSandersBro: Gore hits the trail w HRC to discuss global warming and he$q$s sweating like a pig. The fix is in! 🌞🌞🌞🌞,785928382542327808
-1,RT @USAHipster: There is no connection between Climate Change and Hurricanes! https://t.co/j0P2fBvQRt,785929725088628736
2,"RT @HDGregg: Hillary Clinton Touted Her Record of Spreading Fracking in Secret, Paid Speeches  https://t.co/VCWRZyTFzm… ",785930095827554304
-1,RT @asamjulian: And John Kerry said air conditioners and refrigerators are more dangerous as ISIS. https://t.co/rugLjrxa0p,785930281433694208
1,RT @johnpodesta: Hillary won’t just meet the goals we set in Paris—she’ll aim to exceed them &amp; cut emissions as much as 30% by 2025. https:…,785932573088374784
1,"RT @SDzzz: Just saw Hillary$q$s climate speech in Florida w/ Al Gore, who will be her climate change advisor! Outstanding speeches from both!…",785940676156416002
-1,RT @kylegriffin1: Reminder as Al Gore takes the stage with Clinton ------&gt; https://t.co/esoQ9IDDta,785941187056263168
1,RT @BernieSanders: Donald Trump thinks climate change is a hoax. @HillaryClinton understands we must transition to renewable energy. The ch…,785942653632286720
0,"@Kathleen_Wynne How did you answer you have made each worse since u came in
Should be locked up for what u have don… https://t.co/yhmUkFuYKw",785950009350946816
1,RT @BernieSanders: Donald Trump$q$s position on climate change is so ludicrous that it really would be funny if the future of the planet were…,785960966819225600
0,"RT @NotJoshEarnest: $q$Hillary Clinton will make fighting climate change a national priority$q$

Looks like this is a $q$public position$q$ speech",785966219711000576
2,Clinton brings in Gore as closer on climate change: MIAMI (AP) — Al Gore laid out the environmental stakes of... https://t.co/dq8U88FIap,785974193401630720
0,RT @tinastullracing: How does climate change cause the ocean to rise in the southeast?- Hillary said the hurricane damage was due a 1ft ris…,785975061131960320
0,RT @BealsParrish: i Would like to see him in CLinton$q$s Administration. As A Climate Environment Adviser. We will see what will happen… ,785977103082590208
1,RT @msgoddessrises: God bless you Matthew.👍🏻 https://t.co/PSEq48xpVW,785977801136562176
-1,RT @itsYourGrace: Over the imaginary #globalwarming $q$crisis$q$ @marcorubio @AJDelgado13 and lying #AlGore https://t.co/ZeW0TjaFMR,785981354282364928
0,RT @antionettemat10: CLIMATE CHANGE ...is winning go Hillary and Al Gore,785985221174792193
1,"@samsteinhp 
SOLVING CLIMATE CHANGE &amp; THE ENERGY CRISIS IN 5 MIN!  https://t.co/33bgs5p3fh … … … … … … … … GOT ENERGY!",785995015021481984
1,RT @HillaryClinton: Our next president will either step up our efforts to address climate change or drag us backward and put our whole futu…,785999727972188161
-1,RT @ScottInSC: I know tons about climate change. For instance: SUVs and air conditioners caused the Ice Age. #Science https://t.co/Sz2qQkyS…,786001879784382465
1,RT @DrJillStein: .@GovGaryJohnson wants to build natural gas plants if they$q$re cheaper than coal. To fight climate change we need to end al…,786004074604789760
-1,@HillaryClinton Hi Im Hillary &amp; I$q$m full of crap! Blah blah blah blah blah blah blah blah global warming blah blah #basketofdeplorables,786048598492536832
2,RT @washingtonpost: Al Gore and Hillary Clinton just strongly linked Hurricane Matthew to climate change https://t.co/HrFyOJRMFz,786049021219516416
2,"Climate change is $q$real, urgent$q$, says Clinton https://t.co/uSZ7eP04KT",786064343595151360
1,Why CCS is a vital part of the solution for mitigating the impact of climate change - the @ENGONetworkCCS explains: https://t.co/XSF8GEBeKU,786148265507098624
1,@ClarenceHouse @Campaignforwool PW = a good person who cares about our World &amp; who will REVERSE CLIMATE CHANGE/ Modification @albertfeynman,786206401219616768
1,"RT @matthewjdowd: Trump partisans, here are some facts:1. Trump is losing in polls. 2. Trump lost both debates. 3. Climate change is real.…",786222473679286272
2,Wide split between Republicans and Democrats when it comes to climate change: https://t.co/ykF6OudvPS https://t.co/ypfyuE4YY1 #cnn,786224488191029249
1,RT @BarackObama: Climate change$q$s effects are devastating. Denying the science behind it does nothing to help. https://t.co/Rww40wwgD9 #Act…,786228120781225984
1,Climate change$q$s effects are devastating. Denying the science behind it does... https://t.co/T9NQ0X8gfP by #BarackObama via @c0nvey,786253942502133760
1,RT @NavdeepSBains: Thanks for the kind words @cathmckenna - equally humbled &amp; inspired to have you at the helm protecting our env. &amp; f… ,786305236369485825
2,Hillary Clinton and Al Gore Bring Climate Change Message to the Issue’s Front Line | TIME https://t.co/c2cjIu0osv,786315481963700228
1,"RT @PCGTW: If you want to fight climate change, you must fight to #StopTPP says @foe_us $q$ @wwaren1 https://t.co/F9c78bvNj5 https://t.co/TTL…",786325717302804480
2,"RT @TheEconomist: Al Gore, former vice-president and campaigner on climate change issues, won the Nobel peace prize #onthisday 2007… ",786338750074724352
1,"RT @HillaryClinton: We need to elect people up and down the ballot, at every level of government, who take climate change seriously and are…",786356545655222272
1,RT @Gizmodo: Next week$q$s presidential debate won$q$t mention climate change https://t.co/cEPcyLSgUP https://t.co/uSCh5BOXdJ,786382987042533376
0,RT @ShannonIsBadAt: Ice Age 16: Global Warming https://t.co/Ywu0w2wIPG,786431246796718080
2,RT @FoxNewsResearch: Late-September @foxnewspoll: 3% of likely voters say the environment/climate change is the most important issue fac… ,786445655518523392
1,RT @BillMoyersHQ: Whether or not the world confronts climate change could boil down to how Americans vote. https://t.co/LnkO1BL3aI,786447617806864384
1,RT @citizensclimate: Such a pity: The “#Climate Change Election” That Never Came  https://t.co/HdxNSsEzaO @brooklynseipel https://t.co/VaSq…,786558299197968384
1,Energy Efficiency Is Key To Taking On Climate Change--Here Are The Numbers That Matter: Energy efficiency needs to… https://t.co/5p9GsBUx6T,786587484087910400
2,Climate change could drive 1 in 6 species to extinction by 2100 https://t.co/CFV31MFv1Z via @USATODAY,786624691746201600
1,Should We Prepare for Climate Change? https://t.co/aguksraCJc,786639609732083712
1,RT @farmradio: 100 mil ppl could be forced into extreme poverty &amp; hunger by 2030 due to climate change. We need #Aid4Ag to stop this. @Cana…,786647335925321729
2,Climate change challenge to Gina Rinehart’s Alpha mine dismissed by court via @jrojourno https://t.co/zNWc1yEtSo https://t.co/vdLXuSXshR,786648459680092160
0,RT @WDFx2EU7: WIKILEAKS: Clinton Campaign Fudged Climate Change Data – Inflated Emission Numbers https://t.co/3obYFdTc2J,786652309283569664
1,Great video on climate change via @WWFCymru - @WTSWW @skomer_island puffins get a look in @WTWales https://t.co/ac1MPkwDJm,786658033422172160
0,Working on this in Episode 4 and 5. https://t.co/LWTsnoQlpl,786703375249371136
0,RT @JoeAMIA: Thank you @jamisonfoser the media needs to stop lumping Hillary in w/Trump who jumped into the dumpster all by hims… ,786717349277736960
1,NatGeo: $q$Extreme Weather$q$ Film Connects Nature$q$s Fury to Climate Change https://t.co/JUH9TT33oS https://t.co/inysGuLpke,786727067400404993
0,IDK abt current evens w Shelly $q$Walton heads north hoping to find a balmy Eden.$q$ TY https://t.co/GiNgdFMjix,786729440474763264
0,The latest Climate change &amp; energy daily! https://t.co/udmxpGrOo5 Thanks to @beingwherenow @BirgittaMartine @bigBucksCo,786743863474085888
1,"RT @samantha_ambros: If you don$q$t think preserving Earth$q$s nature and destroying climate change is a HUGE issue, unfollow me right now.",786757368600223744
0,@tanskiingoddezz let$q$s use kindergarten logic to find out that eating meat literally has nothing to do with global warming.,786764231479660544
2,RT @thewire_in: Climate change linked to surge in Japanese Encephalitis in Northeast India https://t.co/ulXIY09eer https://t.co/Lz0fPBAref,786810229514133504
2,"RT @scienmag: Virginia Tech: Climate change may help Ethiopia, increase the country’s access to water https://t.co/4i4v3d16eO https://t.co/…",786834909931315200
1,This honestly makes me so sad I$q$ve always wanted to visit this place https://t.co/gEVoqObiYH,786857759459385344
1,RT @sierraclub: New video shows ignorant Trump tweets about climate change -- read by kids who know better. Like &amp; retweet if you$q$r… ,786871392402833410
2,Avocado grower says loss of crops to heat stress highlights effects of climate change https://t.co/GjcfwutBgH @abcnews 님이 씀,786873994427281408
1,Global warming at A level: in 10mins you can show a temperature rise of 2C in high CO2 #todaysdemo https://t.co/62lLMLVw2x,786893162853859329
1,RT @johnlundin: The lies #Trump told this week: from murder rates to #climate change https://t.co/m1F1uEaAdn #TrumpLies #Hillary #StrongerT…,786933053352542208
1,RT @UNEP: You can tackle climate change by changing your daily habits &amp; making simple decisions such as #NotWasting:… ,786935924240384000
1,RT @SarahCAndersen: Climate change is something that I privately worry about so much. It$q$s very real and it$q$s not going away.,786955985206317056
2,"RT @CBCSask: Polite or not, Trudeau draws his line on climate change https://t.co/SJv9QJXNx2 #yqr #sask #skpoli #cdnpoli #CarbonPricing #ca…",786969892964544512
0,"RT @CadenAdam: A round of applause to those who deny climate change, without you we could have never reached this milestone. https://t.co/n…",786972337862127616
1,Denying climate change is dangerous. Join @OFA supporters in standing up for... https://t.co/98Cg2Xs8uh by #BarackObama via @c0nvey,786986316445679616
1,RT @BarackObama: Denying climate change is dangerous. Join @OFA supporters in standing up for bold action now: https://t.co/7MDQGYgX2u #Act…,786989284322447360
1,RT @shaylaarosee: Eating meat is the leading cause of global warming so stop it w your stupid coral reef tweets,786996215732764673
1,"RT @kt_money: Anyone who says global warming isn$q$t real is an idiot. Looking at you, GOP. https://t.co/gkziWoRFjT",786998729811304452
1,"Biggest threats to the barrier reef: global warming, Eutrophication and pollution. Predominantly caused by animal a… https://t.co/MZTGMHzSHv",787004569477844992
1,RT @aIanyewest: for all u bitches claiming theres no correlation animal agriculture is the leading cause of climate change so google it or…,787022752473608192
1,#ExxonKnew about global warming. Why not acknowledge the huge impact it$q$ll have on their business?… https://t.co/S5QcIo4NWT,787029555399761920
1,@JayIsPainting and global warming was started and will be stopped by humans 😜,787057771237609472
1,#scientific #app #fintech #tips #seotips #socialnetwork *The best solution to eliminate the climate change is in: https://t.co/nAzqrCc1M0,787065300827115520
1,"RT @SenSanders: We have to take action on climate change and not wait around for the situation to get worse, until we wake up and realize i…",787126875281772545
1,The world just took another huge step forward to fight climate change https://t.co/fGNZkMs0pC,787189086683537409
1,"We will start in 2024, too little too late!

Climate change: global deal reached to limit use of hydrofluorocarbons

https://t.co/saK0RlCRop",787223110873391104
2,Climate change: global deal reached to limit use of hydrofluorocarbons https://t.co/x6I0Z6w33H,787233443591651328
2,RT @guardian: Climate change: global deal reached to limit use of hydrofluorocarbons https://t.co/xhJyXeuUNo,787254505213755392
0,RT @CMOGuj: CM @vijayrupanibjp discussed matters related to #climate change with the officials in a meeting held today https://t.co/KOvDouc…,787283058932060160
2,Nearly 200 Nations Agree To Cut Greenhouse Gases In Landmark Climate Change Deal https://t.co/5pJBmA4k6J https://t.co/EBSammSUpl,787346278426419200
1,RT @refugio_expose: The Effects of Climate Change is Alarming...These Photos Will Tell You Why  https://t.co/mEGPWlEz54,787351522979872768
2,“Climate scientist James Hansen: We aren’t doing nearly enough to slow climate change” by @ngeiling https://t.co/sJMf8edT4Z,787353524099178496
2,RT @RegularTCA: The Daily Caller: $3 Billion Embezzlement Scandal Could Cost DiCaprio UN Climate Change Position https://t.co/Bc8df2uY8Q,787361986820575232
1,Sounds like heaven https://t.co/ktU8DZy80c,787449980831137792
1,RT @johnconn9: Local action for climate &amp; environmental solutions. #startupnow #grassroots @CanadaTrees @pembatrees @PondDeshpande… ,787498634145333249
0,"RT @wikileaks: Hillary Clinton: $q$I want to defend fracking.$q$ Climate change environmentalists should $q$Get a life,$q$ #PodestaEmails8 https://…",787508699065573376
2,"RT @davidsirota: Clinton slammed climate change activists pushing to reduce fossil fuels, saying they should $q$get a life$q$ https://t.co/QBwZ…",787509360712876032
1,RT @BFI: Watch @LeoDiCaprio and @fisherstevensbk discuss their urgent climate change doc #BeforeTheFlood ahead of Saturday$q$s… ,787592755690270720
0,"RT @HHShkMohd: Ratified today, the UAE Council on Climate Change will define public policy, regulation and our international partnerships i…",787603290800451584
1,RT @ClimateWorks: Great piece from @bradplumer on the importance of HFCs | The biggest climate change story in the world... https://t.co/C1…,787639023296651264
0,"this is very kind- thank you! we are also co-creating memes 4 brexit, climate change, austerity+everyday sexism in… https://t.co/NI2Fbx7HcI",787649941518839809
1,RT @johnpodesta: A momentous achievement seven years in the making. The Kigali deal marks a major victory for our planet. https://t.co/gAEz…,787657201800376320
1,RT @LECReDProgramme: Key to resilience is working together. Laamu Climate Change Forum will gather all  #LECReD partners in “Learning fr… ,787657482306859008
1,RT @CivilEats: 6 ways climate change is threatening food security—and what we can do about it: https://t.co/DrqvrmP7br… ,787672272379273217
0,@AgathaChocolats climate change in a jar...,787679694569242625
1,"RT @CECHR_UoD: How climate change triggers earthquakes, tsunamis &amp; volcanoes
https://t.co/DblDeRFiMx
HT @zeekay15
Expect the unexp… ",787744290432815105
1,"Oslo Is Creating The Model For How Cities Can Solve Climate Change: To cut its emissions drastically, the city has… https://t.co/NyvJxQfvPZ",787773133918834688
1,RT @peteswildlife: ACT ON CLIMATE CHANGE is out! https://t.co/WZTKrTXsV4 #climatechange #hurricanematthew,787784303476371456
0,An accurate representation of climate change https://t.co/lWKQinfppJ,787785900906479616
1,"RT @GoLeftYoungMan: Climate change deniers are yesterday$q$s tobacco-doesn$q$t-cause-cancer lobbyists. And the consequences are the same.

#Tru…",787787453184835584
1,RT @UNEP: Today tell us about your actions to combat climate change by using the hashtag #WFD2016: https://t.co/ExOBl7umAE… ,787803807027716096
1,The world just took one of the biggest steps yet to fight global warming https://t.co/xmSGDwSVgp via @voxdotcom,787815971788513280
0,RT @dietcig: YEA WELL SO DO MILLIONAIRES AIR CONDITIONING THEIR ENTIRE MANSIONS OK LET THESE PPL C H I L L https://t.co/74z1ncS2t5,787876040039276545
0,It$q$s OK. They will support her anyway. #usefulidiots #ImWithHer https://t.co/DO0ImtDHOh,787901603034521602
2,RT @guardianeco: The gap between ambition and action in tackling global warming https://t.co/wefzN5KCuZ,787930467265720320
1,EPQ Ideas: How will climate change alter the way we grow food? https://t.co/P6sTlxKdT5,788105418174296066
2,RT @washingtonpost: UN: Global agriculture needs a $q$profound transformation$q$ to fight climate change and protect food security https://t.co…,788141025252499456
0,"RT @Kathleen_Winne: Just ask @elonmusk to build you a pretty thermostat. That way you can dial weather down a notch,… ",788153228940550144
1,Consequences from Antarctica Climate Change https://t.co/SrwJWEIegh,788160512408313857
0,#LandYacht https://t.co/ugoCM3CiCI,788161865058779136
2,"#NCAAF Wire: Jim Harbaugh jokes about global warming again, says it is good for Michigan… https://t.co/NZayRFz4yF https://t.co/Wo6RkCUnPw",788177817376698368
0,https://t.co/GQ3ZoQeAj0 update: MYX NEWS MINUTE: LEONARDO DICAPRIO Presents Climate Change Documentary https://t.co/yomqrQg0VG,788180730463395840
1,RT @TomthunkitsMind: Climate Change Is Real. https://t.co/a70b3PwrTL,788199197258375168
1,RT @armandodkos: I predict we will have a 3rd debate where the following won$q$t be discussed: 1/ climate change 2/ women$q$s right to choose 3…,788243030931218432
1,"Climate change impacts food security as crop yields decline due to yhanges in gemp, rainfall &amp; increased climate variability.",788268794590457856
1,"Trees are our last line of defence against Climate Change .Taya passed on after  700 000,we need to hit the million… https://t.co/ZHjDnYRJoG",788286850834243584
0,"RT @AndreuEscriva: De verdad que os lo digo, qué envidia me dan los estadounidenses por tener a este tipo de presidente.
(Y sí, a pesa… ",788298841942548481
-1,RT @ClimateDepot: $q$Are Global Warming Alarmists Disappointed Hurricane Matthew Wasn$q$t Worse?$q$ https://t.co/XdBqnaCtL9 via @ClimateDepot,788307579785076736
0,"RT @FAOstatistics: Out Now | The State of Food and Agriculture 2016: Climate change, agriculture and food security… ",788321657463136256
2,RT @GregusDanileous: Climate change could drive 122m more people into extreme poverty by 2030 https://t.co/PCgaGTFsW2,788335725792165889
2,#WB pledges $2 billion to #Bangladesh for #climate change https://t.co/4T0zHlMtwv,788369034597117952
1,RT @falke_jonathan4: The Effects of Climate Change is Alarming...These Photos Will Tell You Why  https://t.co/YlkHbWvpgY,788371554182664193
1,"RT @Sultan_Qalam: $q$Issue of climate change is not only an environmental issue but is contributing to lack of peace$q$
#KhalifaofIslam address…",788373883565080576
1,"Topics such as climate change, contaminated water and deforestation are front and center in the public discourse,..… https://t.co/D1464StHxj",788410250260914176
2,WSJ: The iconic Champagne region has a climate change problem https://t.co/IEtwv83WQ2 🔓 https://t.co/vrJ0loU6Ri,788414208820015104
1,"RT @hanseldee: Colorado—care about these things?
☑️ Climate change
☑️ Women$q$s rights
☑️ LBGT equality
Check mailbox for your ballot!
#LetsV…",788414812497645568
-1,@BetteMidler Probably agree with you but we had an ice age once. Maybe climate change is natural,788430027469778945
1,"Yup, a Climate Change Denier Could Be #President. What Could Possibly Go Wrong?
#NeverTrump⚠ #GlacialMelt #SeaRise https://t.co/bU1ikNpx67",788456271779237888
-1,RT @ezralevant: PLEASE RT: The UN has blacklisted our reporters from the global warming conference. Learn more &amp; sign our petition: https:/…,788545557354512384
0,Do you know that how #climate change can effect your surroundings ? https://t.co/8hpmDRLYQA,788553730043949056
2,Indonesia$q$s parliament ratifies Paris climate change deal #Generalnews https://t.co/rs8scPzGnJ,788706597069520896
1,Community-Based ‘Bright Spots’ Offer Hope Against Climate Change https://t.co/W9JqPwer6C,788719302446813185
0,RT @MarezBaca: #FuckfaceVonClownstick believes https://t.co/Xc0Ucv7Rsn,788738290170015744
-1,"RT @PlaysTrumpCard: Climate Change? Just get @HillaryClinton &amp; @billclinton CCI to collect funds &amp; do nothing
#Scam
#PodestaEmails12… ",788746358085869569
0,RT @soLEXsaid: When global warming fucking up your homecoming fit... https://t.co/wcWFUcscdi,788778606042447873
1,Creative collaboration on climate change and public spaces regeneration for making better cities @limacomovamos… https://t.co/kPfSL6WspB,788779071039737856
1,RT @snazzy__yazzy: I$q$m wearing a sleeveless dress in the middle of October.. and y$q$all tryna tell me global warming ain$q$t real,788796234400198660
1,powershiftnet: The Western US is burning. This new study shows how climate change is (at least partly) to blame. #… https://t.co/oWHHBqeY1p,788819304057831428
0,RT @mattwridley: Global greening versus global warming: https://t.co/wtXimVp7Oo,788820187764195328
2,"Coffee And Climate Change: In Brazil, A Disaster Is Brewing https://t.co/AlUB0RkqQC",788832738149302272
1,RT @tsrandall: Debate moderators still haven’t posed a single direct question about climate change. #debatenight https://t.co/xLIQCyJtd9,788888848713605120
1,It took 3 debates but the words $q$climate change$q$ finally came out. #j4936 #Debate,788917466848169984
0,@sjw_nonsense But MUH Climate Change,788917603716575232
1,RT @SarahKSilverman: YES TALK CLIMATE CHANGE!  TALK LGBTQ!#debatenight,788920363375661057
1,RT @billmaher: Debate prediction: Closest we get to talk of climate change tonight is when Trump mentions his daughter keeps getting hotter.,788922639234523137
1,What about climate change issues!!! #debatenight #environment,788923596274069504
1,"RT @GreenPartyUS: Militarism is again absolutely dominating #debatenight. RT if you want to hear more on: health care, climate change, stud…",788923886326820864
1,No more talk on climate change? This election is rigged!! https://t.co/xVCjMXsjt5,788925325501693953
1,RT @GrantWahl: Not a single question on climate change in any of the 3 Presidential debates.,788929593621217280
1,"RT @jtotheizzoe: I guess climate change, the most critical issue facing us and every 👱👩and 👶 on Earth, will to have to wait for 2020 🔥🌎😔 #d…",788929874115166208
1,RT @TheAtlantic: It looks like we$q$re going to go through this debate without a serious discussion on climate change via @fivefifths… ,788930111441473536
1,"RT @pomeranian99: So, the third debate — and absolutely no serious, sustained questions and followup about climate change. That is mind-bog…",788930282858479616
0,"RT @ClimateChangRR: Ask Clinton, Trump about climate change: Our view https://t.co/gyxSYor6S0 https://t.co/VuHb51RkOk",788931119437799424
1,RT @bryangreenberg: Climate Change doesn$q$t exist.....In this #PresidentialDebate,788931505686839297
1,"RT @DamienFahey: Maybe the next question is about climate change? No? Okay, maybe the next one? No? Okay, next one? No? Great. We’re fucked.",788931545893523456
1,"RT @ezraklein: Things that are not a problem right now: the national debt.

Things that are a problem right now: climate change.",788931584451833856
0,@SethDavisHoops what climate change?,788932831720316932
1,RT @alexwagner: The debates will end with not a single question asked about climate change.,788933334923706368
1,"RT @davidsirota: The climate has hit hottest temperatures ever, and the media &amp; Commission on Debates gave us 3 debates with no talk of cli…",788934023460552704
1,"RT @DrJillStein: Still waiting to hear about climate change, student debt, health care, criminal justice reform, etc. Just war, war, war. #…",788934992273420288
0,"RT @canhowie: I missed the first 20 minutes...
that$q$s when they discussed climate change, right?...right?!?! #debatenight #climatechange",788937754688253952
1,At least #Chump didn$q$t talk about climate change being a myth spread by the Chinese: https://t.co/eV8FeQqa74,788938599404187648
1,"RT @OurRevolution: After 4 Pres/VP debates-- # of moderator ❓$q$s on: 

Climate change - 0
Poverty - 0
Student debt - 0
Native rights / #NoDA…",788938609135067136
1,RT @HuffingtonPost: Presidential #debate ignores climate change ... again https://t.co/GGhj2fQ7qg https://t.co/Y60TlTK6NT,788945345673912321
1,"RT @billmaher: Not a single question about climate change in all 3 debates. Sad. No, really - sad.",788964738482962432
1,"RT @adamjohnsonNYC: Topics of questions asked: all 4 debates

Russia 7 
ISIS 5
National debt 3

Climate change 0
Poverty 0
Privacy 0
LG… ",788971067897360388
1,"RT @NatCounterPunch: Nothing on climate change, nothing on poverty, nothing on ending the war in Afghanistan, nothing on banks, on housing,…",788974155647492096
1,Add that to the list of what makes this look insane right now! https://t.co/zBOsfAuHMc,788974855811059712
1,"RT @paulkrugman: So, four debates; four shout-outs by moderators to deficit scolds; not one question about climate change. It$q$s really disg…",789041701646049280
1,RT @LKrauss1: Three debates. No questions on climate change. Sad reflection of the associated journalism. Playing to lowest common denomina…,789048750287314944
0,"RT @MikeSceezie: Me: I$q$m about to kill the game with these new sweaters I just bought. 

Global warming: https://t.co/nDhNBJw6Gx",789081489522630657
1,"RT @maassp: No question on climate change in the presidential debates. And Trump is a denier. Future is calling, asking why. https://t.co/m…",789087373774553090
1,RT @jeremydlarson: The band Tool has officially addressed climate change in song more times than either candidate did in the 2016 president…,789107173137715201
1,RT @fivefifths: No opioids and nothing substantial on climate change in all the debates. Setting ourselves up rather nicely for big future…,789112589087145985
0,$q$CO2 Smoke Screen: New Nukes Make Global Warming Worse uncovers the ludicrously small impact that nuclear power... https://t.co/JwXTNE7CAo,789114575685840896
1,RT @socialgood: 6 facts that prove curbing climate change is key to ending hunger https://t.co/pgL1M9UJ48 #WFD2016 https://t.co/WK0G9Gck9x,789128631838707712
1,RT @ReinaDeAfrica_: When you know this unusually warm weather in October is due to global warming and climate change but you still kind… ,789136034646884353
-1,"@brithume 1st $q$Global Warming$q$ then $q$Climate Change.$q$ As with any ad campaign to sell a product, I suspect they$q$ll rebrand and try again..",789150466995171332
0,Climate change took a backseat to scandal at the presidential debates,789150600722132992
1,"RT @GaryReberFEJ: That$q$s 4 straight debates without a single question on climate change. Good job, everyone. https://t.co/qWBtZhtGK0",789158991196721152
1,RT @ArnMenconi: Hillary promise to frack her way out Global Warming. HRC $q$I want to defend fracking.$q$ Climate change environmentalists shou…,789164709559676928
1,"RT @insideclimate: That$q$s 4 straight debates without a single question on climate change. Good job, everyone. https://t.co/3TuiQLrrKq via @…",789200286472470528
2,RT @CNN: President Obama on climate change: $q$How can you deny what is right in front of you?$q$ https://t.co/UYpqI3w42L https://t.co/547au4Y1…,789202410921005058
0,RT @RuthHHopkins: Zero mention of Natives by either presidential candidate in any debate. We$q$re invisible. 😑 https://t.co/JjEsLUBkGz,789222039353556992
1,Boise: Where should you live to escape climate change? Welcome to Boise! https://t.co/fSLdSQ9zyQ #communityscene #news,789234358263480320
1,Me and my grandma talked about climate change for an hour once. She$q$s my fav.,789262530409435136
0,"RT @Noahsyndergaard: Tom...my people are watching you👀You also didn$q$t mention The Wave is THE direct cause of global warming. #banthewave
h…",789291634185871361
0,They could have used the Question  Formulation  Technique  to ask more of the @RightQuestion s… https://t.co/A05B6zoxaP,789305449132601344
1,"RT @FoEAustralia: Afternoon session at #NEM2016 focussing on Everyday Life &amp; the Australian Environment, then Hope in the Wake of Cli… ",789309725380796416
1,RT @climatehawk1: U.S. health insurers in state of denial about #climate change: @MarketWatch https://t.co/0Cj3T65TDL #globalwarming… ,789312025906204672
1,RT @m_r_stewart: Want to know how much power Big Banks have in the fight against climate change? $3.75B of the $3.8B it costs to build #DAP…,789329849299050496
0,"RT @Revkin: Is this earliest English-language news item on CO2-driven climate change? 1912, N.Z. https://t.co/A8gFOPhNX4 ht&gt;… ",789337268439818240
2,RT @britishbee: Wild Science: Bees and climate change #bees #beekeeping https://t.co/dIW5QzCDgP via @YouTube,789397978842664960
1,"I$q$m reading about climate change, which has the modest advantage of making all other problems seem pretty trivial.",789434011173154816
1,RT @JohnnyAkzam: 2 Minutes That Will Change Your View Of Climate Change @LeeCamp @RedactedTonight  $q$was the hottest [month] EVER!$q$ https://…,789457560105422848
0,"TN housewife, loser, climate change is a hoax, butterflies don$q$t need protection. I$q$d sell the land and make a HUGE profit. #TumpBookReport",789460447397310464
0,"Russian scientist claims global cooling is on

Americans and allies claim global warming is on.

Let$q$s smoke... https://t.co/xvADONcHOF",789462772379680769
-1,Buy this book! https://t.co/AKkctqNs1U,789466229572571136
0,"RT @voxdotcom: Americans are more afraid of clowns than climate change, terrorism, and ... death https://t.co/mM0x9cAwrR https://t.co/TaF9h…",789468167743635460
1,"RT @thinkprogress: Hundreds of towns broke heat records this week. Thanks, climate change!
https://t.co/mxD70QJges https://t.co/blQCAEWEVh",789504114002657280
1,How to green the world$q$s deserts and reverse climate change | Allan Savory.  Great video. https://t.co/G2u5vavL3K,789542547806883840
-1,shame on the catholic church lead by the lousy pope 4 not slamming clintons attack on catholics pope is 2 busy with global warming,789547027709333504
0,"Americans are more afraid of clowns than climate change, terrorism, and ... death https://t.co/UvgoBwVUnt",789575153931980800
1,"Who sets the agenda? 7Qs on Russia, 5 ISIS, 3 national debt - 0 on student debt, climate change or campaign finance https://t.co/0ydwBxGqAB",789587161725095937
0,RT @rjc7123: Houston must have a lot of SIN and EVIL God trying to wash out. Kind of like the New Orleans voodoo...or maybe its just Global…,789633086430453760
1,"RT @GreenPartyUS: There$q$s only one political party calling climate change what it really is. 

An emergency. 🚨 

#VoteGreen2016✅ https://t.…",789639483092299776
1,Marco is a dullard https://t.co/6P334DqABC,789640249987084288
1,"lots of talk about climate change, but even Obama admin has done little.  And campaign refuses to address. Profit o… https://t.co/fNZzWUPFgK",789642150480846849
1,"RT @aIanyewest: person: $q$omg the great barrier reef &amp; bees tho! climate change needs to be stopped!$q$

same person: *still eats meat* https:…",789682764081602560
1,@Salon He was hard on both. I understand your point. He ignored climate change and  totally focused heavily on SCOTUS/abortion.,789694002576629760
0,RT @tsrandall: Botnet DDoS attack spreads worldwide... wait hang on...I$q$m hearing this is just a climate change map. Business as u… ,789706706758410240
-1,Tens of Thousands Of Scientists Declare Climate Change A Hoax https://t.co/zWqx9P4HSW via @yournewswire,789726522491961344
0,RT @NSeyfried: PV thinks global warming is a conspiracy theory created by China,789738447988592640
0,"RT @AjayKushwaha_: Must Watch: PM Modi Ji interview to David Letterman about climate change on October 23, 2016
@narendramodi… ",789759938557939712
1,"@UNEP Better sustainable infrastructure might not look like one expects. Our new tech can reverse climate change, e… https://t.co/ewLW2mIgm5",789818126800216064
-1,"@craig_solomon @LevinsonJessica Gore became a Trump like con artist, profiting enormously from Global Warming. So there are similarities.",789842743296086016
-1,@TeslaMotors @NASAClimate Bullshit. Climate change is not real. There is no provable connection between CO2 and rising temperatures,789854451683188736
0,"RT @Shendal: Welcome Prime Minster @JustinTrudeau to our beautiful @cityofhamilton @ronmckerlie, Mayor @FredEisenberger… ",789869782464016384
1,RT @tveitdal: Only 5 minutes &amp; 27 seconds was spent on climate change in all 3 debates https://t.co/3YxhTjBwtq,789870789512224768
1,"RT @Harlan: BULLSHIT.

W/ climate change, scientists make their case with EVIDENCE

W/ @Wikileaks, we$q$re asked to trust it$q$s Ru… ",789873241582075908
1,"Congressional Republicans Who Deny Climate Change
 
NEVADA: Rep. Mark Amodei (R-NV-02) 

#IdiocracyNV #NV02 

https://t.co/WeCYKaikGK",789885554259296257
0,"@CrappyMovies I believe the no fly zone HRC proposes will put us in war, but agree on climate change with u",789912866954489856
1,"trump$q$s defiance of climate change cd cause increased floods &amp; drought * &amp; loss of food security  @JAKETAPPER, @ANDYCOOPERCNN @UNFCCC
#COP22",789939937453801472
1,RT @AstroKatie: Maybe governments will actually listen if we stop saying $q$extreme weather$q$ &amp; $q$climate change$q$ &amp; just say the atmosphere is…,789941032200863744
1,RT @People4Bernie: This sounds like climate change denial to us. We should elect @russfeingold to #FlipTheSenate… ,789978505555632128
2,RT @globalwarming: Scientists project big decline in emperor penguins by 2100 as climate change reduces extent of sea ice. http://t.co/T07e…,789992816009175041
1,RT @sierraclub: Trump denies climate change. @HillaryClinton has a serious plan to fight it. RT if you$q$re a #ClimateVoter! https://t.co/Bid…,790064440196468736
1,RT @democracynow: Amy Goodman says Standing Rock is $q$a critical front in the global struggle to combat global warming$q$ https://t.co/TQafKO0…,790177936452165632
1,"RT @NatGeo: Is a carbon tax the best way to address climate change? 
https://t.co/lV2ajQQpt8 #BeforeTheFlood",790278649257730049
-1,RT @kevin2kelly: Here$q$s a scientific scenario by @mattwridley that global warming is beneficially causing global greening. https://t.co/JN8…,790324426122362885
1,RT @sciam: How can we think about climate change and sea level rise in truer time frames? https://t.co/EnA3o1RtJP,790363150751178753
2,"Hundreds in Los Angeles protest climate change, North Dakota pipeline: LOS ANGELES (Reuters) - Hundreds of pe... https://t.co/ilbUDP9mE5",790378811489554432
1,"RT @guardian: We are approaching the Trumpocene, a new epoch where climate change is a big scary conspiracy | Graham Readfearn https://t.co…",790393321206063104
0,Market Extra: Climate change is paying big dividends for coffee investor.. Related Articles: https://t.co/oKRzM3TiOL,790419119577399297
1,RT @narendramodi: I will talk about our efforts to mitigate climate change with David Letterman. Tune in tonight at 10pm on @inNatGeo https…,790504110848024576
2,RT @WFP: Climate change will increase stresses on livelihoods &amp; food security in #Sudan. A study by WFP &amp; @metoffice examine… ,790505735448850432
2,"RT @CarbonBubble: Climate change could trigger a financial crisis. $q$It is potentially a systemic risk$q$, says this top regulator… ",790509838761537536
1,RT @ToSaveEnergy: #EnergyEfficiency is key to taking on climate change—here are the numbers that matter https://t.co/vQrBqnHOzR https://t.c…,790539821395668992
1,RT @YourAnonNews: Madagascar teetering on the brink of catastrophic famine after record 3 year global warming induced drought https://t.co/…,790557969134084097
1,RT @PMOIndia: Watch PM @narendramodi in conversation with David Letterman on climate change &amp; many more issues at 10pm tonight. https://t.c…,790559368978636801
1,"RT @BrstlGreenDoors: Oh dear, oh dear, oh dear. $q$New era of climate change reality$q$ as emissions hit symbolic threshold https://t.co/i9U102…",790565063597883394
2,What the ancient CO2 record may mean for future climate change https://t.co/Z96dvDOMwC https://t.co/B13nmyw3VF,790574586882588672
1,@JonathanCohn this was what convinced a friend of mine to vote for Bernie. He realized moderation just wouldn$q$t cut it on climate change.,790578298585751552
-1,RT @SaveLiberty1st: Climate Change is really about redistribution on a global scale. This is why the leftists want to stifle all dissen… ,790586704050556928
1,"RT @USUN: The world adopted the #GlobalGoals to make progress on global issues, including climate change. On #UNDay, start ta… ",790594445037084672
-1,RT @SavageNation: University Stole Millions By Faking Global Warming Research... https://t.co/7w59KCSmMr,790645144806621184
1,"The sheer, unparalleled chutzpah of climate change denliaists and conspiracists never fails to astonish,",790663861544247296
1,RT @YaleE360: Recent coral bleaching provided sobering insights into the impacts of climate change. Q&amp;A with @coralsncaves… ,790665147278823424
0,@gratefulmaggzzz but also... Climate change ://///,790668579729399810
2,What the ancient carbon dioxide record may mean for future climate change https://t.co/mkK5MjJv5V,790718310463791104
1,RT @mashable: The $q$new era$q$ of &lt;400 ppm global warming: Our actions will determine how long it lasts https://t.co/JGtisrAR77,790740107494121472
1,RT @piyratana: Climate change seminar today. #Sustainability #climatechange @UTS_Science https://t.co/HKeKXj0iJR,790742066145832960
1,Humanity enters $q$new era of climate change$q$ as CO2 levels break all records: WMO - Zee News: Zee NewsHumanity... https://t.co/CMceuIdBuU,790744891500343296
0,RT @Garvin1313: Too true. But of course the corollary is that in seeking mitigation opportunities we have a once-in-a-generation sh… ,790764405994627072
2,GOP Senator On Climate Change: $q$Mankind Has Actually Flourished In Warmer Temperatures$q$ https://t.co/W9qKFrCN7d via @NewsRepublic,790780116058140672
0,"Trolls , Games they play &amp; Global Warming - https://t.co/uS29nyhyH3 #ITRTG",790787417372438528
-1,RT @braintwat: https://t.co/GCF7F8B6g0,790827866623705088
1,"RT @mrdavidwhitley: It$q$s possible to simultaneously believe man-made climate change needs tackling and that Heathrow should expand, you kno…",790888156413427712
0,@tommasomatic @Noahpinion I$q$ll take the global warming bet. How much?,790898628940279808
1,Good news! New UN Sec General serious about climate change. https://t.co/WvD7k9vQEA,790899560587464704
2,"Climate change may cause next financial meltdown, says former No. 2 at @bankofengland https://t.co/MYDqmgUyaS",790921699390816256
1,RT @GeorgeTakei: Too many voters buy the lies: Obama$q$s a Muslim. Global warming$q$s a hoax. There$q$s massive election fraud. To save the USA t…,790961624651792384
1,@vonboski @YahooNews pfft. Global warming. What a hoax!!!  (I$q$m kidding),790978677643194368
0,RT @caitlinmacneal: Ron Johnson says climate change is no big deal because “civilization thrives” in warm weather &amp; ppl live in Florida htt…,790988926018211841
1,Wow - thank you so much - that$q$s why we made No Place Like Home! https://t.co/XlZX9DzAYZ,791022167811121152
-1,@CNN @ABC @CBS @NBC @MSNBC @Foxnews Another REAL scientist coming out to say man made climate change is a SCAM https://t.co/luNhAefKcw,791039347235680256
1,"RT @BernieSanders: Vermont can lead the country in transforming our energy system and combating climate change, but we need to elect @SueMi…",791041472728436736
0,RT @primate7: Watch Leonardo DiCaprio’s Climate Change Doc Online for Free via @EcoWatch https://t.co/6iI4F78f59,791090130366758912
-1,#FactsAreTruth https://t.co/EoSSillfbE,791090372453597184
1,RT @tmruppert: #ImVoting4JillBecause Climate Change is real and we need a leader who has a real plan to address it. https://t.co/dVc2Xlw0af,791121649458356224
-1,Global warming provides a great excuse for global socialism. Enlist ----&gt; https://t.co/GjZHk91m2E. Stand up today. https://t.co/I9COVJiKas,791129732050018306
2,RT @nereusprogram: Climate change could cause fish extinction in the tropics and a 14-24% shrink in body weight globally.… ,791184581479182336
1,RT @nytimes: Climate change is expected to displace millions of people. China is already moving entire towns. https://t.co/BCvB3QKSQL,791231027880394752
1,"#Awareness Walls aren$q$t answer to people fleeing war, climate change, pope says - https://t.co/s6c7v2fnVK - VATICAN CITY (CNS) -- Closing …",791278043235049472
-1,RT @PrisonPlanet: Americans More Scared of Clowns than Climate Change. https://t.co/PHSMx8Q3Bk,791286160656072704
1,"#AikBaatSuniThi 
Global warming has negative effect on the melting down of glaciers",791293803877502976
2,RT @cnni: Leonardo DiCaprio: $q$Not one question about climate change was asked during the presidential debates - not one.$q$ https://t.co/Retl…,791305172823736320
1,"Dear @realDonaldTrump,
Yeah right. Human Mediated Climate Change is a Chinese urban legend. https://t.co/LLLx3iEj4y",791307031919550464
1,What will your respective parties do to prevent climate change globally? #ZPNDebate,791316857403936768
2,RT @MikkiL: UN Poll Shows Climate Change Is the Lowest of All Global Concerns https://t.co/OopCQJvoGA,791357509101621249
0,"RT @taehbeingextra: i still can$q$t believe this gif of taehyung saved the human race, stopped global warming and watered every plant on… ",791390042136641537
1,"@Likeabat77 @zachhaller 

The wealthy + fossil fuel Industry know climate change is real. Their money is to make sure THEY are safe from it.",791401610308038656
