-1,climate change is an interesting hustle as it was global warming but the planet stopped warming for 15 yes while the suv boom,792927353886371840
1,Fabulous! Leonardo #DiCaprio's film on #climate change is brilliant!!! Do watch.,793124402388832256
1,Just watched this amazing documentary by leonardodicaprio on climate change. We all think this,793124635873275904
1,It's vital that the public health community addresses climate change- viaTabola #APHA2016,793127915269480448
1,"Bangladesh did not cause climate change, so the country does not need aid; instead it needs compensation for the",793129746003615745
1,Now's the time: we need a strong #FTT that works for those hardest hit by climate change and poverty!,793130016410365957
1,One of the easiest ways to help combat climate change in your daily life is to stop eating beef. Here's why,793131033482829824
-1,"arseholes couldn't predict tomorrows weather in a 4 month heat wave, yet we trust them on climate change! narrr",793135386558070785
1,"Florida,Trump defied Cuba embargo&lied to you about it.Also,he doesn't believe in climate change which will affect",793135814003699712
1,"We must combat climate change. Indigenous ppl are protesting for our earth, our water. Yet this happens",793136121165312001
1,"Everyone should take the time to watch climate change docufilm with Leonardo DiCaprio, time to be about it and stop talking about it",793136536724398080
0,should we care about the economics when fighting climate change?,793138073542549504
0,"if not for climate change information, watch Before the Flood because Leonardo DiCaprio",793140314278023168
0,"""Niggas asked me what my inspiration was I told them global warming""",793140458893381632
0,Team energy/climate change we should check this out #McGgovt,793140748812226565
1,global warming real as hell. al gore told us. leo dicaprio keep tryna tell us. its 82 degrees and its halloween. sumn aint r,793141154657239040
1,"If climate change goes unchecked, many areas in southern Europe could become deserts. #scary",793144222987722757
1,"I watched it just now. Everybody, esp., world leaders must stand together and act on climate change.",793147054939705344
1,"I'm creating a new think tank for climate change, would you join and post your tweet also at ?",793147573376839680
1,Nicely said: 'Financiers are not philanthropists. But (...) allies in the fight against climate change' [in French],793149247730356224
1,why aren't you vegan? meat industry contributes GREATLY to climate change and deforestation!,793152052037836800
1,It's #2016 and I can't believe people still don't believe in climate change its effing science.,793156261860618241
1,Respecting First Nations sovereignty. Fighting petrocapitalism. Standing up against climate change. Get after it. #NoDAPL,793156295671083008
1,A huge climate change victory just happened in Rwanda - and few people noticed,793158687225356288
0,"I asked my dad to watch this documentary that just came out on climate change, and legit turned it into a trump vs hillary thing",793158746629345280
1,When everyone's glad it's 80 degree weather in October but you can't stop thinking about global warming,793159873450106881
0,"Al Gore, creator of the internet and global warming.",793160340515106816
1,yes wrote that in 3rd yr Comp Sci ethics part. Was told by climate change denying Lecturer that I was wrong & marked down.,793164419261865984
1,I don't get why climate change is a political issue when it is clearly a scientific fact.,793165643461828608
0,How do ghosts cool their environment and could we use that to combat global warming? #funny,793165856553459712
1,It's like not believing in global warming. You opposing war doesn't make the world a peaceful place.,793166227661172736
0,"AL. I might be related to wright brothers, and i think I just solved global warming. I sent emails to everyone!",793168139777298432
1,if you don't believe in global warming come to tallahassee rn,793170553100263425
0,and with climate change we can expect asteroids to become more frequent and powerful,793172178250391552
1,I swear if it's 80 degrees on Christmas again I will personally defeat global warming. Revenge is a dish best-served cold,793174254611070976
1,"Exactly, fixing the economy & addressing climate change w/ an emergency #GreenNewDeal IS 'dire,' .",793178862674776065
1,"Is this who we really want to be? A nation with a leader who promotes bigotry, racism, anti-women, anti-journalism, anti-climate change?",793180225093898240
1,#Halloween's ok but if you really wanna get scared watch this new climate change doc with,793180381470154753
1,"100% agree with on climate change. The choices in this election look to be 100 steps backwards, 50 steps forward, or zero.",793181583348002817
0,75 degrees in StL on last day in October. I am all for this global warming hoax!,793194244034863105
1,Y'all still don't believe in global warming SMH,793194502538268672
1,Everyone must watch #BeforetheFlood. Great documentary produced by & his team showing effects of climate change. Eye-opening,793194536608595969
-1,"you do understand that climate change is natural, not necessarily caused by humans. It snowed in Miami, and the atlantic froze",793195493568413696
0,"Google is being very odd, we know they manipulate search results, but I woke up to a climate change documentary loaded up on YouTube...(1/2)",793196495944097792
1,The human cost of climate change is too high.,793196617402679296
1,it's the last day of fucking October and it feels like fucking spring smh shout out fucking global warming one time,793197468116668416
0,"They ask me my inspiration I tell em global warming, too cozy",793198718279258113
1,Probably the scariest thing you'll watch this Halloween. Leonardo Di Caprio's climate change documentary,793200112382115840
1,Main emitters of greenhouse gas must help vulnerable countries like Madagascar avoid worst effects of climate change,793202953922473984
1,global warming is so real man.,793204322083274752
1,The Dakota Access Pipeline would be a huge blow to our fight against climate change. #NoDAPL,793206517629497344
1,watching docu. Funny you talk up doing something about climate change yet do nothing on #DAPL #NoDAPL #ClimateAction,793208140636364800
0,"1 of the benefits of global warming & international terrorism,is that more people are holidaying in England,ill drink to that",793210532618698752
1,He's hot headed and vindictive. He's pro use of nukes. He thinks climate change is a hoax.,793210870323109890
1,Thinking won't stop climate change,793211010949656576
1,"If you want to fight climate change, you must fight to #StopTPP says '",793211494317985792
1,#beforetheflood taught me more about climate change than my entire formal education!! insightful and bold!!,793211788762296320
1,Im constantly on the verge of a climate change rampage WE ARE KILLING EARTH PEOPLE WAKE UP,793212518965518336
1,12 #globalgoals are directly linked to climate change.,793213258824032256
0,"Trump wins election & he is now a catalyst for climate change in Wash. No more cush jobs, they will be accountable,nopension",793214420247805952
1,Global Climate Action Agenda at #COP22 Governments alone cannot solve global warming.,793217556702265345
0,What do you think of global warming?,793218337513668608
0,Damn I wish global warming was this good when I was a kid so I coulda trick or treated in 70 degree weather,793221791648854016
1,. is right to highlight the vital importance of upland peat in climate change.,793222064668831744
0,The worst thing about global warming is it allows people to wear flip-flops in public later on into the year.,793222266242740224
1,"270 minutes of debate time, zero questions on climate change or education policy. ISIS! Emails! NAFTA!",793222707894558720
1,Company directors to face penalties for ignoring climate change #auspol politicians should too,793223881913802752
1,Coffee must adapt to climate change and requires industry wide coordination.,793224089418756100
1,Saving forests is crucial to fighting climate change. WWF's Josefina Braña-Varela blogs for #BeforetheFlood,793226225196163072
1,for president... now he just needs to realize the reality of climate change amongst a few other things #ivoted,793226599202185216
1,"stp with the global climate change, put your efforts toward selling the sizzel EV's and PV's the key is more homes with solar #solarchat",793227585450872832
1,Leo's climate change documentary is so epic. He's amazing.,793227795388260352
1,Before the Flood wasn't perfect documentary but it got the message right: America isn't doing enough to fight climate change #,793230456875544576
1,"Clean energy proves there are real, solid solutions to climate change that make economic sense!",793233407845265408
0,People who denounce climate change be like,793237993733525505
1,Florida you need Dems in office to get things done with climate change!,793239188665622528
0,polar bears for global warming.,793243601744429056
1,climate change is not the only thing of importance going on in the world. Role of govt is not to try to be the sun.,793247145361014784
1,Fuck all the people who don't believe in global warming it's real and we need to actually need to pay attention to it,793250758699253760
1,"If scientists can't convince the US that climate change is real, how can its citizens convince eachother to change?",793251559421468672
1,We don't need to be an indigenous person to show support. Its time to treat the NATIVE right and take climate change seriously #NoDAPL,793253131689787396
1,.#BeforetheFlood on tonight puts focus on reality of climate change & need for action.,793253307531735040
0,Be sure to personally invite me to this like you said you did at the climate change forum. Never got it,793253637309038592
0,"Innocent babes not getting tattooed, still branded children of the climate change era. #Birthmark",793259955461783552
0,"the main goal is to protect species from over fishing and allow them to repopulate, not to protect them from global warming",793264678465961984
0,"My little Owlette saved halloween, the election, climate change, and negativity. She's SO SPECIAL!!!",793264925208514560
0,I want this but I live in Texas and every season is now global warming,793266755070144513
1,"Remember when #Trump bragged about committing sexual assault, disregarded the Geneva conventions, and called climate change a hoax?",793267301172801538
0,Talked about climate change/adaptation w/ the first-year engineers today.,793268550387372032
1,If you haven't watched this yet you really need to. climate change is only going to get worse.,793269881990852609
1,And people say global warming doesn't exist. So that's why we have summer weather in fall right? Okay.😂😂😂😂,793269957249339394
1,That's crazy that some politicians still don't believe in global warming.,793272751041765376
1,I doubt this would work. Plus it added more to existing pollution levels and worsened global warming,793273366580834304
0,Polar bears for global warming. Fish for water pollution.,793273431269773313
1,It's almost 90 degrees outside on Halloween and some of y'all are still denying the legitimacy of global warming 🤔,793276892124160001
1,"Very good, impactful doc from got to take big steps for a positive climate change #climatechange",793278339356123136
1,thank you for the eye opening documentary. If you want a real and true portrait of climate change watch #BeforeTheFlood NOW!!,793278618046574593
1,#SDG13 is a call to take urgent action to combat #climate change and its impacts.,793282241900052480
1,I'm not even ready to watch Before the Flood bc it's gonna make me hella emotional & angry at people for not caring about global warming,793282349416972288
-1,"Why don't you fucking global warming idiots just go away,! Get a real job for a change'.",793283530486874112
1,Watching Bill Nye the Science Guy special on climate change. One dude just leaves us 15 more years to survive. Doomed,793285466627813376
0,polar bears for climate change,793289555709263872
1,"Supreme Court, building on healthcare, climate change...#ButHillarysEmails",793291457616498688
1,Need bedtime reading? Our modeling paper on the effects of realistic climate change on food webs is out!,793294685322223616
0,is this climate change or just weather?,793299843103940608
1,Leo DiCaprio whining about his future kids not being able to see snow when the best way to stop climate change is to not have kids. 😒,793305117260967936
0,"sister, and his views on the pipelines, climate change issues is endgame for me. I can't do it.",793314530910699520
1,A must watch documentary on global warming.,793315285562449920
1,Highly recommend #BeforeTheFlood documentary on climate change for a truly terrifying wake up call this Halloween.,793321135739838464
1,"Not a single question about climate change in all 3 debates. Sad. No, really - sad.",793330915782995968
-1,"It's freezing outside, where the hell is 'global warming'??",793342333072932864
1,That's right. Aqueduct has an indoor studio. With climate change we can expect more aberrations at Belmont in the future.,793345017137995776
1,"why do people defend the leading cause of climate change, deforestation, pollution etc get over it it's meat",793347415860445185
1,Leonardo DiCaprio's documentary on climate change slays! 😍😍😍🌎❤️ Give it a watch on YouTube!,793350094158520320
1,Are we ready to take the necessary steps to reduce climate change through revolutionary energy evolution? #COP22,793358753307525120
-1,The concept of global warming was created by and for the Chinese in order to make U.S. manufacturing non-competitive.,793362236177805312
1,Aus bus complicit in The Big Lie. Not poss to save Reef without tackling global warming,793364875821125632
1,We need to educate local communities about climate change & local strategies to tackle it- Mr Mungwe.,793388978431004673
0,"no paying taxes, give USA away for Putin, investment from China, sexual assaults,stupid 'bout climate change'll make us sink",793389003030474752
1,You need to watch Nat Geo's 'Before the Flood' with Leonardo DiCaprio. The most shocking and inspiring film on climate change.,793390861509914629
-1,Man has no significant effect on climate! Hence the name change from global warming hoax to climate change hoax!,793392468767150085
1,Minister's Op-Ed on Protecting the #GreatBarrierReef. No mention of tackling #climate change.,793393523760386048
1,Great piece: 'Building against climate change can either support vibrant neighborhood conditions or undermine them',793393805512826881
1,Political jibberish does not outweigh the fact that climate change is already beginning to damage world economies.,793402117134450688
1,You might mention that Hilary Clinton strongly endorses science and believes climate change is real.,793412760755396608
1,"Been watching #BeforeTheFlood this evening, I hope it helps inspire people to act to stop climate change - now!",793414919509057536
0,im telling u obama is behind it cuz global warming issues. 2 in matter of weeks.,793423438543151104
0,Deny climate change 'I pay my taxes' (but probably not),793424101096513536
1,"We don't need a 'war' on climate change, we need a revolution",793427262058164224
1,Tomorrow's Nov. 1st and it's suppose to be in the 70s but global warming isn't a thing y'all. No need to worry.,793428595066691584
0,1st November?? Surely no such thing as #global warming,793432262838718465
0,75 degrees in Chicago on November 1st...global warming but aye it's bussin,793436179974717441
0,What if this is the angle with which we can create a coherent response to climate change?,793437009817640961
0,press. #Clinton emails. #Trump calls global warming a chinese hoax. Clinton emails. Trump praises #Putin,793437823940427776
0,Hilary should appoint Barak and Matt to handle climate change.,793440066232324097
0,meaning the climate change pact likely has massive kickbacks for China,793440638146646016
1,Cartoon: If the media covered climate change the way it covers Hillary's email,793442161752702976
1,A high of 74 today the first day of November yep global warming is fake,793443240875659265
1,MYTH: you have to be a certain type of person to care about #climate change.,793444371009900544
0,"'Asked me what my inspiration was, I said global warming.' #youtoofuckingcozy",793445725053026304
-1,"80 degrees in November but global warming isn't real, liberals",793448627775479809
1,I clicked to stop global warming,793450877256404993
1,Hillary understands climate change is real and creating devastating problems.,793451643358568448
1,What's the ratio of email coverage to coverage of Trump and Clinton's climate change policies? Has to be 1000 to 1.,793452283841216512
0,When youre enjoying the warm weather but you lowkey know its because of global warming,793454689232617472
1,Time for Christmas music...but global warming won't let me get in the mood,793454971446448128
1,November 1 the high is 85 and the dude running for president doesn't think global warming is real,793455441070075904
1,#AHSS1190 How do you plan on convincing citizens that climate change is real & an important issue,793456728054571009
0,I hope global warming keeps it 84 and sunny in southern florida for the rest of our lives.,793457209355046912
0,"wow, 64 degrees in November?! this is global warming at its finest",793457928367775744
1,"Before the Flood: Watch this riveting, terrifying documentary on climate change",793462917735649284
1,And says climate change is a hoax. This will ensure America will be the bully that destroys earth.,793464041796673536
1,"Planet Earth has power. It doesn't ask: climate change, real? But it asks: what's this marvelous world worth to you?",793464489068953604
1,Meeting the world's need for affordable energy is perhaps the most urgent aspect of our response to climate change,793465082986500096
1,"not this year apparently, global warming kill us all",793468701366292480
1,Trump calls global warming a Chinese hoax. Clinton emails.,793470119871733760
0,Thank you global warming for giving us nice weather in November,793470149059866624
1,pls don't tell my global warming isn't real when the high today is pushing 90 degrees,793470488580333568
1,Nails it! 'This company is designing floating buildings to combat climate change disasters',793473794614538240
-1,hmmmm climate change isn't real!,793474950531121152
0,Americans are even less worried about Russia than climate change.,793475520037998592
0,"Niggas asked me what my inspiration was, I told'em global warming, you feel me? #cozy",793481685354573824
1,It's 80 degrees on november first climate change is real we're in a drought the reef is dead bees are dying donald trump might be president,793481896118321152
1,That's a good one. Shouldn't he be out denying climate change?,793482248028876800
1,These two young Ontarians won first place in the #Climathon (climate change hackathon) #Toronto.,793483293593251841
1,I don't know why people are happy over the fact it's 70 degrees out in November. It's called global warming.,793484883029000192
1,How do people chose to not believe in climate change,793485612623859712
1,70's in November? I officially believe in global warming,793485733323501568
0,Hillary Clinton not (evidently) to blame for global warming--GOP doesn't 'believe' in global warming.,793486254222565376
1,"An entire 1 hour and 40 minute documentary climate change, right here on Twitter.",793486760013627392
0,Thoughts on #BeforetheFlood + global warming in the next #Vlog? ;-),793488971540140032
1,The worst thing we can do for our #economy is sit back and do nothing about climate change.,793489521815891968
1,if you don't believe in global warming now then I truly don't know what to tell you,793490987616120832
0,He lectures poor Americans about climate change while leaving a million x bigger carbon footprint.,793491098425438208
1,"Because if you are a denier of climate change, you are a denier of your own existence.",793493137750646784
0,So apparently what global warming means for me is spending a lot of time being furious that it's warm & sunny #iwantFALL,793493269938339840
1,Our planet is not going to make it if we don't take action on climate change.,793494110250205185
1,'s #BeforeTheFlood is such a masterpiece. Never knew so many things were associated with global warming.,793494173798141952
1,'Investors can no longer ignore climate change. All are faced with a swelling tide of climate-related regulations' -,793495008129277952
-1,Sorry. I don't believe in climate change. I think it's a big sham to get more tax dollars that should be going elsewhere.,793495980322660352
0,Who the fuck taught to monopolize global warming... I'm spending $4.25 on a powerade to keep my ass alive in this heat,793496370615349249
1,"Instead they spent 6 years blocking all progress, denying global warming and attempting to nix the ACA, great job!!!!",793496804704813056
1,"'In terms of climate change, the debate is over.' - #StrongerTogether",793499838209937408
1,The Dakota Access Pipeline would be a huge blow to our fight against climate change. #NoDAPL,793502526356291584
1,"#NoDAPL: Either doesn't actually believe in climate change, or he's willing to shelve it for big business. Think about it #Berners",793502534916636672
0,Minnesota?? I want fall weather not winter weather. This is global warming at its finest,793502839867715584
1,Taking shorter showers and buying reusable bottles won't stop global warming.,793503262163034112
0,74 in November. s/o climate change,793506400425181185
1,"If we want to combat climate change, we must re-engineer our landfills",793507429069811712
1,was playing Christmas music at 12:01 AM. Well jokes on you Lucas it's 73 out rn and global warming is coming before Christmas,793511063367081984
1,"I'm creating a new think tank for climate change, would you join and post your tweet also at ?",793514589640163329
1,"Meat production is a leading cause of climate change, water waste, deforestation, & extinction.",793515579445506048
1,Fantastic day inspired by ambitious Scottish Public Sector action on climate change #ssnconf16,793515688501645316
0,I like how we're all just ignoring global warming lol,793516022300938241
-1,Obviously Istanbul is expecting some wicked climate change soon,793517175504068608
0,"Yeah, Leo DiCaprio travels the world to tackle climate change *on emissions-spewing private jets and superyachts*.",793517562340401152
0,An upside to climate change is that I'm wearing shorts and t-shirt on November 1.,793517999533678592
1,Want to help help fight climate change? Simple - go vegan. #WorldVeganDay.,793520954815021056
1,"So. The Green party candidate has endorsed a dude who says climate change is a hoax. Feel shame, Stein voters.",793521415420903424
1,Hey its november and its 83 degrees. Continue to tell me that climate change is a myth pls,793521724025409536
1,But I thought climate change wasn't a real thing and science is fake?,793521809664729088
1,One of the easiest ways to help combat climate change in your daily life is to stop eating beef.,793529131287744512
1,like police brutality or global warming or animal endangerment. not something petty like a damn green cup.,793530303298015232
0,I knew if it warmed up that someone would pull that climate change shit... Not saying it doesn't exist but come on,793533378121334784
1,84 degrees in Atlanta......in November..........do you still believe that global warming is not happening???,793535591069716480
1,It's literally 75° outside and it's november 1st global warming can,793536278184751106
1,When the weather is 75 degrees+ in November but you're also worried about climate change.,793539233549918208
0,If you aren't watching Leonardo's documentary on climate change then wyd,793541128532340736
0,come on motherfucker I'm getting real bored & fuck climate change,793542940618391552
-1,Liberals changed the term 'global warming' to 'climate change'; because it didn't. Only a $ laundering for Plutocracy #PoliticallyReactive,793544823579873280
0,Trump has secret island where he is making climate change accelerator!,793547512082726944
1,"#Wisconsin people, climate change is real Vote #democrat Stand against and show him actions speak louder",793548650987212800
-1,"1999: you'll die due the Y2K Bug. 2008: ditto, climate change. 2016: all you own will be hacked.",793551332984647680
1,"ahem, ahem, [coughing on smog] sorry. anyways, global warming isn't real",793551559179112448
1,It's fucking November and I'm still in t shirts and track shorts. You can't tell me climate change isn't real.,793552920759246848
1,"I used to look the other way at climate change issues, till I had to pay attention. It's real and saddening. We are killing everything.",793553070819074048
1,"76 on November 1st? Fuck this shit if you don't think climate change is real, wake the fuck up",793553594083672065
0,Leo Dicaprio is seriously concerned about climate change. Except when Canne film festival is on. Then he's concerned about boats and pussy.,793553679706185728
1,"Eating meat is a leading cause of habitat destruction, species extinction and climate change",793559832531959808
1,73 degrees on November 1st.. But global warming isn't real right?,793563925631475712
1,I do not understand how people still don't believe in climate change,793566985988759552
1,It's November 1st and the high today is 85° yet somehow people still say global warming isn't real.,793570106378969089
1,Everyone pls watch documentary #BeforetheFlood It is an important/interesting look at climate change.,793570797227012096
1,"We really don't have time to play politics with climate change, we need to start hurrying it along.",793572554891857922
0,"RBReich: I'm often told that climate change is a middle-class issue, and the poor care more about jobs and wages.",793573141335437312
1,First day of November and the high was 88 degrees. Good thing climate change isn't real.,793573325171748865
1,the weather SAYS '75 degrees' but it MEANS 'global warming',793574519180898304
1,Seriously? They're endorsing someone that denies global warming. They should be ashamed.,793576658464681984
1,I don't think Rubio is gonna lose although I'm not afraid to say he doesn't have my vote. 2017 and still denying climate change,793576677158842369
1,"No, climate change is NOT a 'natural cycle.' 10 ways we can tell humans are affecting it",793577222632247296
1,"v upset on this, the most beautiful day of 2016, because a) I didn't bring my camera to campus and b) climate change is terrifying",793577240923631616
1,Want to help help fight climate change? Simple - go vegan. #WorldVeganDay.,793578980775452673
0,Yo your mcm doesn't believe in climate change,793580630655152128
0,"I'm often told that climate change is a middle-class issue, and the poor care more about jobs and wages.",793586032314769408
1,"Watch #BeforeTheFlood right here, as travels the world to tackle climate change",793586707937521664
1,Taking shorter showers and buying reusable bottles won't stop global warming.,793586893321478144
1,We rly need to start listening to Leonardo DiCaprio because global warming is real & happening like how tf is it 80 degrees in November,793587540720705536
0,It's a man's world when it comes to climate change #auspol #thedrum,793588074584211456
1,What sparked global warming? People did. Here's how.,793590456395390977
1,"First day of November, but it feels more like June. And then we have all these people dismissing the subject of climate change.",793590650251964416
-1,"The Russians did it - oh wait, is this when we blame global warming",793591109209432065
0,Fact? I think #Geo #Engineering is mainly to try to get a grip of climate change personally,793592896842792961
1,Of course one candidate believes in the science of climate change the other dismisses it.,793592969827844104
1,The real battle against climate change won't be fought in airconditioned meeting rooms.,793598210887462912
1,One of the easiest ways to help combat climate change is to stop eating beef #BeforeTheFlood #RacingExtinction,793598296103190528
1,Thanks for the great documentary on climate change. It really hit home! Please check out this project,793606664276545537
1,don't come at me talking reckless about global warming not being real when it's 80 degrees in November.,793607904167198721
0,"It's November is Wisconsin and I just mowed my lawn. If this is a result of global warming, then we're on the right track!",793608976650805248
1,global warming ur ruining my fall pls stop,793612177248772096
1,I voted!!! Yes I voted for the crooked nasty evil one! Mostly because she believes global climate change is real. #imwithnasty,793612782323179521
1,happy november the high temperature is still in the 80s global warming is real and the natural progression of time means nothing,793622003303354368
0,"I certainly agree 2 the climate change argument, interconnectedness is not a threat.",793625054047244288
1,you need to believe in climate change! Do it and you have my vote. If not it's going to,793627262742622209
0,Whew. I thought they were going say sexism brought us 'global warming'.,793628702252888064
1,why should we invest in retirement when there's a high chance we'll die young from climate change?,793628849607016449
-1,"Asshole Leo dick-crappio made a climate change film(yawn). No one cares. Still, I put him on lifetime shunlist.",793630348231847937
0,75 degrees in Chicago on November 1st...global warming but aye it's bussin,793630536673665025
1,I can't believe people actually believe climate change isn't real. Wow. We do deserve to become extinct.,793632218035793920
1,"gotta admit you were right about global warming, dawg.",793635711211622400
1,"When China calls out Donald Trump on climate change, you know it's bad",793635918687068160
0,people touch the tippy top the the ice berg and think they can start global warming,793645361554268160
-1,more aviation fuel burned impacting the climate change hoax,793645632971939840
1,But seriously. This episode was from 2000 and they were debating climate change.,793648202423554049
0,Polar bears for global warming,793656085190246401
1,people who complain about how hot it is outside still but deny global warming,793659333368131585
1,"I'm just gonna put this out there.. If you don't believe in climate change or that racism doesn't exist, just unfollow me from life.",793660453868142593
1,This is nuts. The 'Green Party' is endorsing a man who doesn't believe in climate change.,793662953614487555
1,#DonaldTrump and #HillaryClinton need to get the message that the answer to global warming is not nuclear winter!,793664532036067328
0,global warming. Look up the origin - agenda 21 - 'one common enemy.',793665497023774720
0,my heart says nice weather but my brain is saying global warming,793671016283115520
0,"Despite the global warming, Alaska has had very little, if any, warming since 1977 (except Barrow), as shown below",793676934865563648
1,Whether you believe in climate change or not it's common fucking sense that we can't live without clean water and oxygen??,793678069324255232
1,It's almost 90 degrees outside on Halloween and some of y'all are still denying the legitimacy of global warming,793680191629381632
1,"Guys, go watch National Geographic / L. DiCaprio's doc on climate change, Before the Flood. It's free so no excuses.",793691146866139136
1,"Imagine, if you will, a world where the media covered climate change the way it covers Hillary's emails",793694595662118912
1,How do people argue climate change??,793695557722083328
1,"Standing Rock, climate change, bees becoming endangered, political corruption, & ppl still would rather watch the Kardashians and be sheep.",793698398733946880
1,"Harvest the sun during drought and the rain during floods, flow with the current of climate change.",793698936414347264
1,Trump calls global warming a Chinese hoax. Clinton emails.,793701660203724800
1,climate change is the greatest issue facing our generation and world.,793705254223171584
1,Fuck you guys global warming is serious as hell.,793705493931884544
1,"Women's rights, and climate change. Two reasons Trump needs to lose, and hopefully Democrats gain senate majority.",793724355674988544
1,It's not just Trump: GOP has made a pledge to corporate polluters to block action on climate change #unacceptable,793731940759269377
0,when i was a kid i always thought all star was about global warming,793733895481020416
-1,"It is complete madness to think humans can alter climate change, King Canute tried, & look what happened to him. GLUG, GLUG.",793736158836617220
0,pretty sure I saw an article saying that we'd get more global warming after brexit. Maybe it was on a bus?,793738281573814272
0,"Oh for Christ's sake, why not say border walls will make climate change worse? For cryin' out loud report on REAL NEWS?",793739487276916736
1,"Proportionally, human sources climate change is enormous. Climate changing rapidly.",793744349007937536
1,"Doug Edmeades (Prof. Rowarth's partner in EPA crime) is an 'out' climate change denier. Surprise, surprise.",793750793174134785
1,Coal restrictions are via executive actions. Donald WILL undo Obama's actions. Horrible climate change. It's not Cog Diff.,793752787272294401
0,"Dear Icebergs, Sorry to hear about global warming, Karma is a bitch, Sincerely, The Titanic.",793771684616556544
1,Imagine trying to convince yourself that global warming isn't real and instead a conspiracy.,793772874905612289
1,"Anybody who denies climate change, an existential threat to our society, is not qualified to lead at all at any social level.",793773440096280576
1,"Leonardo Dicaprio documentary on climate change is scary, we have all ruined earth",793776413212020736
0,New climate change web site attacks nuclear power while nuclear plant closures increase CO2 emissions.,793787828127698945
1,says we MUST stop Dakota pipeline. says we must 'reroute.' Who's got the better legacy on climate change? Your call!,793789680638685184
1,Excellent piece by on why denial is America's predominant political response to climate change.,793790458631745536
1,Not a hoax: There are two choices to address climate change this election.,793797763200872449
0,Tell me global warming doesn't exist,793799117960912896
1,$V #TreeH:Here's one effective solution to climate change: Put a price on carbon.,793805427146383360
1,"20)Unchecked climate change & a future where they may starve, lacking water and food.",793805755560267776
1,93% of all climate change studies support the claim that the earth's climate is warming at an alarming rate. 93%,793805756420141057
1,The effects of climate change are all around us if you're only willing to open your eyes.',793812641189953536
0,"they asked what my inspiration was, I told em global warming.",793819385689505793
-1,U.S. & Europe tried to get climate scientists to downplay lack of global warming over last 15 years,793822759113469953
0,Kinda makes you think that the goal of enviros isn't really to fight climate change.,793826832999182336
-1,good morning everyone except not those annoying orange climate change ppl,793830408655888384
-1,Who is driving the climate change alarmism? Listen and find out! - Climate Change: What Do Scientists Say?,793830419632300032
0,"Explains that there are good solutions to #climate change, but environmentalists are blocking them.",793835324829003778
1,It's so hard to refute the facts around climate change after watching Leo's documentary.,793835867945263104
0,global warming has actually been calm we're still at like 12 degree weather everyday,793837918569848832
1,it's 80 degrees in november and people wanna think global warming isn't real,793842492730900481
0,cold weather is my time to shine and global warming is really messing that up for me.,793843966810681344
0,why do we project what climate change will look like 30 years from now? Why not 1 year?,793844334898606080
0,Ok calm down global warming because I i just put away my shorts.,793844502956040192
1,"'...we face, income inequality, climate change, student debt - This moment in history is not the time for a protest vote.",793845520162848774
1,'He doesn't believe in climate change! Do you know how dumb you have to be to not believe in climate change?!',793850666871644161
1,"I feel like ending world hunger, saving animals from extinction, solving our climate change problem, and reforming our judicial system today",793854653939195906
1,"From college affordability to climate change, 'Hillary Clinton's values are Millennial values.'",793858265113300993
0,Clinton: I believe in science. I believe that climate change is real. (Convention speech),793861471620861952
-1,hate to burst your bubble but man made climate change ain't real and the environments doing just fine.,793863132628254720
-1,More fiddled global warming data: US has actually been cooling since the Thirties,793865689685594113
0,There's gotta be at least a 70% correlation between who's wearing sweatpants on campus right now and who believes climate change is a myth,793866597433769988
1,idk how people do not believe in global warming. thats wild,793867986473979909
0,Mugs asked me what my motivation was I said global warming,793868955278516224
-1,"..........and farting is the blame for global warming, jack a$$...I don't believe in global warming...just so you know!",793873277332647936
1,"Thanks, Obama...for making the U.S. more prepared to face the impacts of climate change",793873375592587264
1,"Keep in mind it's November and it's the Midwest. You, know, that climate change thing. The one that's not a Chinese hoax.",793875035488415744
1,I don't understand how people can think that climate change isn't real. You honestly have to be a special kind of stupid.,793875344331792384
1,"It took 89 degree temperature in November and ocean reefs to die for y'all to realize global warming does,in fact, exist.",793880384266117120
1,It's the beginning of November n I'm wearing jeans n a t shirt n sweating but y'all still think global warming doesn't exist,793881699910234112
1,#YourMCM thinks global warming was made up by China,793883606045192192
1,It's time for our leaders to stop talking about climate change & working together to solve it. Agree? Add your name,793886995370090496
1,So we do our own thing. We will be the generation that provides the most jobs while also being aware of the wealth gap and climate change,793892778975428608
0,In all seriousness. Them hoes adapting and it's not hard for them because of global warming,793893277216931840
1,If the media covered climate change the same way it covered Hillary Clinton's e-mails,793893732026384384
0,'global warming is a hoax by the Chinese government',793893750510645249
-1,Warmist fears arise over Trump plans to cut 'climate change' research,793895020260569088
1,I guess it's going to take 12 months of summer for people to believe in climate change,793897887587397632
1,it's a waste of wood and causes global warming tho. Killing trees for no reason,793900602501644288
1,"sorrow and misery, climate change, instable financial systems, ... - something is going wrong #world",793900695737004032
1,Good point! IS the candidate who might end global warming by bringing us nuclear winter.,793903058560249856
1,So I'm wearing a T-Shirt outside in November in Colorado.... but global warming isn't real right?!,793912635666231297
0,They'll tell you theyre doing it to save you from global warming. Theyre lying #OpChemtrails,793913627552120833
1,"It's November 2nd and I'm wearing shorts and a tshirt. But yeah, global warming is just a myth lol",793913642601181184
0,Seeing my photo on FB's sidebar about global warming.,793915270108708865
0,"Out here in short sleeves in November, global warming is pretty great so far",793915674041131012
1,This may not be 1) the best use of taxpayer funds or 2) at all effective for combating climate change,793915897169575936
-1,Yes! Imagine all the money wasted. Trump's plan to ditch payments for climate change will save us billions!!,793918098009001984
1,That bear is doomed if #ArcticLive refuses to reveal livestock industry as climate change culprit & present veganism as solution,793918290078892037
0,The climate change racket has lost force #podestaemails26,793922883118579712
1,If you are one of many that don't even believe in global warming then honestly get ur head in the game its obviously real,793923296651804673
-1,climate change is fake #iamright,793926645384024064
0,Say what you want but he'll definitely take care of global warming... via /r/funny,793937121883127812
0,"Forget about climate change, virtual reality porn is going to lead to the extinction of mankind #foodforthought",793940021220954112
-1,"please stfu, global warming isn't real",793940168994680836
1,"Just had one of strange, terrifying reveries you have whenever you read anything at all about climate change. Lord, we are fucked.",793940731937353730
1,"Exxon backs ‘serious action’ on climate change. Motive unclear, progress nonetheless.",793940828590718976
1,"I’m creating a new think tank for climate change, would you join and post your tweet also at ?",793940879497162753
1,I just joined in combating climate change. Take action #BeforeTheFlood,793941088268492800
1,Good point! IS the candidate who might end global warming by bringing us nuclear winter.,793951379173867520
0,"Niggas asked me what my inspiration was, I told em global warming, you feel me? #Cozy",793952309810171904
0,Today I argued about the existence of climate change with someone with “skinflute” in his Twitter handle.,793956014597046272
1,"#BeyondtheFlood an apathetic attitude toward climate change, will destroy the future of our planet!",793958569402073091
1,can you interview more climate change profiles.Just watched before the flood government needs to act!,793961220755820544
1,"Watch #BeforeTheFlood right here, as travels the world to tackle climate change",793964511678124032
1,"We could have the absolute solution to any problem; to end hunger, climate change, but in the wrong hands, we'd make the same mistakes.",793964648424873984
0,'Once the people are convinced [of climate change] the politicians will fall in line very quickly',793965907110428676
-1,Clown preaches fear from the altar of man-made global warming: #climate,793966414449217536
1,It's November in Vegas and I'm still wearing shorts and a t-shirt... but global warming doesn't exist right? 🙃,793970595490721792
1,"Fun fact: if elected, Donald Trump would be the only leader of any nation on earth who denies climate change.",793970699744395265
-1,"Yes. A 300,000 paper on the flaws of climate change scams. I have a website with all of my research.",793971703739076608
0,'It's so warm outside because of climate change.' HA don't be naive.,793976526362525696
1,"From college affordability to climate change, 'Hillary Clinton’s values are Millennial values.'",793979325120847872
0,if taking an env geography class has done one thing for me it has allowed me to shitpost more efficiently in /pol/ climate change threads,793986348268957696
1,Lamebrain Skarvala is a far-right climate change doubter Unbelievable!,793988714024341504
-1,mine knows global warming is a figment of the liberal media,793989353441816576
1,that's what we say to make fun of those who say global warming is BS when we have a big snow storm bro,793990941157785600
1,Cartoon: If the media covered climate change the way it covers Hillary's email,793996528671199232
1,"Celebrate #WorldCitiesDay! 90% of cities are located on the coast, protect them from climate change.",793997544204410881
1,"There is no such thing as climate change, it's just weather. And the moon is obviously bigger than Jupiter! #science",793997676903743488
0,WS-fuck? Trump-fuck? global warming-fuck?,794000889086283776
1,"'Isn't it frustrating, the lack of political will in America to address [climate change]?",794010286663446529
1,We are on the brink of environmental calamity and one candidate puts climate change in scare quotes. All you need to decide. #voterfraud,794014103174074368
1,Together we are raising our voices about what we can do to address climate change. Add your voice through Nov. 6 →,794014387828707333
1,If you don't believe global warming is a real thing please explain to me why we have 80 degrees days in November,794015480642203648
1,"#ImVoting4JillBecause I will not vote for more war, more climate change and more subjugation to corporations.",794019584571506688
0,polar bears for climate change,794023464092868609
0,to really make it global warming you need to mention how it's the worse rain in years,794029169004818432
1,& Donald Trump wants you know this proves NASA's part of that whole Chinese climate change hoax.,794029648392818689
1,We have to face the reality of climate change. It is arguably the biggest threat we are facing today.,794030158265126912
0,When your a tree living in a global warming world #thisisqualitycontent,794032784830558208
0,Blamed global warming for the World SEries rain delay.,794039603783036928
0,Theo Epstein needs tougher challenges. Like climate change. Or the England job.,794041284142899200
-1,Aaaaaand deleted their global warming rain tweet but in case you missed the stupid,794050846807982080
0,NEWS PAPER HEADLINE: Chicago Cubs being celebrated as heroes after reversing climate change by making hell freeze over.,794052908211838976
1,Lol 'climate change is serious guys' Do something about it,794054240889028608
1,Tinder that this drought is over does not mean the ACTUAL DROUGHT from global climate change is over,794056006552539136
-1,I'm sure Goodell will blame global warming.,794059733388775424
1,"Watch, absorb and act upon Leonardo DiCaprio’s dire warnings on climate change in ‘Before the Flood’",794065299876130816
0,"The Chicago Cubs won the World Series, but global warming is still happening, so",794066230436982784
0,If who won World Series were climate change 'Media bias!' 'Players given grant $!,794068961067433985
0,"Right now, I'm contributing to global warming. I should stop",794074354464264192
1,"Joe Heck voted to repeal Obamacare, defund Planned Parenthood and block measures to combat climate change.",794079618378690560
0,nee Enna ramanan sir eh ?? Dae naayae unaku Enna theriyum climate change pathi ??? Daily firstu Nee kuli,794079812956495872
-1,These global warming crackpots have lost it! Join us & enlist at . Patriot central awaits.,794085457340420097
1,"It's estimated by 2050, there'll be 200million people displaced by climate change.",794100687181185025
-1,"- has tripled global warming since the year 2000, during a time when satellites show no temperature increase.",794107035470143488
1,"Women's rights, and climate change. Two reasons Trump needs to lose, and hopefully Democrats gain senate majority.",794110259031867392
1,Obama raises climate change. You better vote for candidates who believe in science. #ObamaUNC,794115875351707649
0,"You’re so hot, you must be the cause for global warming. #ALDUB68thWeeksary",794119697612423168
1,Meat industry's devastating role in climate change highlighted in new Leonardo DiCaprio film,794120819400122368
1,Correct!!! How many ideas on combating climate change been offered from either of these poor candidates? Neither Dares Address,794162333962514433
0,I don't know. Could it be climate change?,794162776021155840
-1,Wait what about global warming?,794164544209682432
1,"We don't have the liberty, or the time to debate climate change.' 'Before The Flood' has its flaws, but it is still extremely important.",794165868909367296
1,I cannot believe anyone still uses “climate change is bollocks because it was cold today”.,794166482389364736
-1,What are they smoking? Green Party blames World Series rain delay on global warming via #climatecon,794166487565082624
-1,Weather Channel video uses young kids to promote ‘global warming’ fear mongering,794168267338354688
0,You are supposed to call it climate change- get with the program,794173482053566465
0,#CWParis Take a look at what else the climate change protesters in Copenhagen are promoting.,794179856401571840
1,"This is where changing the term 'global warming' into 'climate change' is helpful. So, CO2 causes colder winters .",794180474797101056
1,"If elected, Donald Trump would unleash catastrophic, runaway climate change, writes",794181126717902849
1,"Want to stop climate change, ? See #BeforeTheFlood at your University #BeforeYouVote.",794183812716457984
1,A4: Collaboration is key! We need to work together to address climate change. #EarthToMarrakech,794185377892499456
1,"daily reminder that air pollution kills over 6 mil a year, global warming will kill millions, and trump has vowed to rip up paris agreement",794186745696972800
1,Extra Credit: This is a much-needed reminder when facing an issue as large as climate change.,794191603682320384
1,"When China calls out Donald Trump on climate change, you know it’s bad",794195917712683008
-1,Next 4 years R very critical 4 US & the world.Islamism is a much bigger threat than global warming 4 the Earth,794200128001216512
1,the concept of headass was created by and for the people who don't believe global warming is real,794204748396122113
-1,- Worried about climate change while creating Isis! 🙄,794208376490180608
1,"I'm 30 now, but I've been promoting climate change since I was in the third grade! #ActOnClimate",794209067606671361
1,Do people still believe climate change isn't real?,794221489520332801
1,"China says #DonaldTrump is the hoax, not climate change.",794222996873355264
1,"CNN up to 1,400 'email' mentions since Friday. 'climate change' mentions? 12",794223584348688385
-1,"video uses young kids to promote 'global warming' fears -Dear Mom & Dad, climate change could be very catastrophic'",794226966278770688
1,Everyone should go watch Leonardo Dicaprio's documentary 'before the flood' it showcases extensive research on climate change,794228968064827392
1,how is everyone so calm about climate change??? I think about it for .6 seconds and become RATIONALLY ANGRY,794230345222803456
1,powerful video about global warming... #LeoDicaprio,794231044484386816
1,One more day! The #ParisAgreement on climate change enters into force on Friday.,794233478023938050
1,mane that lil cold front we had bout a month ago was a mf tease . had everybody excited & shit . fuck global warming,794238318867165184
1,"Thankfully we’re not spending dollars on insignificant problems like poverty, hunger and climate change….",794251536553672708
1,It's a crime that we went this whole election cycle with barely a mention of climate change!,794253208751341568
0,checking in on the weather. Unseasonably warm here in NY.70! It's not global warming it's the heat of Trumps anger #ElectionDay,794257421590003714
0,I did get duped into climate change denial twitter... never going to do that again!,794264982817013766
1,"If u aint concerned with global warming my nigga, u should be",794266304303734784
1,How the heck do people not believe in climate change? Get your head out of your booty,794266316538576900
1,Help me stop Texas Repubs who want to abolish the U.S. Dept. of Education & call for teaching “all sides” of evolution and climate change.,794280489376882688
1,Taking shorter showers and buying reusable bottles won't stop global warming.,794285504510521345
1,Is climate change real?' mixed the words up - should read 'Climate change is real.' #climatechange,794298144842338306
1,Australian governments used climate change weather destruction to attack renewables #ParisAgreement,794301951865331713
1,The American public understands that climate change is real and caused by humans. It's time to #ActOnClimate.,794302420750741504
1,If you haven't watched climate change documentary 'Before the Flood' you have to! He knows what he's fighting for! 🌘🌍🌏🐳🌳,794302960779993088
1,Just watchedclimate change documentary Before the Flood. It's excellent and available for free,794306105836978176
1,"It's supposed to be 60° and sunny today in Minnesota in November. But global warming isn't real, right?",794312964484386816
1,"We have to figure out a way in which we address the common challenges that we face like climate change, continued war & social justice.",794315038785880065
0,The Rebel caught lying about journalists and climate change? That's so out of character.,794315582975905792
1,Republican lawmakers/voters don't believe in climate change. You know... sciency mumbo jumbo.,794318987051941888
1,"If trump wins that means America, the most powerful country in the world, will have a president that believes climate change doesn't exist",794319674750173185
0,global warming. How warm Is it up there?,794320920919670784
1,"is a great voice for climate change not bcz he's a household name but bcz he's an everyman, curious and afraid. #BeforetheFlood",794321625797840899
0,"I went to a bill Clinton speech where he did nothing but highlight her policies about climate change, student debt, jobs",794324135581085697
1,"Who said she would not? Enjoy more wars, more fracking, more climate change, more surveillance!",794326854974967808
1,Our biggest security threat is climate change. We need the entire US government to prioritize this above all else.,794340535041490945
1,i'm sorry but if you think climate change is a hoax you are a fucking moron lol,794347400190103556
-1,"global warming is a natural phenomena...if it weren't, we'd still be covered in ice",794352467546873860
1,Paris Agreement in force today. NZ among the first to ratify. Big day in the climate change battle. #ParisAgreement,794356782743240704
1,One of the most irking things about the GOP is that they completely disregard the fact that climate change is real and catastrophic,794368821884764160
1,It's hard to believe that they're people out there that think global warming is a hoax.,794371447980494848
1,Smog is dangerous.Reason is pollution.we need to act and act now.climate change is the biggest threat to the world,794374071240769540
0,"If their want to vent, Lay-Luhan will close the door turn off the lights, sit on the bed while ignite lightstick for climate change.",794385782664347648
1,The Dakota Access Pipeline would be a huge blow to our fight against climate change. #NoDAPL,794413297248387072
1,The EPA reports are damning on climate change,794417789041639425
1,I've been behind climate change for almost ten years feeling like an outsider.,794419744115867649
1,it's absolutely disgusting how big of a problem climate change it yet nobody seems to give a fuck,794424073124245504
1,The #ParisAgreement establishes a new way of working together to change climate change,794438551110754304
0,"apparently in the Alien franchise, they ended global warming in 2016. meanwhile in reality.",794450657524600832
1,#BeforetheFlood is an absolute must-see. It's scary that China is doing so much more than the US to stop climate change.,794450932998078464
-1,"2000 head of CSIRO said all 5 computer models had failed on global warming, not even a 1c rise 200y",794451058747576320
0,& Ralph Nader sure helped President Gore keep the Iraq war from happening & got us a 16 year fighting start on global warming.,794451841438232576
1,synergize - the #COP process tackling climate change goes hand in hamd with implementation of #NewUrbanAgenda,794456758588674048
1,"Paris climate change agreement enters into force today 👍🏼. World still on track for 3C of warming, reports 👎🏼.",794457461545717760
0,"#bbcbreakfast 20secs on climate change - no opinion / reaction, 40 secs + disdain on dave worm, #weakbbc",794458891824283648
1,"kind of already is, climate change and pollution and species going extinct, We were given paradise and are blowing it (up) pun",794461384520175620
1,Indigenous and local knowledge has a role to play to observe & respond to climate change.,794470972732665856
0,global warming is real. Guys I'm super cereal.,794491132432379904
1,Smog is dangerous.Reason is pollution.we need to act and act now.climate change is the biggest threat to the world,794491186320986112
1,#Paris #climate change agreement enters into force - at last! Let's get moving.,794493502470156289
1,Because ignorance is bliss when it comes to climate change and you have a vested interest. #cdnpoli,794518166026276864
1,I'm Jordan 14 years of age.I care about climate change. I've been learning about it at my school and it's a really big problem.,794525307738984448
-1,These the same people preach climate change as scientific fact,794530507715383296
-1,Watched this climate change documentary with leonardo di caprio. Zero science all emotion. Conclusion. Taxes.,794568916546842624
1,pretty sad really how much the earth is being destroyed by humans and climate change #BeforetheFlood,794571408378576896
1,Please vote 4 Hillary on Tuesday. She's the only 1 who can beat Trump. Trump will ruin the US & Earth (he doesn't believe in global warming),794577301514186752
0,global warming will do it to you,794590330213560320
1,The thing about the ice melts taking place right now is that it isn't a linear response to global warming its a quadratic relationship,794599311166214144
1,Donald Trump wants to build a wall - to save his golf course from global warming | Dana Nuccitelli,794602204795637760
1,If you don't believe in global warming u r a dumbass,794602241860706304
1,I just joined in combating climate change. Take action #BeforeTheFlood,794602892913033216
1,Persistent physical growth cannot end poverty or combat climate change #MassSust #LTG,794603023427399681
-1,List of excuses for 'The Pause' in global warming,794603700899745792
1,Paris Agreement shows 'on climate change we actually are witnessing an era of global cooperation and consensus',794605414730133508
1,it's absolutely disgusting how big of a problem climate change it yet nobody seems to give a fuck,794614616756252676
1,"Mexico must take steps to cope with climate change' but not stop mining, deforestation and pollution, I guess ..",794615951618502656
1,"I'm creating a new think tank for climate change, would you join and post your tweet also at ?",794620769053638656
0,President has not been honest in acknowledging limitations of his commitment to the Paris climate change agreement.,794626773619212288
0,Polar bears for global warming,794629262137561088
1,Alt-Right doesn't believe in climate change but has no problem believing in this. #CoolPartyBro,794646897214574592
1,"this might be a matter of opinion, but climate change is real, love is love, and a woman does have right to choose.",794654629980205056
-1,#IWishICouldSpeedUp global warming. It's cold!!!,794655878502825984
1,Thank you President Obama for your leadership on fighting climate change & protecting our planet & our future.,794664620057206784
0,Watching on #TYT and can't figure out how their concern over Trump unravelling climate change progress is any better with HRC,794665351623512064
1,Just my two cents on the best coping strategy for vulnerable smallholders in climate change,794667250536054784
0,"So are these trails contributing to climate change, or are they 'geoengineering', which is supposed to combat it?",794671174236127233
0,Thick girl weather damn near nonexistent thanks to global warming,794675927573733376
0,and thinks climate change is a hoax,794676861854826496
0,What if climate change was brought about by witchcraft,794680422936416256
0,#RememberWhenTrump said this about global warming.,794683103600144385
1,#RememberWhenTrump said climate change was a myth and then tried to lie by saying he never said it,794699410827513857
1,It's unfathomable how anyone can deny climate change,794700709602148354
1,sometimes I start crying out of confusion about people who deny climate change,794703096077287424
0,Has Fizza got permission from George to ratify? Australia being 'left behind' by global momentum on climate change,794706933106110464
0,How do they expect us to care about global warming with all this penguin on penguin crime??,794710097607979008
1,#RememberWhenTrump said global warming is a myth created by China,794710222090555392
-1,'climate change' =excuse for govt control. I drive a 71 caddy that gets 9 mpg. A Tesla is worse but 'good' to the left,794712803768729600
1,#RememberWhenTrump said climate change was a Chinese hoax,794718845013520385
1,"Want to stop climate change, ? See #BeforeTheFlood at your University #BeforeYouVote.",794720937941803008
1,everyone NEEDS to watch #BeforetheFlood and realize the crucial impact climate change is having on us,794725011634483200
0,Is it true that Ron Johnson doesn't believe people contribute to climate change? Mostly.,794728468759986176
0,"What in the goddamn world. It feels like climate change, politics, media, war, celebrity culture, everything hittin a trippy ass crescendo",794732835982680064
0,"Niggas ask me what my inspiration is, I told them global warming.",794749658543390720
1,global warming should really be the #1 thing on everyones mind,794749767960170496
0,Wait ... you're turning on all the lights in honor of a climate change agreement?,794760144571625472
1,It's midnight in November in colorado and I'm literally walking around in shots and flip flops. Don't tell me global warming isn't real.,794777337174716416
1,The Paris climate change agreements are a great place to work from as we move towards true sustainability.,794777496835063808
1,i can't believe the possible president of our country thinks global warming is a hoax,794781611430645760
1,so I just watchedclimate change documentary and I am now a climate change activist,794786583333388289
0,"It wasn't classified when she sent it, and it's about climate change. FBI has already reviewed.",794790471348482048
1,"Don't know how people can still deny global warming and climate change, it's November and it feels like its midsummer outside.",794799321241763840
1,#SNOB #Rigged #HillaryHealth #Debate #DNCLeak climate change is directly related to global terrorism,794803109209878528
1,Will Paris deal tackle climate change? Some of the most positive facts I've seen of late. Excellent,794808525247696896
-1,Obamas fiddled global warming data: *Shamelessly Manipulated* - #ClimateScam #GreenScam #TeaParty #tcot #PJNet,794810066029293569
1,JP was pissing me off with his whole 'global warming isn't real' bit today. Boiiii sit down #lol,794814493146644480
0,HAARP 2015 Reveals climate change via,794833070620835840
1,"If you were going to be a single-issue voter, not making global warming even worse would be a good issue to choose.",794838294819381248
1,'Delusion of climate change deniers' - bang on the money in letters today,794844984679821313
0,die everyone yall useless piece of crap causing global warming dogs are better,794847919660670976
1,Factcheck: World's biggest oil firms announce miniscule climate change fund via,794854305694187520
0,"You're so hot, you must be the cause for global warming. #ALDUBWelcomeHome",794857302922706945
1,Indigenous land rights: A cheap and effective climate change solution,794868167298478081
1,Thanks for the insightful review & your passion for nature and solving our climate change problems.,794871732985298944
1,The #ParisAgreement must enable countries & cities to combat air pollution & climate change simultaneously.,794876222790434816
1,Raising awareness about the connectivity in climate change,794883490634461184
1,"Thank you Faux News & Talk Radio, you were always right, climate change is a hoax",794890394937028609
1,What would it be if there's anything we should be more concerned about the earth other than global warming?,794891243855572996
0,I know jesus really coming in on a cloud the way climate change is. Lol its 80 in november. Shessssssh,794909183489490944
1,This photo by Kerstin Langenberger shows how polar bears are being affected by climate change.,794909870604636160
1,Why Republicans still reject the science of global warming,794912484909936640
1,that's like saying global warming isn't a thing because it's freezing on a certain day.,794914590324879360
0,they asked what my inspiration was and i said global warming.. like nigga i'm cozy,794923976745250816
1,#BeforetheFlood on tonight puts focus on reality of climate change & need for action.,794929688917540864
1,Just something to keep in mind: A President Trump would halt most efforts to tackle climate change.,794932887938334721
1,"So climate change is a material financial risk to all of us, especially millennials -",794940285776183296
1,Are these the innovations that will save us from climate change? via,794945315405266944
1,it's November and I'm near having a heat stroke global warming got me fucked up can y'all please stop polluting the earth,794947036420382720
1,it's really sad how some people still don't believe in climate change.,794951613987385345
-1,The concept of global warming was created by and for the Chinese in order to make U.S. manufacturing non-competitive.,794953960125763585
1,Youre supposed 2 fight for #PeopleOverProfits & climate change.,794955886158442496
1,teams up w/ to explore climate change and prevent catastrophe.,794962215291985921
0,global warming is a little like cancer. Sometimes the cure is worse than the disease.,794963943018139648
1,"What! I telling everyone Global warning pay attention to climate change everyone, seriously",794966423277801472
1,We asked our #YourShot photographers to share their stories about climate change-take a look at the final images.,794967099668045824
1,Educate yourself on climate change and what you can do.,794968758733242368
1,To deal with climate change we need a new financial system,794972746065281024
1,"And maybe we can get down to pressing issues - climate change, for starters.",794974322343497728
1,It's a crime that we went this whole election cycle with barely a mention of climate change!,794975954166775813
1,global warming is honestly freaken scary,794980265961476096
0,It feels nice today I don't think global warming is that bad,794988037960794112
1,#BeforetheFlood EVERYONE must watch this!! people must understand global warming is very real,794995482011508738
1,US senate's enviro committee chair is 'probably the most prominent congressional climate change denier'.,794997895833341952
0,Perhaps a rogue unit of pro-Clinton EPA officials could leak to the press about whether climate change is real.,794999040601653248
0,"during an election that will decide control of the supreme court and action on climate change, this is malpractice.",795001392293351428
0,"Honestly what are millennials, fossil fuel, ice caps, climate change, politics??",795012952403234816
1,These stunning photos of Antarctic ice present visual depictions of climate change,795014736593043456
1,I'm optimistic about climate change.,795018818104004608
-1,Nothing worse than climate change now is there. Enlist with us & read the truth at . Act!!,795023613426470912
1,I cannot believe that in this day and age there are still people denying that climate change is a reality. #BeforetheFlood,795027420713775104
1,"Every day, these scientists face evidence of climate change. They explain how they cope",795029352832528384
1,Russia hack deniers & climate change deniers have a lot in common.,795033580636405760
1,good thing global warming is Chinese hoax or we'd be in real trouble!,795036913283592193
1,"more inclusive society, better gun laws, experienced leadership, climate change, economy, higher min wage, anti fear, creativity, HRC",795040627708850177
-1,It's November 5th and I just played a round of golf... I love global warming!,795041304552075264
1,You need to understand climate change is fact not fiction,795046338706673664
0,"The 'skeptical environmentalist' takes on climate change in the controversial doc, Cool It",795053088230903808
0,climate change editor vice news: This position is the chief creative voice for our climate coverage... #ClimateChange,795057879321485312
1,So what are you doing about climate change?,795058625764954113
0,"Like a bird on a wire I have tried in my way to be free | Carlos Curbelo, climate change, and Trump",795061538742824960
1,Polar bears are the poster child for the impacts of climate change on wildlife.,795068042040381440
1,In 2016 the fact that we have a presidential candidate that doesn't believe in climate change is absurd.,795079710229352448
1,This indigenous woman wrote a powerful letter about the devestating effects of climate change on her people.,795079981466533889
0,are these the same scientists that denounce climate change? It's not a choice,795081192794193920
1,These politicians that deny climate change are poisonous and corrupt,795081346100170752
0,The Orthodox Patriarch Bartholomew delivers strongest words on climate change I've ever heard from religious leader,795093844274581504
1,Trump denies climate change. has a serious plan to fight it. RT if you're a #ClimateVoter!,795101811564756996
1,great Sat night documentary to watch. Had no idea the impact of beef consumption on climate change.#BeforetheFlood,795104525359124480
0,we had a way to get our guys into orbit... ares v would have flown already. priority has been on global warming sats,795107465385934848
1,"If you don't believe climate change is real, you're wrong. And Leo is here to tell you why. #BeforetheFlood",795122331995803648
1,Before the flood is literally a masterpiece and eye opening I recommend it to anyone who has questions about climate change!#BeforetheFlood,795123020784422913
1,"If Donald Trump gets into the White House, 'global warming' could magically disappear.",795125466831224832
1,immediate most effective individual action to reverse climate change?,795134969244880897
1,There's only one political party calling climate change what it really is. An emergency. #VoteGreen2016,795135019551485952
1,Trump denies climate change. has a serious plan to fight it. if you're a #ClimateVoter!,795143334926790656
0,Polar bears for global warming,795149511299571713
1,Why Republicans still reject the science of global warming |,795151777729564672
1,Avoiding dangerous climate change demands de-growth strategies from wealthier nations,795153547570593793
1,"Before you vote #GreenPartyUS remember that if trump wins we will have no path forward on #climate change, we can't lose 4yrs #actonclimate",795159876737568768
1,I've been behind climate change for almost ten years feeling like an outsider.,795163415215935489
1,...and then back to nah those folks that don't 'believe' in climate change are just nuts,795175779940311040
1,"Watch #BeforeTheFlood right here, as travels the world to tackle climate change",795177134692044800
1,", I'lltake Rahul Gandhi so he can see global warming effected mountains so he can play role in opposition for their bettermnt",795184058930184192
1,Top 10 ways you can stop climate change via,795186092538531841
1,Just watched #Before the Flood...on climate change. Invite Leo DiCaprio on your show.,795187197640994816
0,the snow is coming! or not. global warming.,795193532378128385
1,Before The Flood - Leonardo DiCaprios latest documentary about climate change! Watch today,795198092131913728
1,it's absolutely disgusting how big of a problem climate change it yet nobody seems to give a fuck,795199420379729920
1,I just joined in combating climate change. Take action #BeforeTheFlood,795203955475161088
0,The Orthodox Patriarch Bartholomew delivers strongest words on climate change I've ever heard from religious leader,795205380062072832
1,It sickens me how much we can be doing for this planet and yet there are still people who don't 'believe' in global warming,795205564792000512
1,"Watch, absorb and act upon Leonardo DiCaprio's dire warnings on climate change in 'Before the Flood'",795209757250519040
1,'Before the Flood' Great documentary on the consequences of climate change with Leonardo DiCaprio |,795225841768812544
1,To deal with climate change we need a new financial system,795232402000019456
1,The reason why there is no global consensus on climate change is that different countries have their own interests at heart. #climatechange,795233546784772096
1,To late and remember how long the U.S. denied climate change.,795238145935732736
0,I hunger for copperhead snake as my mind turns to climate change.,795239070251237376
1,#ImVoting4JillBecause she is the only candidate truly dedicated to fighting global warming,795239220281413633
0,"Meanwhile, no one in Utah believes in climate change",795243051060985856
1,"Trump Just Told The Truth, And It's Terrifying: A plan to cut $100 billion in federal climate change spending.",795243127745511424
1,Climate deniers blame global warming on nature. This NASA data begs to differ,795251586884861952
1,Russia hack deniers &amp; climate change deniers have a lot in common.,795252491420057600
1,Mildly Disturbing Headline Dept: 'Stratosphere shrinks as record breaking temps continue due to climate change',795252511812616192
0,A CNN host said we should all vote for Hillary because she believes in climate change.,795276498311712769
-1,the 'science' behind climate change is financed by the same people that control the media you're bad-mouthing. YOU take THAT in.,795292888573902848
1,"a must watch, cause climate change is here! :((( Before the Flood - Full Movie | National Geographic",795297175697641472
-1,Why a #C02 tax? I would like to see the Alberta #PCAA have a public discussion on the science of global warming.,795298548380110848
0,How do they expect us to care about global warming with all this penguin on penguin crime??,795299058436874240
1,Repeat: Evolution is not a theory. Man-made climate change is not a theory. Endocrine disruption is not a theory.,795305873937747968
1,Isn't it fascinating how climate change was COMPLETELY avoided at every debate?,795309834606440448
1,Thankyou for tackling climate change and now the Ivory trade.,795315261691797504
1,"even if scientists are wrong about climate change, why would you not support investment into precautionary measures to prevent total (+)",795316643312390148
-1,Cause climate change is just as retarded as his 'music'... 'Yeah' *Uzi's gay ass voice*,795333969080360961
0,61 in November. Shout out to you global warming,795339954188644352
1,"The stakes are enormously high. Literally, in terms of climate change, the future of the planet is at stake.",795343235963088900
1,hey can u please watch &amp; share this documentary with all your audiences. Its about climate change.,795344781400489984
-1,George Clooney claims that man-made global warming must exist because liberals agree that it exists,795347100804513792
-1,The science fiction of man-made global warming is rapidly being exposed by legitimate climate science,795350297191165953
0,Lowkey not complaining about global warming,795355201293139971
1,Enjoy this weather now because we're all about to burn in hell with global warming.',795357857789177859
1,Do u know? Pak stands in top 10most vulnerable climate change countries!We need some serious mitigation &amp; adaption strategy,795359378417348608
1,The Dakota Access Pipeline would be a huge blow to our fight against climate change. #NoDAPL,795364131205476357
1,I get more heated than our atmosphere with all this CO2 in it when someone tries to tell me that global warming doesn't exist,795365379174436868
1,Well I certainly don't teach them that man made climate change is a conspiracy theory,795366802729660416
1,And thanks to climate change that will become the new normal in a few decades.,795371086913347584
1,Seeing how ignorant people are to global warming is truly shocking #BeforetheFlood,795372433779937280
0,right now on praising the Chinese government for its efforts to control global warming #jesuswept,795373949551046657
1,Just imagine if climate change was as big an issue in this campaign as Hillary's damn emails.,795376909534138368
1,"Oh, for sure. Actively dismissing climate change for 8 years is big too",795380284141105152
1,Birds of a loopy feather deny climate change together. :),795388402166210560
1,#KnowYourCandidates! thinks climate change is a hoax!,795389893237207040
1,"30 ft of ice melted in 5 years. If climate change doesn't bother you, then you're selfish. Extremely selfish.",795390883642347520
1,#BeforeTheFlood is very powerful and Ive been keeping up with dem climate change docos. You must watch it.,795390967398289408
0,Donald Trump is the best thing to happen to global warming (seriously) #auspol,795391347083517952
1,"You're protesting in a t-shirt in November in Alberta. I'm just saying, climate change might be real.",795405592047349761
1,"message to millennial voters: 'If they care about climate change, she has to be their candidate.'",795427355313352705
1,If you still don't believe in climate change you are a fool.,795427457868382208
1,"Yeah. He believes in climate change, just not as much as he believes the rich shouldn't pay taxes.",795428933562986496
1,"Dear Donald Trump, Giving more money to the rich won't help them avoid climate change. It will just make them like,everyone else,die faster.",795429640743649280
0,Southern South America is outside the nuclear fallout zone and temperate enough to survive global warming.,795433341893939200
1,Malcolm Roberts wants an audit of CSIRO and BoM over climate change. We're very upset with the people who voted for that guy.,795433425008140288
1,"Watching I swear if another politician or media source laughs at global warming, I might drown them in the rising waters",795433440636178432
1,how are people voting for someone who thinks global warming was a theory created by the chinese,795443474459926528
1,"Ppl who deny climate change, 'If I was a a scientist I'd be absolutely pissed every day of my life' #preach",795459947060494336
0,"okay after gaining the knowledge that this exists i'm rooting for global warming. end this planet, Sun.",795471168916570112
1,"I'll remember the media and debate moderators ignoring climate change, the greatest challenge of our time.",795480146383925249
1,"u know what pisses me off?? that climate change was not a topic during any of the presidential debates,none of theM.",795482637506846721
-1,"C'mon,We need to focus on important things this election like non offensive Halloween costumes &amp; global wa...climate change' -actors #Trump",795483523855433729
1,"This new movie on climate change is well done, and now free online for a couple more days",795484399882137604
1,"Or denying climate change. Jeez. Trump is a total moron, and he's hateful and dangerous.",795484526780809216
0,"in air force one, no doubt.... that's a pretty penny and what about the climate change",795487910225203200
1,... Did you know? A tree can absorb up to 48 lbs of carbon dioxide a year. Plant a tree - reduce global warming.,795498308068376576
-1,$20 trillion in debt Trumps any climate change issue! Sanders is a senile old bastard that would rather see the USA bankrupt!,795510810177052673
0,'We will cancel billions of dollars of global warming payments to the United Nations.,795519765213102081
1,It is SO SO SO important for our generation to understand the reality of climate change. Please watch Before The Flood!,795520240931241985
0,which doesn't what exactly? How can one prevent this 'global warming'?,795550683122532352
1,The tomatoes are still fruiting and flowering in November. Mama's neighbour still thinks climate change is a lie.,795553483294380032
1,Do you have empirical data that climate change and CO2 activity is not occuring?,795553930629386240
-1,"We've had coal forever, long before 'climate change' what was done?",795562998937059328
0,Let me tell you my view point on global warming considering the #smog show in Delhi recently.Do read and spread this thread if u like it!,795567178560847872
1,This would be big news...in an alternate universe where media cared about climate change's threat to all of humanity,795574664022126592
1,"Sorry deniers, even satellites confirm record global warming",795581295971573761
1,"Don't worry about climate change! Trump will solve that too, he'll build a wall to keep the climate out! #sorted #qanda",795588778274353152
1,Woohoo! Naomi Klein calls out IPA climate change denialism #qanda,795593783320592384
1,Climate deniers blame global warming on nature. They are wrong. Here's the data from NASA.,795595985229676544
1,"PSA: When you vote, remember candidates stances on the environment! Trump thinks that climate change is a hoax.",795602816068882433
-1,"It's not about climate change, it's about $: Vivian Krause on the US players who fund the anti-oilsands crusade",795607130233573376
1,Great work by Joanne on engaging local voices - stories from Bangladesh of climate change #mustwatch #Dhaka,795609202462953473
1,Carl!' // Yes // 'Do we Catch-Up to climate-change and global warming with greener renewable energy?' // respect'lly not looking good : (,795617087238635520
-1,global warming is a myth and the holocaust is fake and never happened open your eyes to the truth people wake up,795618698174365697
1,63...it should be 53 thanks global warming...we should be wearing coats.,795621475436924929
0,'Lamar Smith is the major impediment to anything being done on climate change in Congress' on TX race,795630229700182017
0,What are your thoughts on global warming? #sarahmakethisvideo,795632631551500289
0,"Aside from climate change, the other thing none of the debates talked about was how to execute whoever invented slideshow articles.",795634216713289729
1,Keep doing nothing about climate change and winter will surely be cancelled #IfWinterWereCancelled,795645290032173056
1,#BigOilOwned House science chairman gets heat in Texas race for being a global warming skeptic,795646641382506497
0,It's literally on his campaign website that he believes climate change is man-made,795647447494074369
0,HERO: John Kerry will spend Election Day crop-dusting planet with jet exhaust to fight climate change,795654486589140993
1,"on the other hand, we can elect someone who believes that global warming is a hoax and conversion therapy is the right answer.",795655909875875840
0,dont fight climate change everyone understand climate change and change causes caused by mans uses of planet. Easy to do..,795664848860262400
1,"#IVotedBecause I believe in equality, we need comprehensive immigration reform, I am pro-choice and global warming IS real.",796032332042043393
1,#ImVotingBecause the future of the planet is at stake. Hillary Clinton will combat climate change.,796032361725100033
1,'The concept of global warming was created by and for the Chinese in order to make U.S.,796032361800536064
1,"right, Americans should vote for the guy who thinks chinese people invented global warming? Good luck America #yallfucked",796037510451363841
1,We might elect a president who doesn't believe in climate change :(,796039304350990340
1,"A man who created a fake college, okay. A man who has no political experience, okay. A man who says global warming is by the Chinese, okay.",796040088597757952
1,"Why can't people get it through their thick, ignorant skulls that climate change is a real, serious problem?",796040822315687936
0,Morning after the #Hillary rally. How's that climate change platform working out?,796041568482271232
0,If Donald trump wins the presidency & hell actually freezes over he'd probably just be like 'I told you global warming was a hoax' #Vote2016,796042282914955266
1,"If elected, Trump would be the only world leader to deny the science of climate change. Be a #ClimateVoter!",796044452242472960
-1,And climate change was scientifically proven to be a mathematical error!,796045224548167680
1,"So they want to die from emphysema,cancer,cause more climate change&make the ozone layer disintegrate?good call.",796045244680830976
1,Donald trump doesn't believe in climate change this nigga is actually an idiot I'm concerned lol,796045253925015552
0,NRE 199 class working on posters for group projects on various climate change topics.,796046997547384832
1,Friends voting Trump: Do you also not believe in global warming or do you just find other issues to be more important? Genuinely curious,796048554435510278
1,Can y'all believe donald trump actually believes climate change isn't real??? and there's people that agree with him???,796048564921180164
1,"'If you believe in science and that we have to act on climate change, then you have to vote!' —Hillary",796049500536090624
0,#SABIC sustainability initiatives feature on KSA climate change website for #COP22,796051821366218753
1,Meet five communities already losing the fight against global warming. #f4f #tfb,796057357159698432
1,'You might as well not believe in gravity.' Leo slams climate change skeptics.,796066963789414401
1,Are there even any plausible arguments against climate change???,796067713617494016
1,Meet five communities already losing the fight against global warming.,796068440050167809
1,Just a reminder that Donald Trump thinks climate change is a hoax invented by the Chinese,796077377369423872
-1,My riding's MP is giving a talk at my school today on climate change. Such a joke. This ocean protection initiative is just a distraction.,796081158752567296
1,A web of truths: This is how climate change affects more than just the weather via #climatechange,796085302334930944
1,"If properly managed, climate change action can lead to more and better jobs.",796092986408865792
1,The fact people are actually voting for a man who doesn't believe in climate change makes me wonder if people can get any fucking stupider,796106875930480640
1,The new administration must act on climate change. Here’s how we can move the needle.,796108816924471296
1,Protecting our forests is key to curbing climate change.,796111135049187328
-1,"Obama fiddles (climate change, Gitmo, now visit to Havana); the world burns – as Iran, Russia, China, ISIS march.",796112014062080002
0,'Why is it so dark out?' Laura 'global warming duh',796116044838477825
1,This sunset is the earth saying 'vote for someone that thinks climate change is real or y'all won't be getting any more of these',796116094842966016
0,Trying this long-slow-breathe-out thing combined with big-picture-perspective (of like cosmos or climate change) and tiny steps,796119227455438848
1,Do you care about student loan debt? Combating climate change? Funding for Planned Parenthood? Vote.,796119326713638912
1,I want action to address climate change to be up front on the agenda #TellNYT,796124000200097792
1,#ElectionNight #Florida can't afford 2vote 4 a man w/ such hate for its population & rabid denial of climate change,796124914893918208
-1,Climate change (proven). Man-made global warming (unproven). Separate fact from fiction at,796129757784141824
1,hi just here to remind everyone that climate change is real. please don't have political debate and say climate change doesn't exist.,796130446392393729
-1,User error is as big a myth as global warming,796136054415880192
1,"The first polls are closing in NH, where 43% deny climate change. Both Senate candidates are good on climate!",796139573235646464
1,"I hope that, after refuting climate change, Trump refutes the 'Theory' of gravity and floats the fuck away.",796149022692143104
-1,The concept of global warming was created by and for the Chinese in order to make U.S. manufacturing non-competitive.,796157869364310016
1,"just vote for Hillary fuck it, at least she believes in climate change",796165050549420032
1,florida can drown global warming and natural selection is coming for y'all,796169989745156099
1,Florida. Half the state's going to disappear in ten years due to global warming.,796172522873962496
1,what was global warming years ago? A conspiracy. What is it now? Real life.,796177850147676160
1,"Don't worry, everyone. When President Trump does nothing about climate change, Florida will be the first to go.",796177872947965959
1,"Are we looking at an America that officially believes climate change is a hoax? Sorry, everybody else.",796183069153722368
1,"It's 2016, and a racist, sexist, climate change denying bigot is leading in the polls. #ElectionNight",796183694272823296
1,"Bryton voted for equality, women's rights, and climate change legislation... did you? #dumptrump",796187528269156352
1,"How can FL vote for someone who believes climate change is a hoax? Sea level rises 1ft, how much of the state disappears! #ElectionNight",796189357589659648
1,I'm guessing we need to align with China on trade & climate change now.,796194293375303685
1,Clinton would've been a shot in the foot. Trump is a shot in the head. On climate change alone devastating beyond comprehension.,796194308550430720
0,I think we're looking at an America that is voting on more than just climate change.,796195694499561472
1,whoever thinks climate change is a hoax must be the most ignorant person on this planet,796195726288179205
1,the US won't matter. We'll be run by climate change deniers. Policies will hurt everyone somehow.,796196340569088000
1,Me realizing our possible president doesn't believe in climate change,796198309702594562
1,y'all really voting for a man that doesn't believe in climate change,796200125974466562
1,The big winner of tonight is climate change. Congrats climate change. Feast on our coastlines and consume my body in fire.,796200142437314561
1,"Hey Florida, nice little Everglades you've got there. Thanks for voting for a climate change denier.",796200645757800449
1,hates muslims hates women hates POC hates LGBTQ hates disabled doesn’t believe in climate change leads in polls,796202178805370880
1,America is about to vote in a president who thinks climate change is a hoax #ElectionNight,796202191199444992
1,"If no nuclear annihilation, climate change will just kill us slowly.",796203395048558592
1,FWIW. we have probably lost the battle against climate change tonight,796204604455321601
1,"So now we're going to have a US president, house and senate who believe climate change is a conspiracy by the Chinese. Frigging great.",796205801211916288
0,"From the party that believes in global warming, looks like they treated Philly pretty bad last night !",796208566038302720
1,So we're actually close to electing a dude who doesn't believe in global warming?? Like as if its an opinion or something,796213904011620352
1,The next president's decisions on climate change will reverberate for centuries & affect 100s of millions of people.,796214493827231744
1,"Don't worry, climate change will kill us soon",796219487737495553
1,"If Trump wins, it savages the planet's chances of dealing with climate change.",796222165871800320
1,Bye bye bank regulations. Bye bye dealing with climate change. Bye bye health care. Bye bye diplomacy. #electionnight,796222179604107264
1,"He's a self - proclaimed racist, misogynist, climate change denier, homophobe & fascist. But she's a woman. #ElectionNight",796222925988831232
1,I wonder how dumb you have to be to vote for someone who said global warming is a hoax created by the Chinese,796239265038417922
1,Trump doesn't believe in global warming and he's going to be the President of the United States of America.... fuck,796241434533732352
1,9. The president-elect does not believe climate change is real. He has promised to negate the Paris Climate Agreement,796242004241948672
1,"#RIP Supreme Court, climate change reform, congress, laws, gun control, role models, the dollar, respect of the world",796243944946405377
1,Just dawned on me: Trump thinks global warming is a hoax created by china. No seriously.,796244561311870976
1,"Are we looking at an America that officially believes climate change is a hoax? Sorry, everybody else.",796245473900302336
1,America voted for the man who said climate change was a hoax perpetuated by the Chinese... really America?,796246799547822080
1,2016 was the year that the United States elected a man who believes that global warming is a Chinese conspiracy,796253396084748288
1,we just elected someone who claimed climate change is a hoax made up by the chinese government,796255651785830400
1,You elected someone who doesn't even believe in climate change you know how stupid you have to be to not believe in climate change,796256339559202816
1,#ImVotingBecause the future of the planet is at stake. Hillary Clinton will combat climate change.,796256341366972416
1,what are we going to do about climate change,796256941446197248
1,The new president of america is going on trial for raping a 13 year old girl and doesn't believe in climate change,796261734575210497
1,We need to get DiCaprio down to the white house on Jan 21st with the hottest model he can find to convince Trump climate change exists.,796262347690086402
1,the President of the United States of America thinks climate change is a joke and wants to build a 3000km wall,796263769294983168
1,Have fun enjoying your President who doesn't believe in climate change. Educate yourself because your children's lives depend on it,796263776907657216
1,bro our next president doesn't even believe in fucking climate change. and his VP thinks being gay is a treatable disease.,796265512791576576
1,"On top of all the more immediate awfulness, I just realised that we're probably fucked now in terms of global warming",796266781845426176
1,Country with the 2nd highest greenhouse gas emissions on the planet just elected a climate change denier as president.,796267380498464768
1,"If y'all watched Leo Dicaprio's movie 'Before The Flood' like I did, you'd remember that he still thinks climate change isn't real.",796268701125410818
1,FWIW. we have probably lost the battle against climate change tonight,796269368682381313
1,So upset climate change is about to be ignored,796269370116886529
1,WHO THE FUCK VOTED FOR THIS MAN he thought global warming was a hoax created by the chinese and hE IS THE NEW PRESIDENT DOES NOTHING MATTER?,796272947837206532
-1,"It's freezing outside, where the hell is 'global warming'??",796272969395896320
1,"Tell me, America, was it the racism, the misogyny, or the climate change denial that won you over? #Election2016",796274405487902720
1,"Thank you America, for voting in a president who thinks climate change is a hoax. It really is something.",796275700978372608
-1,The concept of global warming was created by and for the Chinese in order to make U.S. manufacturing non-competitive.,796275702366670848
1,'The concept of global warming was created by and for the Chinese in order to make U.S.,796276605408538624
1,"Plus, with a few more years of rampant, uncontrolled climate change you might not even notice the sudden temperature change",796278215086063616
-1,"All American climate change theorists sitting in Marrakesh &amp;discussing climate change, you've been Trumped #trumpwins #COP22 #climatechange",796279520848412672
1,To the world: A man who doesn't believe in climate change is now president of one of the biggest polluters.,796279560312619008
1,"Don't worry, everyone. When President Trump does nothing about climate change, Florida will be the first to go.",796280847556976640
1,Republicans called global warming a hoax created by the chinese. Im so done are u fucking serious right now,796281937266511872
-1,97% of global warming alarmists believe is President #Election2016,796282286886907906
1,"remember kids, global warming is fake according to your president",796282379329421314
1,Kind of ironic how Jill Stein helped elect a climate change denier.,796282676189818880
1,"Ignoring climate change, pulling out of Paris, more fossil fuels -- the new future?",796282678282743808
1,"Spent 6 years learning and understanding climate change. Now we have a republican house, senate, &amp; presidency. This is the epitome of defeat",796282758448418817
1,I intend to fight. I intend to fight against those naysayers who say there is no such thing as climate change.,796283145918304256
1,How do you feel about Trump's denial of climate change though?,796283871847452672
1,Tell me #johnsonweld voters what did u accomplish tonight for climate change? For college tuition? For the Supreme Court? NOTHING,796283925991751680
1,"If you're hecka white and think 'Trump can't hurt me', consider the fact that he doesn't believe in climate change.",796283954664013824
-1,Seth why ru so concerned about global warming pal? What about real issues like Donald trumps tupee,796284323313881088
1,Even Donald Trump will not have the power to change the laws of physics. He will have to accept climate change.'#COP22,796284748100501504
1,why would you leave an entire country in the hands of a man who thinks global warming is a hoax created by china,796286778462375936
1,"Okay okay...so a man that's openly sexist, racist, homophobic, rude &amp; thinks global warming is a myth?...I am shocked!",796289002961797121
1,~minor~ details: our new president thinks climate change is a hoax and the KKK openly supported him,796289688172539904
1,"Today, my country elected a man who thinks global warming is a hoax. FML",796292560213970944
1,"My god, he's going to build a wall, promote war crimes, ignore the reality of climate change. Worries me as an Irishman.",796293306678394880
0,Where the hell is global warming when you need it?,796293320783826945
1,You elected a president that believes climate change is a hoax veered by the Chinese government.,796294062974398465
1,"Welcome to America. Where we deny climate change, men brag about rape, and the KKK supports our president. #notmypresident",796302173915201536
1,"Things that won't be priority under Drumpf presidency: women, blacks, hispanics, lgbtq, climate change, immigrants, etc cuz they're not real",796303535184969728
1,Our new president thinks climate change is a hoax. Our new Vice President believes in conversion therapy.,796311115550564352
1,4 ways to counter climate change and better your business at the same time.,796320565783097345
0,Twitter profile of potential #Trump environment chief says he's '#1 enemy of climate change alarmism',796320591502577669
1,"racist, homophobic,sexist, republican,who screw his daughter, grabs p******, thinks global warming's a hoax started by China #NotMyPresident",796324217646174208
1,"Also climate change. Apparently, we already gone past the point of no return and because of the president of the US doesn't believe in it.",796330231942377473
1,"Today we are mourning the end of the USA, the rights of women and minorities, and any progress in climate change.",796332755474935808
1,"America voted to ignore climate change, eliminate the minimum wage, and ban an entire fucking religion from our country.",796332767281872899
1,No more climate change legislation or biomedical research for us!,796334335293095941
1,"Say goodbye to funding for climate change research, funding for women's health issues and rights for the LGBTQ+ community",796337760277766145
-1,Confirmed: NASA invented global warming by tampering raw temperature records. #tcot #p2,796338489449205760
1,Don't forget any progress in implementing a regime for climate change.,796338496894017541
1,We voted in a guy who thinks global warming is fabricated... backwards,796339167756251136
1,"Good luck to him getting climate change, social justice and inequality support from Trump.",796348027258671104
1,my republican montco teacher told us that global warming is a hoax &amp; taxpayer dollars fund abortions at PP.,796350382410727424
0,"No, my job depends on the fact that climate changed after the ice age.",796350385476734976
1,'Those of us worried about global warming should be concerned.' #INBOUND16,796354395965452288
0,"I mean, wouldn't nuclear winter reverse or delay climate change? Silver lining.",796354399408951296
1,"Imagine the 8th grader learning about climate change in science class, and asking the teacher how the government is fighting it.",796357606440837121
1,We have a president that doesnt believe in global warming and a VP that doesnt believe in evolution. I think scientific thought will suffer.,796362428963491840
1,Perhaps the biggest impact of the result overnight will be on climate change.,796364355575103488
1,A president who thinks climate change is a hoax and a VP who doesn't believe in evolution. Great day for science.,796365183132332032
1,"between climate change, nukes, lack of social support policy, defunding of healthcare, and newly emboldened bigots i hope",796365784893296640
1,Does Trump getting elected mean global warming isn't real? Find out tomorrow at our annual Flat Earth Society Convention,796365802345787392
1,I mean he doesn't even believe in fkn global warming!!! Its November and its going to be 90 degrees here today! But lets ignore it.,796366584830795777
0,"Also, as an American, i now have to commit to the belief that climate change is a hoax.",796367969488080896
1,"In other news, it's going to be 97 in parts of LA today. Nov 9th. Really glad we have a president who will address our climate change issue",796369937950392320
1,How can a guy who doesn't believe in global warming win the Us presidency ???!!! #DonaldTrump,796374399935008768
1,our president think climate change is a hoax made by the chinese &amp; our vice president thinks being gay is a curable disease.,796375730498236420
1,"Do you honestly think that a Trump admin., w/ Sarah Palin as Sec. of Energy, will really care about climate change?",796377012642390016
1,People that voted for trump probably think global warming isn't real #notmypresident,796377030338048000
1,Donald Trump's views on climate change make him a danger to us all,796378459996037120
1,The president thinks that China invented global warming.,796380288209317888
0,"If you want to support Trump, support him for his climate change views...he absolutely rubbishes them.",796381056823939073
1,"But hey, climate change is a hoax anyway so the world totally won't be devastated before the end of the century, guys. Right? RIGHT???",796381857982115840
1,We really elected someone who doesn't believe climate change is real,796382247519715328
0,Damn Kandy brought more than drama to the house. She brought global warming along and had Winter gone for good. #BGC16,796382632204529664
1,I don't see how someone could honestly not accept that global warming is an immediate problem,796383730772361216
1,this rain is the environment crying bc the newly elected US president doesn't believe in global warming,796384444995211264
1,Our future VP doesn't believe in evolution or climate change.,796384488234381312
1,i don't want a president that doesn't believe in global warming or women's rights. i don't want a racist president.,796386491777843201
0,"30 Cancel billions in payments to U.N. climate change programs
31 Lift restrictions on production of job-producing American energy reserves",796387233301336069
1,Trump doesn't care about climate change but we outnumber him. He won't do anything about it but WE will,796387826891948036
1,It's 2019 and Republicans defeat another climate change deal despite worsening drought in Kansas and Nebraska.,796389298836803584
1,The catastrophe for climate change alone the Trump presidency represents is almost beyond measure.,796390728238764032
1,yet you side with someone who denies the legitimacy of climate change,796393886356602880
1,#PresidentTrump as the leading amateur scientist in the world knows that man-made climate change is a myth created by China. #Trump that!,796394509458427904
1,"Jill stein Green Party she's the only one who cares about the environment, climate change and saving oil I don't believe",796397001281781760
0,Hillary's been in charge for 20 years. 'They' blame climate change on the new guy.,796398678051291140
1,The effects of climate change do not know party affiliation/age/sex/nationality... Look out for the planet's future,796400249535397889
-1,Maybe you should go back to Uzbekistan? I'm sure that they believe in climate change! LOL!,796400286168449024
1,"Can we afford, as a planet, 4 years of backwards progress on climate change? Asking for a concerned citizen of Earth.",796400962181005312
1,Let's talk about how our new president literally doesn't believe in climate change or science for that matter,796403211502518273
1,President elect thinks climate change is a hoax made by the Chinese,796408811250552833
1,"Maybe we could live through and recover from many mistakes, but continuing to ignore climate change could end us.",796408877319340032
0,The US Center is streaming a presentation on jurisdictional approaches to climate change. Watch now@,796409634567225344
1,How do we have a president who doesn't believe in global warming now?,796410358957154304
1,'One issue your great-great-great grandchildren will talk about in reference to the Trump years is climate change',796414427839025152
1,Oh global warming does not exist at ALL,796417391743729665
1,"Today, more than ever, we need to tell the story of climate change.",796418994173526016
1,Donald Trump believes that climate change is a myth invented by the Chinese how does that level of stupidity even breathe unassisted?,796423954898554880
1,I get that there a lot of shit things he can do to people in the short term but climate change is a big thing for me,796425630627807232
1,Y'all really voted for a man that doesn't believe in climate change....ok,796428854457991174
1,my family that lives in Florida doesn't believe global warming is real and voted for trump,796429353227845640
1,"Hey Florida, nice little Everglades you've got there. Thanks for voting for a climate change denier.",796429740181749764
1,A climate change skeptic running the EPA is now a reality,796429764026372096
1,Not only does this affect so many people but also the planet! This is a man who doesnt believe global warming exists!!!,796430126858633216
1,"term limits should hold just as much importance as taxes, global warming in this country.",796431907894525962
1,anyone who doesn't believe or care about climate change should honestly just die please die,796432547089678336
1,"I think it will help, also, if the 'clean' part is emphasized more - for those who will always deny climate change.",796433256308584448
1,Y'all voted for a president who doesn't even believe in global warming!,796433962025373696
1,our country is the largest contributor to climate change and our president doesn't even believe that it exists. great.,796434669659103232
1,Humans stay shooting themselves in the foot. Maybe global warming is inevitable. Its the end of the this global weather era too. LOL,796437151999111168
1,It baffles me that some people actually believe that climate change is a hoax... like how blind do you have to be??,796439073904852994
1,Creating futures' - an excellent new resource for exploring climate change and climate justice available at #chrce,796440654175993859
1,Let's not forget that Trump/Pence are anti-science and believe climate change is a myth.,796442320799465483
1,Maybe climate change will take us all out first.,796443288429588480
1,#Trump choice for #EPA chief is a climate change denier,796444091814969344
1,"Donald trump, the now president of the United States...... does not believe in global warming",796444099683483654
1,"i'm just saying if we ignore climate change for the next 4 years, there's no coming back from it",796444144004694030
1,"#DidYouKnow Animal agriculture is one of the leading causes of climate change?!? Go green, go #vegan!",796445847181520896
-1,"How do we know this climate change thing is real - not a natural cycle, not an elaborate hoax?",796447428509573120
1,Honestly the planet can't afford 4 more years with no action on climate change. #itsuptous #OurRevolution,796451878015860736
1,"She cares about global warming, she cares abou the world we're living. She support the black community. She's afraid. #WeLoveYouMiley",796454239040061441
1,Still cant believe America elected someone who said global warming was a hoax.,796454313556082689
1,You've helped destroy the only hope we had of stopping climate change,796458343929823232
1,"Even [Trump] does not have the power to amend &amp; change the laws of physics, to stop the impacts of climate change,",796458387957391360
0,Looking forward to thoughts RE: global climate change.,796460648968388608
0,a punishment of jail time &amp; force-feeding meat for trying to counteract the global warming he doesnt believe in.. so he can sell more steaks,796463769744474112
1,The thing which concerns me most about a Trump presidency is global warming,796465585643290624
-1,Same 'experts' who said Hillary would win claim 'climate change' is real. LOL!,796468156378157056
1,Trump's positions on climate change arguably the scariest part of his victory,796468179790770176
1,now the majority of people in office believe that climate change isn't real. mother earth is mourning today,796468912028164097
1,The descent into #TrumpHell begins - chooses top #climate change skeptic to lead #Environmental Protection Agency,796470397206233088
0,Things will get tricky for the Liberal government if the Trump White House rolls back efforts on climate change.,796471142491881472
1,"It's November and this is the forecast, but sure climate change is a hoax",796472552516263936
1,"Why President Trump will be awful for clean energy, climate change fight via",796474314006659073
1,"#IVotedBecause I believe in equality, we need comprehensive immigration reform, I am pro-choice and global warming IS real.",796475100325298176
1,extremely concerned about planet earth now that we have someone in office that doesn't believe climate change is real,796475189085278210
1,Trump's election marks the end of any serious hope of limiting climate change to 2 degrees,796475214892703744
1,"Last year, 190+ countries signed the #ParisAgreement promising help to those worst hit by climate change.",796476782216146945
1,"When the right had to 'endure' Obama, they got health care, some attention to global warming, etc.",796477291480154112
1,The phrase is 'climate change DENIER.' Now is the time to speak plainly.,796477962484940801
1,let's be clear about the implications of a trump presidency --override indigenous rights and deny climate change.,796478567966187521
1,you know that global warming is proven through physics right?,796478907390316544
0,"I don't know if you're talking about saving the environment, climate change, or if it's about certain people you don't like.",796478971542171648
1,Scariest part of the election: the most powerful man in the world is now a denier of climate change.,796483025362190336
1,How will climate change affect the retirement savings of people like you and me?,796483055951212545
1,"#TwitterBlackout bc I don't stand with men who are sexist, racist, mean, and most non believers in climate change.",796484624503316480
1,Donald Trump's views on climate change make him a danger to us all |,796486248953167872
1,Some of NYC neighbs at biggest risk for climate change voted overwhelmingly for Trump,796488848461234181
1,how one doesn't believe in climate change is mind blowing to me,796496465929633796
1,When u know this warm weather in October is due to global warming and climate change but u still kinda enjoyin it,796500516490584064
-1,Same 'experts' who said Hillary would win claim 'climate change' is real. LOL!,796509922573877248
1,"Sadly, we will now have a president who thinks climate change is a hoax.",796510675694747648
1,Worth reading re Trump victory &amp; climate change policy,796510787158343680
1,#ImVotingBecause the future of the planet is at stake. Hillary Clinton will combat climate change.,796511564316704768
1,"Guys, we don't need to worry about Florida anymore bc global warming is a 'myth' they'll be underwater soon enough.",796513579541340160
1,Trump's kids know climate change is real and human-caused. Let's hope he listens to them,796516445987500032
1,"Welcome to America. Where we deny climate change, men brag about rape, and the KKK supports our president. #notmypresident",796517317261873152
1,"Trumps policy's on climate change, if we make it that far, is what's for sure going to kill us.",796517361650110465
1,"What we need to fix climate change is free-enterprise innovation, NOT a job-killing carbon tax. #cdnpoli #cpcldr",796521103497842690
0,*quietly rocks back and forth in my NASA jacket from my job at a federally funded climate change data center*,796525999173279744
0,cancel billions in payments to U.N. climate change programs and use the money to fix America's water and environmental infrastructure,796526448588820484
1,Prediction: Trump presidency will push us toward looking for technological solutions to climate change.,796526474652188672
1,Speaking of climate change-TONIGHT Is another killer episode of ! 10/9c on,796527047552204800
0,cus his ideals include convulsive therapy and eradicating budget for climate change,796527463174008832
1,Trump's election marks the end of any serious hope of limiting climate change to 2 degrees,796528396796891136
1,"So fucking mad, climate change isn't something to worry about?! Well if you're a fucking polar bear it is :-) :-)",796529677829623808
0,Australia just ratified Paris Agreement on climate change,796531575236108288
1,"Trump thinks climate change is a hoax. He is a racist. He thinks women are toys. No matter where youre from, this should affect you",796533337443569664
1,"The RW, climate change deniers &amp; the IPA celebrating today. Society, humanity &amp; the planet has nothing to celebrate.",796533474798673924
0,#amytalk They may accept 'climate change' (I prefer 'global warming') but not that it is man-made,796534983393361920
1,#HappyBirthdayCarlSagan sorry america elected a president that doesnt believe in global warming,796537126443712513
1,Just so everybody knows climate change is still a real thing,796538922222424066
1,I cannot support you until you stop denying climate change.,796540755208785920
1,Fighting climate change with National Geographic #YEARSproject,796542072132145152
1,America's new president doesn't believe in climate change and thinks women who have abortions should be punished.,796542792151498752
1,Taking JUST climate change I think most decent people would rather see D.C. burn than Prez Trump and right wing congress/court,796545083474472960
1,"I don't understand how someone can say they don't think climate change is real. Do they think the Earth is flat, too?",796546356236140553
1,"denying climate change, repealing national marriage equality, threatening to ban an entire religion from being here.",796546805987246080
1,Biggest loser tonight is the human race. Cause climate change is gone as an issue in Trump America. THIS IS A HUGE DEAL.,796548926707011585
1,A climate change skeptic running the EPA is now a reality,796548972076814336
0,"Well, his position on climate change definitely isn't a lie.",796556328344768512
0,people who think climate change isn't real,796558085066256384
1,Trump has no regard for the environment. He doesn't even believe climate change is real,796559585406550016
1,Love Trumps Hate... and homophobia and bigotry and racism and sexism and the disbelief of climate change.,796560310429569024
1,"ppl that voted for Trump: you set our earth back. You voted for continuous global warming and harm to our animals, oceans and forests. Nice.",796560354562240512
-1,I hate with a dose of reality. Learn 2 work hard &amp; stop whining about safe spaces and ur global warming hoax. Grow up and make ur way,796556328344768512
1,"In case you were wondering: no, 4 years of US-led inaction on climate change will not go well for the planet.",796561507672850433
0,"What do , elephants, and the Leuser Ecosystem have to do w/climate change?",796562292666146817
1,how do people not understand that climate change is real??,796563017626513408
1,I'm just going to say that creationists that dont believe in global warming have never listened to Bill Nye,796563843732348928
1,The scariest thing I see is that nothing will get done on climate change. Hard to count your money when you can't breathe!,796566280459390976
1,"Just to get this straight: everyone understands that the earth can't afford four years of doing nothing to combat climate change, right?",796567012394708992
-1,again with the climate change? ok. let's see the altered data.,796568312150949888
-1,"It's freezing outside, where the hell is 'global warming'??",796569079876386816
-1,good news: our next president doesn't believe in climate change!!,796569177708523520
1,And I'm sure because 'global warming doesn't exist' FL and LA will be fine on their own.,796573790939521024
0,"thanks im not dumping him over global warming, but ya know.",796578448198291456
1,Now would be a great time for the rest of the world to find ways to pressure the US on climate change and human rights.,796578889896198145
-1,why is it if you deny climate change ppl say you are denying science ?,796580065081368576
1,So many ppl okay with the fact our now president doesn't care about climate change &amp; possibly thinks its a hoax.,796580083918131200
1,trum/p denying climate change and trying to defund research/measures to stop it is what could actually ruin the planet for everyone,796581736947875840
-1,Science-fiction personality preaches a fearful narrative from the altar of man-made global warming: #climate,796581787006812168
1,The floods are a direct result of climate change caused by imperialist countries.,796582199659216896
0,"Media already accused of missing the boat with the American electorate. Cool it, with the harping climate change Trump predictions!",796582810979094528
1,I believe that climate change represents one of the greatest threats to o... #MarkPocan #quotes,796583241499246592
1,Do we really want to be Deputy Sheriff to a racist climate change-denier?,796585385283334144
1,Florida's dumb ass voted Trump now y'all gone be underwater because Republicans don't believe in climate change.,796586405166247936
1,You know Donald Trump et al don't believe in climate change right?,796587627508076544
1,"I wonder how 51,000 Jill Stein voters in Michigan feel about prospects for addressing global warming.",796588182959570944
1,Unfortunately not far enough to counter climate change,796588808036896768
1,"If you feel pleasantly siloed from the Trump disaster, keep in mind US will no longer be fighting climate change.",796590201149624321
1,Worried for the future of climate change,796591539354996736
1,Donald Trump's views on climate change make him a danger to us all,796593164173901824
1,"Does it really matter? With climate change initiatives being thrown out the window, they'll sink before they can secede.",796593737757552642
0,A French scientist's research attributes most of the global warming to solar activity -,796597858782892032
1,He says climate change is a myth invented by the Chinese. All of our environmental accords could be torn to shreds.,796599930974416896
0,but does it really affect any of us if trump doesn't acknowledge climate change?,796600864274268160
1,African cities must confront climate change,796600946453164032
0,According to leading climate change scientists ocean water makes fucking retards out of voters.,796602258783948800
1,My biggest fear with Trump is climate change. We *need* to make Congress blue in 2018.,796603437714644992
1,"as far as climate change, it's going to happen either way because the us military is the largest contributor",796607656676888576
1,Dear Florida: You're gonna be real pissed when trump administration stops fighting against global warming and you're the first ones to go,796610940871450624
0,is Trump skeptic on the global warming or on the current political which handles it ? #globalwarming #politic,796611810329763840
1,"Lets hope you deal with it, when food cost rises,gas,global warming,hate,violence,children being separated,families hungry!",796612076995248129
1,One thing that is scary is Trump doesn't believe in climate change.....is not a belief it's a fact,796613039097311232
1,I'd look into . A lot of scientists estimate earth can't sustain 4 years of climate change denial. Scary shit,796614220787884032
-1,"What's gonna be more important, Canada relation w/USA &amp; role in NATO or wasted tax payer climate change seat at UNSC.",796615121736966144
1,The catastrophe for climate change alone the Trump presidency represents is almost beyond measure.,796616219680010240
1,Do we really have a president that doesn't believe in global warming? How many people don't believe in global warming? WTF,796616302106476544
1,the next leader of one of the most powerful countries in the world doesn't believe global warming exists.,796616572039090176
1,Trump's first pick for 'environmental issues' is a person who proudly admits they're a climate change denier.,796617477920878592
0,Oh dear. I said in the Senate today that Trump thinks climate change is a Chinese hoax.,796617837557100544
1,Having a phone without a headphone Jack will be like having a president who doesn't believe in climate change,796618848296308736
1,meanwhile uses climate change to get permission in Ireland to build a wall around his property along a public river,796619539928715266
1,2016 was the year that the United States elected a man who believes that global warming is a Chinese conspiracy,796620284484845568
1,I'm still confused on how y'all voted for a mafucka that think global warming ain't real,796621353277423616
1,why can't we agree that climate change is our number one priority,796623025617637376
1,It's official: #ParisAgreement on climate change enters into force 4 Nov.,796625702745423872
1,Trump &amp; Brexiters = the false promise of doing away with a major fear/inconvenience: climate change deniers 1 &amp; all.,796625980303482880
-1,The concept of global warming was created by and for the Chinese in order to make U.S. manufacturing non-competitive.,796628220560965632
0,They also have a song about global warming and how we should take care of our planet because we give it to our children,796628255335915520
1,"If simply denying global warming would help, the problem should already have been solved by now. #paris",796629031936491520
0,We will never get climate change with Trump.,796629098307129344
0,"I find the climate change aspect and Sarah Palin (to begin with) head of parks, it literally makes me sick.",796632584771862529
1,Think we will have less 'conflict' globally with isolationist #Trump? Refusal to address climate change will create suffering &amp; instability.,796634656758263808
-1,'In particular #PresidentTrump has to stop the job wrecking political scam of climate change',796635932959117312
1,Tokyo Waste Processing Center. World class &amp; should be studied. Could solve our global climate change problem.,796638252920881152
-1,and why even bring up global warming right?Me and you both know it's a hoax!,796638567900401664
1,"Donald Trump isn't the end of the world, but climate change may be",796639639398391808
1,"Forgetting all of Trumps other archaic views for a second, I cannot comprehend how the fucking idiot doesn't believe in climate change.",796640012964163584
1,I just hope that we'll actually start to care about our planet and help stop global warming,796641733278736384
1,#Climate4Impact usecase: #Impacts of #climate change on #crop #yields in the #tropics,796642378392174592
1,"With a denier in the White House, how do we deal with the global warming catastrophe that threatens 7.",796644042033532928
1,Trump doesn't care about climate change but we outnumber him. He won't do anything about it but WE will,796644964243369985
1,'One issue your great-great-great grandchildren will talk about in reference to the Trump years is climate change',796647693653311488
1,some leader don't believe in climate change in especially when it don't change there pocket,796647809604841472
0,YAY! Only 1 thing concerns me. Please look more into climate change.,796648462997745664
1,"it's going to be ok except for americans who will lose obama care, and jobs and probably climate change action, otherwise.",796648573555208193
0,Who knows what Trump could mean for global warming,796649151618387968
1,"Trump's presidency may doom the planet, and not just because he'll have nukes. , on climate change.",796737222481350656
1,One of my favorite books on climate change denial.,796738132133761024
1,Friendly reminder that America just elected a man who thinks that global warming is a Chinese conspiracy theory.,796739177761148928
1,Speaking of climate change-TONIGHT Is another killer episode of ! 10/9c on,796741492027097088
0,i had forgot to #share that yes ''I DID #LIKED A TWEET OF RELATED TO climate change of last possibly only 4-6 hours!!!! SO YESSS!! as th,796746246828523521
1,just gunna say Obamacare makes it so my mom can keep living her life and I believe in global warming.,796746271901917184
1,Oil companies buy politicians and how so many still don't regard climate change as a global threat.,796746730872143872
1,We have to make climate change a huge priority to . We must keep this issue at the forefront.,796748671249502213
1,Sadly my parents are those people who think climate change isn't a problem and voted for trump,796749196124680196
1,Our globe LITERALLY can not handle 4 years of neglecting climate change. The effects will be near impossible to recover from,796749683108548608
1,trump's position on climate change will kill the planet (faster),796751564622983168
1,"Holy shit. plans to withdraw funds for climate change progs, withdraw from Nafta and TPP",796752100021731332
1,Innovation and commitment to sustainability will save our food system and mitigate climate change. #FoodTank #COP22,796755136790069252
1,If you believe in climate change why aren't you vegan?,796756020521566209
1,Death of coral reefs due to #climate change could be devastating for humans too via,796756079615021056
1,Petition to stop a climate change denier from running the Environmental Protection Agency,796756142760333313
1,Follow if you want to hear more about what A/V and digital archivists can do about climate change activism #AVhack16,796756681820696576
0,Leader of the 'free' world on climate change,796758547262566400
1,'the world may have no way to avoid the most devastating consequences of global warming',796760297008693248
1,Hey remember that time that Donald Trump backed urgent action on climate change? It wasn't that long ago,796760751419617281
1,#Iamwithher #Debate #DNCLeak #Election2016 #SNOBS climate change is directly related to global terrorism,796760872144097280
1,If you don't believe in climate change or evolution you're honestly fucking retarded,796761294942699524
1,TWELVE of our #GlobalGoals are directly linked to climate change.,796761900885352452
1,"'global warming = hoax', 'drill baby drill' ... sorry, but Trump/GOP will end human civilization.",796765375690141697
1,One of the key issues that I really feel passionate about is climate change.,796765929510174720
-1,The concept of global warming was created by and for the Chinese in order to make U.S. manufacturing non-competitive.,796766495653167104
1,Not one to wade in on political affairs but I desperately hope Trump doesn't cut funding for clean energy/climate change initiatives,796767066787348481
1,"The first 100 Days of Trump. Repealing Obamacare, dismantling executive orders &amp; flushing climate change in toilet",796767611430248448
1,Spread the word that we need urgent action on climate change and reef conservation. #COP22 #oceans,796769056460304384
1,When you're going to school to fix climate change and to be a climatologist and the future president doesn't think climate change is real,796770994916589568
1,Still cant believe Americans voted a pres who doesn't believe in climate change. So much for 'stumbling the establishment' #ThursdayThoughts,796772610474274816
1,This is who was elected President. A man who believes global warming is a hoax perpetuated by the Chinese.,796772654858518528
1,"anyone supporting Trump's views on climate change,selfish narrow minded people,think of ur grandchildren &amp;the earth you want them to live in",796774594468347904
1,"If Trump had half a brain, instead of denying climate change he'd attack it like this generation's Space Race and say America will lead.",796775621472976896
1,I support the fight to prevent climate change disaster. Will you join us? via,796775669757788160
1,Someone try to tell me climate change isn't real...I DARE YA,796780397346648064
0,I love that they're going ahead with the Paris climate change agreement meetings.,796786122173087744
0,The fact that we are all enjoying global warming it's 55 degrees in MN in November,796786133472514052
1,Any chance the world's most brilliant psychologists can incept the reality of climate change into the head of Donald Trump?,796786616253591552
1,THIS. Dealing with the inevitable global disaster of climate change should be humanity's #1 priority.,796786629251833860
1,But 100% chance we are all dead in 200 years because of climate change.,796786650571558912
1,"Can't believe how some American's, including don't even believe climate change is a thing!",796788701732933632
1,"I can't believe Trump doesn't believe in climate change. It's not something you 'believe in' it's 110% factual, but",796788765465411588
1,The whites really elected a man who doesn't believe in global warming HAHAHAHAHAHAAHAHAHAHAHAHAAHAHAHAHA,796790357744881664
1,"Are we looking at an America that officially believes climate change is a hoax? Sorry, everybody else.",796794745607647232
1,"Whether or not you believe global warming is real, don't you think we should be taking better care of this beautiful planet we inhabit?",796795122340032513
1,"He's a self - proclaimed racist, misogynist, climate change denier, homophobe &amp; fascist. But she's a woman. #ElectionNight",796797307543023620
1,I'm sold! I always wanted to live in California. The earthquakes and the global warming threat of ending up in the Pacific ocean,796797377399111685
1,It's 90 degrees and dry as your skin leather bound skin . This ain't no hoax this is global warming,796797967160078336
1,Trump has called climate change a hoax. Now he has the chance to destroy efforts to beat it.,796799046719520773
-1,"It's freezing outside, where the hell is 'global warming'??",796800580949831682
1,"pretty good movie, worth watching if you're interested in sciences/global warming etc. (and Leonardo DiCaprio is a babe.)",796802775002869760
0,W/o climate change legislation military occupation will become more necessary to make hungry people shut up about being hungry #ChevyMalibu,796804808745295872
-1,One of the best lectures you'll ever see on fake climate change.,796805501308780544
1,"In case you were wondering: no, 4 years of US-led inaction on climate change will not go well for the planet.",796806941293051904
1,"Also, appointing a leading climate change skeptic and science denier as your EPA guy is already a bad outcome. Predicted.",796807010645778436
1,How do y'all think climate change isn't real??? I'm mind blown at the stupidity,796808949282512896
1,they deny climate change to help oil companies breaking treaties putting that pipeline on Indian land they have gone far enough,796809833186029570
1,"Our work to solve climate change, one of the greatest challenges humanity has ever faced, has never been easy.",796810971524321284
1,also he believes global warming is a myth. That alone might wipe us all out,796811861865984001
0,"Well it's good to know we don't have to worry about that global warming thing, trump will have none of it......lol",796812877449543680
1,"Yes, we have in a sense reached 'point of no return' on climate change. Doesn't mean stop working against it.",796817243476807680
1,"As a graduating chemist from Univ. of MN- How can I fight, advocate, and advance work toward addressing climate change now?",796817424788189186
0,my favorite is still the China made up climate change tweet.,796819074458284032
1,so you're down with him denying climate change is real &amp; wants to stop funding UN climate change efforts? #makessense,796819608334401536
1,Anti Vax Pro life Believes climate change is a hoax Doesn't accept evolution as scientific Has a 10y.o.,796820308149895168
1,"ban on Muslims, deportation of undocumented immigrants, stop and frisk, doesn't believe in climate change, general ignorance",796821977717567488
0,"This from the CEI, where Trump's proposed EPA man is director of global warming! #science via",796822483265527808
1,"Please reconsider your view on climate change. Global warming is a serious issue, and cancelling our deal with 160 other(1)",796822513602953216
1,A petition to help keep climate change denier Ebell away from the EPA. Please sign and share!,796823109173067776
1,It's November and it's 900 degrees outside. How do idiots still not believe in global warming?,796823553706332160
1,"its 94 degrees outside right now, in november, but we just elected a president who doesnt believe in climate change",796824756108439554
1,Al Gore offers to work with Trump on climate change. Good luck with that. - The Washington Post,796825338210816000
1,"You don't have to believe in climate change to want cleaner air, water, and a healthy planet. Don't let pollution win.",796825812536324096
1,Trump doesn't accept that climate change exists. This is ridiculous. #environment #SaveTheWorld,796826524473237504
0,I agree with his assessment until he said he will die from climate change which is a weird point to make,796829700714807296
1,"You really wanna tell me why we elected a president who thinks climate change is a hoax, yet its 60+ degrees in NOVEMBER????",796832417713688576
1,"We are like, what, three weeks from thanksgiving and I have my windows open in the house. Who said global warming is fake?",796833982851809280
1,"yay so cool to see a homegrown miami boy denying the science of climate change, I'll miss you miami, sry grandchildren congrats!",796834496322633728
1,"you and your friends will die from old age, and i will die of climate change' DEVASTATING",796835007146971136
1,how people honestly think global warming is fake IT WAS 90 DEGREES IN OCTOBER,796835008895848448
1,"WOW: ""You and your friends will die of old age and I'm going to die from climate change.""",796835527257227264
1,Elon needs to not go to Mars because if we cannot solve climate change and capitalist imperialism we do not deserve to expand our reach.,796835547645939713
1,is old people telling millennials they're definitely going to die from climate change a form of support and empathy,796835643347374080
1,#ForestsMatter because they minimize the negative impacts of climate change.,796836033644134401
1,It's 91 degrees in mid-November and the president-elect wants to cut 100 billion dollars in federal climate change spending,796836085938556928
1,Poor climate change. It deserved to be ignored by a president who believes it exists.,796836111574298624
1,I genuinely fear for the fate of this planet now that both the presidency and Congress are dominated by the party that denies climate change,796836127747543041
0,Kicking off a global warming 'Winter' season w/ the #RevolveWinterFormal tonight: Drinking away democracy AND depression!,796836131694211072
1,As depressing as it is predictable. Trump getting ready to junk American leadership on climate change.,796836192960573440
1,Donald Trump thinks climate change is a hoax... ...sigh.,796836702966968320
1,'Al Gore offers to work with Trump on climate change. Good luck with that.',796836721635770368
0,I'm not sure Zach understands climate change or life expectancy.,796836775083778048
1,I hope you reconsider your position on climate change. Consider the cost of possibly being wrong - is it worth it?,796836780041469952
1,You and your friends will die of old age while I am going to die from climate change.',796837690100613120
1,We are all Zach: 'You and your friends will die of old age &amp; I'm going to die from climate change.',796837717459931137
0,"I move that we start calling 'climate change' 'climate fuckery.' All with me, retweet.",796837778998718464
1,"Are we going to pretend climate change isn't a real thing, focusing on just 'our America' &amp; 'making it great again'?",796839472637673472
1,climate change.. pollution.. I'm so sorry earth,796840021944717312
1,You can't ride out climate change. Game Over.,796840487730561024
-1,"So here's my advice to Dems: climate change goes to the bottom of the agenda, or at the very least is done in consultation w/others. 13/",796840504369483776
1,We needed to work on climate change now.,796840993903542272
1,We will be the only developed nation in the world led by a climate change denier.,796842547964477441
1,Me a couple years ago: 'At least the Appalachians will be safe from climate change disaster.' Today,796844914881531904
-1,Isn't the news here that liberalism is raising hysterics who think climate change is going to take forty years off their lives?,796848383587745792
1,"If you're looking for good news about climate change, this is about the best there is right now",796848905849860096
1,"Aside from wether u want to deny climate change or not, it makes economical sense to invest and shift to renewables",796850039503069184
1,This is VERY bad for the fight against climate change via,796850082595282944
1,when will people start talking about the climate being a human right? climate change is about human rights.,796850105433411584
1,India cover on poisonous fog for weeks now! and meanwhile in the US Trumps says climate change doesn't exist.,796851790880903168
1,Can't tell if it's 91 degrees in November because of global warming or because America is burning in Hell,796851883541413888
0,"Strictly speaking, it's relatively unlikely Zach will die from climate change.",796852348886941697
1,Fed court has ruled rights of youth threatened by climate change. Help them proceed to trial!,796852487751921664
1,"Funny, as much bad shit about Hillary there was, she actually was very in favor of net neutrality. Also climate change.",796853463686606852
-1,global warming being caused by humans is a hoax. Lol the rainforest make up 90% of greenhouse gasses.,796855685870972928
0,Oh dear. I said in the Senate today that Trump thinks climate change is a Chinese hoax.,796856407127535616
1,#bbcqt #Trump's denies climate change because it's 'not good for business'? The world will rue this businessman's ignorance,796857570426286080
1,I need a president who cares about climate change !!!!!!!!!!!!!!,796860032469995520
1,i know. but apparently global warming is a myth and scientists don't know what they're talking about so guess we gon' die,796860037968855044
-1,"Delusional are eating their own ""You and your friends will die of old age and I'm going to die from climate change'",796860140431572993
-1,Thanks. Imaginary climate change is seriously triggering to me.,796861746287878144
1,You and your friends will die of old age while my generation will die from climate change',796861842857463808
1,Grim reporting on Trump's plan to destroy progress to limit climate change,796863157901869056
1,"me to my parents: 'wanna know what sucks? you guys are gonna die of old age. i'm gonna die from global warming' 'who cares' UH, ME. I CARE!",796863664242491392
1,Trump's win is a deadly threat to stopping climate change. - Grist,796864405745135616
0,"Hey girl, are you climate change? Because I'm going to ignore you until you fuck me.",796864803964878849
1,'You and your friends are gonna die of old age and I'm gonna die of climate change.' me,796867139407937537
-1,This dumbass thinks that climate change is the most important thing to protect in CA.,796869521722130432
1,My president-elect thinks global warming is a hoax,796869575266553857
1,"Except pushing LGBT+ rights, addressing climate change, opposing Russia's aggression etc etc.",796869593910251520
0,But global warming will cause increased rain washing their well wishes away.,796870027869818884
1,"one of the BIGGEST contributors to global warming is animal agriculture, specifically cattle.",796871677648965632
1,eh with the real issues like climate change and our economy it doesn't look like he will do much good at all,796874732977131520
1,don't understand why some people think they have the luxury to not 'believe in' climate change lmao,796877667895099392
1,"Build a wall, Muslims banned, women objectified, deny global warming, VP supports conversion therapy - sounds lovely",796878971522715648
1,This bit basically kills US leadership on climate change - China will have more stringent CO2 laws,796879682985742337
-1,"Gosh, It's cold in the morning and hot in the afternoon in a desert...must be climate change.",796880208791937024
1,"If you voted for trump does that mean you actually deny climate change, do you people realize what you fucking supported?",796880990450974720
1,When his climate denying cabinet destroy all hope at fixing climate change there will b no world to have peace in.,796881485760438272
1,It is 70 degrees in Montana in November and we elected a president who thinks climate change is a hoax,796882649004572673
1,'The concept of global warming was created by and for the Chinese in order to make U.S.,796883281501360128
1,The mourning stage is over. Now we fight. Putting a climate change denier as head of EPA is an act of war on our kids. #StandUp,796889719015702528
0,Some Trump supporters just went back in time and caused global warming making this Samurai sweat,796889758123298820
-1,"I don't believe in global warming, cuz I see the opposite. It's become much colder in St.Petersburg in recent years.",796891792536903680
1,"I still can't wrap my head around the fact that so many people that will run this country, don't believe in climate change.",796891886665379840
1,This is similar to 'if there's ice in my drink how can global warming be real?',796895671307698178
1,"In the wake of the US election, more than ever we need to double down on our efforts to fight climate change.",796896817858351104
1,Now would be a great time for the rest of the world to find ways to pressure the US on climate change and human rights.,796897495615819776
1,"Fight climate change, burn or flush your sneakers!",796889692549607424
1,The head of the EPA doesn't believe in climate change and the Secretary of Education wrote in his memoir about making friends with a bear.,796903137630126080
1,How can we stop Trump from destroying all the progress we've made with climate change?,796905348544294912
-1,'I'm going to die of climate change' Millennial leftists literally believe this.,796905733606342656
1,What are the risks and negative impacts of climate change on employment? Find out: #COP22,796906251691012097
1,Crazy for believing in the truths of climate change and the lasting repercussions?,796906331194040320
1,"'We are turning the oceans hot, sour and breathless'. (Because of climate change)",796907334870200320
1,#Rigged #StrongerTogether #DNCLeak #Debate #Iamwithher climate change is directly related to global terrorism,796911023491936256
1,'You and your friends will die of old age and I'm gonna die from climate change' thx #DNCChair,796911672619397120
0,"Hey girl, are you climate change? Because I'm going to ignore you until you fuck me.",796911681053917184
1,What is your opinion on the #Vegan lifestyle as one of the solutions to climate change?,796913230077628416
1,donald trump thinks global warming was made up by china lol,796913797881536512
1,It's 91 degrees in mid-November and the president-elect wants to cut 100 billion dollars in federal climate change spending,796914694271418368
1,You want 2 be everyone's president? How about doing something progressive for us? Fight climate change and protect the Env.,796920100834181120
1,"'you and your friends will die of old age, I will die of climate change'",796920115312869376
0,liberal: 'Can we maybe please try and stop global warming now?',796920223576326144
-1,why do you think voters in a left wing state dismiss man made 'climate change' hysteria?,796923563710128128
1,"In case you were wondering: no, 4 years of US-led inaction on climate change will not go well for the planet.",796925811337138176
1,'You and your friends will die of old age and I'm going to die from climate change.',796928606207430656
1,"Hey, a hit of good news: judge allows youth lawsuit against fed govt on climate change to proceed!",796929101047197696
1,the absolute worst part about climate change is that it's november 10th and i'm still getting mosquito bites,796929748584792064
1,I'm a Canadian who feels disheartened over President-elect Trump's views on climate change.,796933597760516096
1,Hm. I make the same face when I urinate. And I urinate every time someone says global warming isn't real. - Jack,796934983998963712
1,Climate Council links NSW bushfires to climate change - Don't worry #Trump says it's all a Chinese hoax #auspol,796935002202247168
-1,Trump has our generation of snowflakes in a tizzy because he doesn't believe in the MYTH of climate change - Pod 3 -,796938864480972801
0,"Well on the plus side, climate change isn't real anymore.",796940289898201088
1,Speaking of climate change-TONIGHT Is another killer episode of ! 10/9c on,796941816146915328
1,one thing I would like to ask is please be mindful of our ecosystem global warming is a very real thing please,796943650424922112
1,"I'm cynical tonight. Let's admit it ... too few people really care about inmates, Blacks, Gays, Native rights, climate change, unborn babies",796944442317864960
1,We will be the only developed nation in the world led by a climate change denier.,796945512717021184
1,"In the wake of the US election, more than ever we need to double down on our efforts to fight climate change.",796946188503109632
1,The mourning stage is over. Now we fight. Putting a climate change denier as head of EPA is an act of war on our kids. #StandUp,796950235633238017
1,"whatever. I don't come on Twitter to argue with climate change deniers. Monitoring the Environment is my job, so bye.",796951389805154308
1,Someone and I arguing at work about climate change like even if the president doesn't believe it's real that we are still gonna have jobs.,796954899808276480
0,My major is straight up about climate change. We won't get funding???,796954997015490560
1,"How do you not believe in climate change? It's the middle of November and I can still wear shorts most days. Climate change is a hoax, obvs.",796956305093251072
1,A great story by about how Trump could fight climate change while furthering his goals,796961209711001602
1,i'm mostly worried about him ignoring climate change,796961314681790464
1,Sad we now live in a country where climate change is 'a Chinese hoax' but it will bite us in the ass sooner or later & there will be regret,796962655672139776
1,Oh god..I just remembered that Trump and the Republican Party refuse to acknowledge climate change is an issue. GREAT! #triggered,796963298344308736
1,When your president thinks global warming is fake and VP believes in conversion therapy lmaooOooOo,796963334364901376
1,An idiot who thinks climate change is a hoax created by China. Who wants to get rid of the Environment Protection Agency. #Election2016,796964487584776192
1,This guy who is being tapped for EPA likes global warming because of warmer weather! #trump #elections2016,796966381946290176
1,"If you believe climate change is fake, do your research.",796969285373530112
1,Petition to stop a climate change denier from running the EPA,796969642887626752
-1,Confirmed: NASA invented global warming by tampering raw temperature records. #tcot #p2,796970261799202817
1,"Sorry. Maybe I should have been sexist, racist, xenophobic, wall building & denied climate change exists.",796970651722448896
1,Al Gore offers to work with Trump on climate change. Good luck with that. - Washington Post,796971242976854016
1,The places where water through climate change hits us hardest #powerofwater #SIDS #hlpwater,796972872917012480
-1,"When the leader of the free world claims climate change caused the Syrian Civil War, you're in cukoo land. Period.",796972893838180352
-1,"climate change is doing as much good to our planet as bad. Better crops, less death, etc. We headed into cycle cold period",796973831160111104
1,Me when Florida is under water because of rising sea levels and Trump still denies climate change,796974803953422336
1,"Bye unions, bye new federal minimum wage of 12-15$ an hour, bye climate change, bye gay rights, bye Roe vs Wade, bye free college.",796976769974706176
0,This is why we have global warming. #trafficsucks #traffic,796977427763367937
0,Where's the prejudice? pull from my tweet where I'm prejudice. 4 years we wont do anything about climate change,796979757971816448
1,99% of all scientists say climate change is real. But US media presents the 'other side.' Fossil Fuel companies side? Sad.,796983939294367744
1,WOW: 'You and your friends will die of old age and I'm going to die from climate change.',796987895093440512
0,not once did I say C02 Mr California but CO is a polluting problem. You think I'm talking about global warming.,796987923761479680
1,1.5ºC will change the world: tackling climate change #ClimateCounts #COP22 #PUAN,796989072489271296
-1,1 way 2 get these morons 2 stop protesting tell em the fires they r starting is contributing 2 climate change. watch them scatter #trumpriot,796994754533818368
1,#COP22 events w/ the common narrative that renewables are the solution to climate change,796997085124055040
1,"With Trump as president, China-China!-will be the world's biggest champion of fighting climate change",797000756683534337
1,"one of the BIGGEST contributors to global warming is animal agriculture, specifically cattle.",797002728467730433
1,Smart cities will put sustainability and climate change first by 2020,797003487729086469
1,With scientists and religious leaders. Oceans and climate change. #COP22 #climatechange,797007134349283328
-1,The concept of global warming was created by and for the Chinese in order to make U.S. manufacturing non-competitive.,797007285742510080
1,"I doubt they care as long as he trashes climate change response, pro choice policies etc",797007493331238912
1,apparently the pick for the EPA is denies climate change. shit reminds me of how anti-vaccination people brought back measles,797009047274790912
-1,"It's freezing outside, where the hell is 'global warming'??",797010212616097792
0,As a businessman . should favour climate change. More business opportunities.,797010301325557760
1,Earth possibly more sensitive to global warming than previously thought. Via #KeepItInTheGround,797010443663511552
1,"Potential Trump FP admin officials are militarists, pro-torture, anti-civil liberties, climate change-deniers.",797011240635613184
1,"If you are pro-choice, pro-gay marriage, & an accepter of the reality of anthropogenic climate change, how could U vote 4 Trump?",797011740454166528
1,"Donald Trump isn't the end of the world, but climate change may be via",797011915826311168
1,"Ministerial panel raises concerns over climate change, indigenous rights, marine mammal safety #StopKM",797014762265649152
1,Energy Day comes as major companies lead the fight against climate change,797015444058243073
1,'you'll die of old age and I'll die from climate change' indeed #JohnGalt,797017471341314048
1,The #ParisAgreement enters into force! Learn more about the U.S. goals for climate change at #COP22: #ActOnClimate,797018604046843904
1,The president believes climate change isn't real. How do we progress there? Especially when the US is doing so much damage.,797019357088018432
-1,Just WHAT do these anti/Trump protesters think he'll do--a St Valentine's Day Massacre on climate change alarmists?,797021113062748160
1,Denying that people living with HIV don't transmit the virus is akin to being a climate change denialist to me.,797022275472150528
1,"#IVotedBecause I believe in equality, we need comprehensive immigration reform, I am pro-choice and global warming IS real.",797029110451240960
1,'Last year's Paris Agreement showed the world was united in its concern about climate change...',797033212245671936
1,Donald Trump isn't scrapping climate change laws to help the 'working man'.,797033213222854656
1,This is scary. Did you know one of the biggest contributors to climate change is animal agriculture? Eat more veg!,797034152302379008
1,. If we want peace with justice we can't ignore climate change #sydneypeaceprize,797034461783175168
1,"Solving climate change is a complex topic, but in a single crude brus... #DavidJCMacKay #quotes",797035426678710272
0,Will a Trump presidency set back the fight against climate change? Share with us your thoughts below #COP22,797036412822495232
1,The election of Donald Trump doesn't change climate change. #COP22 #ActOnClimate #EarthToMarrakech,797036474856312833
1,"#Trump's Cabinet: Exxon shills, climate change deniers, and criminals. Way to #draintheswamp, Donnie.",797037532995264512
0,"yep,definitely no global warming here.",797037607960068096
1,Get real - Trump isn't scrapping climate change laws to help the 'working man' via,797039954484285440
1,"Global climate change has already impacted every aspect of life, from genes to entire ecosystems",797040111632269312
1,"The more ppl post about being worried about climate change now, the more I will post about going vegan for the environment bcuz it's true.",797041606218096641
1,#Africa added least to global #GHG emissions but is most vulnerable to climate change. Here's how we help. #COP22,797043922711113728
-1,watch my pinned tweet. Educate yourself. Catastrophic global warming theory is mince.,797046010979749888
1,Donald Trump's toxic emissions on climate change will destroy humanity |,797046873764884481
0,36. did u know jisol could actually stop global warming w how cute they are,797048266017816577
1,Nuclear is not the solution to climate change. There are better options,797048505571442688
1,Evidence review: climate change impacts observed in 80% of ecological processes underpinning ecological function.,797049095332499457
1,Fed court has ruled rights of youth threatened by climate change. Help them proceed to trial!,797049912739430400
0,"#Leaders change. The #political climate changes. Everything changes, BUT God & He's still in control. 'I the Lord do not change' (Mal.3:6).",797050130729930752
1,Trump has no idea what he's talking about when it comes to climate change,797050694599606272
1,I got on a whole winter coat it's freezing ... I knew my body wasn't gone adapt well to this climate change,797051679707435008
1,Pretty much EVERY living thing on the planet has already felt climate change #COP22,797051700691472385
1,Our president thinks global warming is a hoax from china n it hasn't snowed 1 time this year lmaooo,797054840870412288
0,He contestado: Trump called global warming a hecks #vaughanradio,797058582915248129
1,I was honoured to deposit Pakistan's instrument of accession to the Paris agreement on climate change at UN today.,797059320500391936
1,"please support climate change policies, YOU can make a HUGE difference.",797059544258084864
0,Amitav ghosh talks of climate change in new book _ business standard news central ... -,797060845733814272
1,"'Carbon capture, use & storage are all important elements in mix of solutions to climate change for #steel industry' Nicholas Walters",797062290054975488
1,"They also deny climate change, & believe pro life means stopping trespassers & bad drivers with lethal force.",797064985767792640
1,"and he appointed someone who does not believe in climate change, planned parenthood AND funds conversion therapy for LTBG+",797067397198966785
1,It is kind of hardcore that is to the left of Trump on climate change.,797071949864300544
0,Are you a global warming shill?,797074148631707648
1,Really useful summary of what may lie ahead on climate change.,797075799115493376
1,"A climate change denier is leading Trump's EPA transition team, along with an oil company lobbyist.",797076379439427584
1,"#COP22 in Marrakesh: Stepping up actions on climate change, the EU is leading the way. RT to show your support",797078017097007104
1,It's #WorldScienceDay! 49% of our followers say defeating climate change is key for ensuring sustainability. #YourSay,797078117479104512
1,What the future looks like with a climate change denier in the White House,797078773653012480
1,Trump called global warming a Chinese hoax. He couldn't have been blunter about this.,797079391738044420
0,'Trump's new head of EPA transition said global warming is 'nothing to worry about'' by,797083239437533184
-1,Liberal tears have done more to raise sea level in a day than climate change could do in 10 years.,797083244462080000
-1,Liberal tears may soon beat climate change as the leading cause of rising sea levels.,797083867953954817
0,climate change viewed as an elitist issue,797087998286274560
0,"Well, it would solve the global warming problem.",797088990566510592
1,"I don't understand how some politicians don't believe in climate change. There's evidence, scientific evidence.",797089594487488512
1,'We now have a president in America who does not believe in global warming.' --,797089624686546944
-1,They literally called climate change racist. Brexit and Trump prove the word has been stripped of all importance,797090764803231744
1,Trump has called climate change a hoax. Now he has the chance to destroy efforts to beat it.,797095088602120193
1,The fact that Trump doesn't believe in climate change is scary asl,797099358533668864
1,"#trump, you promised to represent the people, and we believe in climate change. Please rethink your pick for EPA!",797100492631539712
0,"#Trump has selected Myron Ebell, a climate change and global warming skeptic, to lead the transition team.",797100540853358592
1,"Put it all together, and, well, on the plus side it may not be runaway climate change that destroys humanity after all.",797101538602782720
1,How do people not believe in climate change? I'm a bible believing Christian but I'm also a biologist. It's stupid to refute it.,797102763796742144
1,"4. You don't believe in global warming, which means you don't believe in science. That disqualifies you.",797111478587273216
1,"Reality is reality, whether you choose to 'believe' in it or not, whether it's real protesters or global warming.",797111496589209600
1,Trump's election marks the end of any serious hope of limiting climate change to 2 degrees,797111963830648832
1,Many more happy returns of d day hope you'll succeed wd ur efforts on climate change,797115243604234240
0,Trump really doesn't think global warming is real man,797116299688181760
0,"#Trump has selected Myron Ebell, a climate change and global warming skeptic, to lead the transition team.",797121194638000128
1,"Cool how Leo met with Al Gore, who gave a TED Talk on climate change. They both know the magnitude of our situation #ghsapes",797121868486606848
1,We have a president elect that does not believe in climate change. This is dangerous to humanity and our planet.,797121872320032768
1,Trump has called climate change a hoax. Now he has the chance to destroy efforts to beat it.,797124573883830272
1,"Trying to think of a joke about Trump not believing in climate change. But... Trump doesn't believe in climate change, how do you top that?",797126345906012160
1,"I'm creating a new think tank for climate change, would you join and post your tweet also at ?",797126408682274816
1,Western politicians have not and will not make any genuine effort to prevent climate change - nor will the majority of ordinary people.,797126875973906436
1,"Trump's pick to head EPA is climate change denier. Good job, Florida voters. Hope u enjoy being under water.",797126933049909248
1,I think it's the fact climate change isn't simple confuses and angers the stupid,797127430293090304
1,"His cabinet choices are idiots, climate change deniers, and bigots.",797132675660337152
1,'You and your friends will die of old age and I'm going to die from climate change.',797132696354955264
1,"For anyone who cares about climate change: online strategy session, 7 p.m. tonight via #nonprofit",797133289882550273
1,"US monetary policy -global economy have many common problems: what is the job today, chronic economic crisis, climate change",797133840313708546
0,Harry is introducing someone to the dangers of global warming every single day,797136423249989633
1,Trump's election marks the end of any serious hope of limiting climate change to 2 degrees via,797138521647517696
1,"#trump, you promised to represent the people, and we believe in climate change. Please rethink your pick for EPA!",797140503577772032
1,A rightwing politician from the NL posted a hoax about climate change from that website. I asked if she believes this too.,797140981095264256
1,Please listen to the people who are afraid of your policies that will ramp up climate change. #hottestyear #noflood,797141032160858112
1,"Front page of . I don't like to get too political but sorry, climate change is not a hoax.",797142151205425152
1,We are all Zach: 'You and your friends will die of old age & I'm going to die from climate change.',797146552691281920
0,Does anyone think global warming is a good thing? I love . I think he's an interesting artist.,797147684234821633
1,Maybe all of you that don't think climate change is real will disagree with this one too,797149835266838528
-1,The concept of global warming was created by and for the Chinese in order to make U.S. manufacturing non-competitive.,797149849242177536
1,"We'll all reap the fucking whirlwind now, especially when it comes to climate change. This was last 1/2",797150942810542080
1,"It's ridiculous, even if you put global warming and killing off the planet aside, it still doesn't make economic sense",797152035342843904
1,I think Trump needs to turn down the AC in Trump Tower so he understands that global warming exists.,797154881710661633
-1,Liberal tears may soon beat climate change as the leading cause of rising sea levels.,797155437908934656
1,My thoughts on the future of climate change solutions in the,797156718543257605
-1,"Wonderful Trump appoints the charming, clever, sane Myron Ebell to take on the global warming charlatans. Hurrah!!!",797156815599529984
-1,"John Kerry lands in Antarctica, he can now officially say he's looked everywhere 4 global warming and can't find it",797157783397277696
1,not believing in climate change is one thing that i don't play with lmao,797159669034782720
0,Climatologists now believe global warming was dangerously accelerated by the Hall and Oates H2O album cover.,797160543266054144
1,"I will never support you because you don't care about climate change, green energy, fossil fuel pollution. U will ruin us",797165777656877058
1,New post on my blog: What will Trump presidency mean for efforts to curb climate change?,797166703440498689
1,"I'm not trying to be rude, but do people that voted for Trump not believe in climate change? Honest question.",797166790728097794
1,"You're right, we should be more tolerant of this pussy-grabbing, KKK-endorsed climate change denier.",797168396781502464
1,"As rain pelts a town near the North Pole, a plea to take climate change seriously: yulsman",797170107072020480
1,"Hey, a hit of good news: judge allows youth lawsuit against fed govt on climate change to proceed!",797172118362488832
1,Tell me it doesn't matter who won: Trump wants to renege on America's commitments to fighting climate change.,797172199576612864
1,"Hear about how youth are leading the fight to prevent climate change at Climate Outloud, Saturday at 2 pm",797174740658122752
1,The world is watching. It's time to stand together against climate change. Take the pledge,797175923971948544
1,these old fat white fucks know they won't live to see the worst of climate change. To stupid to give a shit.,797176596927049728
1,Fed court has ruled rights of youth threatened by climate change. Help them proceed to trial!,797177219546288128
1,"We've BEEN recycling, cutting meat out, doing all we can for our planet but you havea man who denies climate change in power. WHAT DO U MEAN",797177328635904000
1,Middle of November and the high is 88° but climate change is fake!!!,797179134870855681
1,I was honoured to deposit Pakistan's instrument of accession to the Paris agreement on climate change at UN today.,797179655904251904
1,The Indy's front page is unreal. Scientists prepare to explain to president elect that climate change is real. FFS.,797179760543694848
1,"I'm all for trump, but this dumbass better start believing in climate change",797181450957176832
1,"#IVotedBecause I believe in equality, we need comprehensive immigration reform, I am pro-choice and global warming IS real.",797181583795113984
-1,Oh. More impact of global warming? Let's see what happens. Solar minimum leads to cooling+cold snaps. Be prepared.,797182077544333312
1,Newsflash: climate change doesn't care who got elected,797188009783414785
1,"Scary that Trump is considering Ben Carson, a denier of evolution and climate change, as Secretary of Education.",797188027252510720
0,nailed it until the climate change part. What a mental nutcase.,797188070466605056
1,He's putting someone who doesn't believe in climate change in charge of environmental affairs.,797193375636135940
1,Four things you can do to stop Donald Trump from making climate change worse #education,797200376596430849
1,Me: Earth is in trouble if Trump cuts spending for climate change Dad: Global warming is not even real remember,797200489058336768
1,how can u be so dumb and think that climate change doesn't exist,797202445533319169
0,you forget the no climate change.,797206794766385157
-1,"Pft. I'll admit climate change is real before I believe this garbage! Am I right, guys?",797209750459088896
0,This is the clown who's gonna battle against climate change when he leaves Whitehouse. LOL,797209828288557056
1,I just came back to encourage people to watch Before the Flood bc it's super important and climate change is REAL peace out,797210304652443648
1,Yay yippe trump fan ur big boy gonna make everything great again but what about global warming ! :O,797211362388799488
0,"'You're gonna die of old age, I'm gonna die of climate change' DNC staffer yells at Brazile for helping elect Trump",797212130034544642
1,and a climate change denialist as head of EPA?,797212615709597696
1,Happy Birthday Thank you for standing up for climate change and human rights. ?,797218560837881856
1,"climate change in the us, and any place south it's spring/summer, like Australia",797219356392431621
0,He's going to die from climate change...wtf,797222055502577665
1,Al Gore offers to work with Trump on climate change. Good luck with that.,797224372935213056
0,I keep doing things like cooking and playing with the kids and reading books and then I remember. I think about climate change.,797229021952114688
1,I cry for Mother Earth. The environment is going to die. Trump doesn't believe in global warming.,797229563323420672
1,Thank goodness! He still needs to accept climate change though.,797230250119794688
0,"If you know where someone stands on abortion or masturbation, you'll know where they stand on climate change' #nswwc",797230658208706560
1,"Carson rejects evolution and climate change, despite overwhelming scientific evidence to the contrary.",797232458966167553
0,"You're so hot, you must be the cause for global warming. #ALDUBSorpresaDay",797233915031232513
1,America is about to become the only country in the world with a leader who doesn't think global warming is real.,797242220755767296
1,#MyWishForTheFuture Is that we wake up to the existential threat of man-caused global warming. Watch #aftertheflood.,797244597411913728
1,"white people: slavery, global warming, mass incarceration, elected trump",797244726831382528
1,How embarrassing will it be when the non-science-challenged foreign leaders have to deal with how perceives climate change?,797245204772356096
1,"WOW: You and your friends will die of old age and I'm going to die from climate change.""""",797247244818792452
-1,"lol, another propaganda sponge. Your religion is climate change, and it's fucking pathetic.",797248084170379264
1,A climate change denier as head of EPA. A creationist as head of Education. A Nazi-inspired database for Muslims. Ugh.,797249303261519872
-1,"climate change rhetoric is made up by, paid for and brought to you by Soros. Money trails have been found.",797252965463654400
0,Interviewer: 'What do you think about global warming?,797252974145900544
1,Four things you can do to stop Trump from making climate change worse,797254336845856768
1,Oh boy: Trump's Climate Contrarian: Myron Ebell Takes On the E.P.A. #climatechange? What climate change?,797255128759861248
1,Donald Trump has previously called climate change 'a hoax.' So what will his presidency mean moving forward?,797258463357313024
0,How can you deny global warming when my pussy this hot,797260199627198464
0,Now #China is worried about climate change....rigggghtt.,797261364129595396
1,In a desiccated tinderbox of a forest drained of moisture thanks to climate change.,797262143636783104
1,"Global warming is not the term to describe out earth right now. Its climate change. Cold becomes hot, hot becomes cold.",797264410968408064
1,Everyone is whining about this election ... what about freaking global warming .. or issues that really matter...!!!,797264425321459712
1,We have money to fight #climate change. It's just that we're spending it on #defense,797264565125812224
0,Didn't Exxon scientists do some of the original research on climate change?,797267747096891393
-1,Some millennials actually believe that they are going to die young because of climate change. How stupid is that?,797272126126313472
1,"Scholar describes a coming crisis of displacement from #climate change #Alaska, eastern seaboard, and so on",797272778592423936
1,"Meat production is a leading cause of climate change, water waste, and deforestation.",797273901352878080
1,"In fact, could ponies be the answer to climate change? Now that would make LA peak hour traffic interesting!",797274705493266432
1,watch how bad climate change will b w/ban on plastic bags & increase in cutting trees for grocery bags.,797275241105997824
1,"Trump has spouted misogynistic, racist, xenophobic & climate change-denying views every step of the way.",797275303634763776
1,How anyone can argue against climate change is beyond me. #fouryearsandcounting,797279864835477504
1,"Congratulations on your win, . Please watch climate change doc before you back out of Paris agreement.#maga",797281209051123712
1,"Oh, they'll piss & moan about funding VA & the vets, embassies, education, climate change studies,etc.",797286122799955969
1,"Begnotea enumerated indications of climate change. In the PH, he mentioned the increased arrivals of typhoons as one example.#SealSUMMIT2016",797286200868413440
0,The pledge is to keep global warming 'well below 2 degrees' #climatecounts,797293185529741312
1,"If you're looking for good news about climate change, this is about the best there is right now.",797294237037502464
1,It's sad to know that 91% of Americans don't even worry about climate change or even believe it's ACTUALLY happening,797297206286053376
1,So that Trump site that's going around? I genuinely and sincerely asked for him to meet with climate change experts and try to save us.,797298537491034112
1,"Since science is real, the only negative I can see from trump getting elected is we might die of global warming lol",797299437257297920
1,"Poor countries suffer most from climate change. Sadly, no surprise there. New map shows impact on debt default.",797303701685866496
1,Alternative technological solutions for climate change' about to kick off #ClimateChange #PuanConference #PuanConference,797307366345768960
1,It is very possible that global cooperation to fight climate change will collapse due to the Trump presidency,797308214748516352
0,Nothing stops the Christian train wreck. Part of my silly atheist theory but it also includes him believing climate change!,797309720629428224
1,A disaster for the planet as climate change deniers are handed power: global implications of Trump's ignorance,797310952353988608
1,the way I see it: A window has opened & if we don't close it fast we have to refight old battles instead of climate change.,797311150069260288
0,"Hey girl, are you climate change? Because I'm going to ignore you until you fuck me.",797311749636681729
1,"My 8yo nephew is inconsolable. He wants to die of old age like me, but will perish in the fiery hellscape of climate change.",797312356137181184
1,We need more climate change warriors like Naomi Klein #auspol,797315769394724864
0,"Suddenly, global warming sounds like an inviting prospect.",797318093613703168
1,I wonder what will do about climate change. Hope he has lots of money to pay for lawyers! Oops!,797318717075963904
1,America is about to become the only country in the world with a leader who doesn't think global warming is real.,797319639223201793
1,"'water security is closely linked to migration, climate change risk, and economic development' via",797321190981386240
0,": Hey girl, are you climate change? Because I'm going to ignore you until you fuck me.",797321646902308864
1,climate change doesnt have 4 years for Trump to continue acting like its a chinese hoax,797321846458904576
1,It could already be 'game over' for climate change. Different rules for the next game. #via,797322612070289408
1,happy birthday. Thank you for being so inspirational for many of us for a long time. keep fighting for climate change,797326855309246465
1,"Meat production is a leading cause of climate change, water waste, and deforestation.",797328343498625024
0,Dr. Jonathan Pershing's special envoy for climate change #ClimateCounts,797329277633052672
1,I assure you that I'll be the voice of climate change in the Senate.,797329818220167168
1,We have a new POTUS who doesnt believe in climate change.,797331737277829120
1,78° in Mid-November. Sure glad that climate change thing isn't real.,797331742226923521
-1,The concept of global warming was created by and for the Chinese in order to make U.S. manufacturing non-competitive.,797331759063040000
1,We also developed the world's first ever handout on climate change-Mushahid HussainSayed #ClimateCounts #COPP22,797331802142674944
1,Are these the innovations that will save us from climate change?,797332452209491968
1,"Denying climate change is real, but so is dangerous. Join Team today",797335027306659840
1,Trump's election marks the end of any serious hope of limiting climate change to 2 degrees,797339301113643008
1,Mountaineer wins a fellowship to study how climate change may affect the role of mountains as global carbon sinks,797347062560018432
1,Donald Trump doesn't believe in climate change — here are 16 irrefutable signs it's real,797351243479977985
0,You want climate change? I will melt the earth. You want love? I will melt your heart.,797351733357707264
1,i guess we should just give up on climate change now since we're not even gonna try. its over. the world is done.,797352768717647872
1,Is this deal to fight climate change too late?,797354680191975424
1,We need more climate change warriors like Naomi Klein #auspol,797355807188914176
0,Interviewer: 'What do you think about global warming?,797357830957318144
1,"With Trump as president, China—China!—will be the world's biggest champion of fighting climate change",797361362242412544
1,Human activities as agriculture & deforestation contribute 2 the proliferation of greenhouse gases that cause climate change.,797361861410910208
-1,These global warming crackpots have lost it! Join us & enlist at . Patriot central awaits.,797362047352733697
1,US Alumni in Pakistan are discussing climate change this weekend - Dr. Ramay #ActOnClimate,797364148023730176
1,Fact: theman who said climate change was a 'Chinese hoax' now President elect of USA . Facty enough for you?,797367157801754624
1,Dr. Najam Khurshid speakaing about climate change education.,797370181391708161
1,How many of you actually accept climate change as a fact?,797371034575966208
1,Hunzai shares how GB practices collective action for climate change #ClimateCounts #ActOnClimate #COP22,797371766318436353
1,It's 91 degrees in mid-November and the president-elect wants to cut 100 billion dollars in federal climate change spending,797373177772920832
1,United in the fight against climate change. Take the pledge #COP22 #EarthtoMarrakesh,797374576179159041
-1,the cost of climate change is minimal compared to your attacks on working pols wages and conditions,797375475270045696
1,Is climate change a security threat? Debate underway in session #ClimateCounts #ActOnClimate #COP22,797376209776689152
0,Starting with the 2nd day meeting: Med journalists talking on climate change reporting #MedGreenJournalism COP22,797377094523166720
1,How does climate change affect economies?,797379095638245376
1,Ideas on climate change #ClimateCounts,797381476476186624
1,"WOW: ""You and your friends will die of old age and I'm going to die from climate change.""",797382627967778816
1,Four things you can do to stop Donald Trump from making climate change worse,797383488622235648
1,Why do we not have journalists on topics such as environment and climate change? #climatecounts,797383560453820417
1,climate change *will* screw with whatever we try next,797384114743771137
1,Can't believe we have to waste time convincing people climate change is real.,797387598146605056
1,China warns Trump against abandoning climate change deal Against the wishes of the whole planet!,797391783776911360
1,"EU-bashing by tabloids driven by pro-fracking climate change denial lobby, add Trump=disaster",797395709339332608
1,"#Trump has selected Myron Ebell, a climate change and global warming skeptic, to lead the transition team.",797399603708456960
1,I see #bbcdateline have invited a Russian climate change denier on to defend Donald Trump. Sometimes 'balance' goes too far.,797402294769909760
1,"Yes, please dolisten to Branson. He supports gas as part of the logical solution to climate change. Listen to ALL his ideas",797404161201545216
1,COP22/OceansDay/Mauritius: Africa needs to develop ocean economies and factor in climate change impacts #envcomm #cop22_ieca,797406270605107200
0,I'm on board... climate change nerds are always fun to trounce,797406912862126080
1,Climate change deniers be gone! Lisa MacKenzie explores the facts on global warming,797407009754796033
1,"I'm worried for our planet, Trump will do nothing for climate change",797407390052352004
1,Global climate change has already impacted every aspect of life on Earth,797408665942757376
0,Shared feeding cannot be by climate change whitout a common human defense.,797409968542650368
1,COP22: Africa hit hardest by climate change - #Africa #ClimateChange,797409995738517504
0,Donald Trump: Get Elon Musk to meet with Donald Trump and discuss climate change and renewable energy via,797410579375882240
1,"'Contrarian' is a cuddly words . FFS. Call him what he is: A climate change denier. Sound an alarm, FFS.",797410707084050432
1,News from HBR The business world recognizes the tremendous threat of climate change.,797410888793919489
1,"Global warming and climate change isn't real, so fuck the earth amiright??",797413965513031680
1,When even a lil birdie knows only Bernie will fight to delay global warming and protect her home #Birdies4Sanders,797415271325638656
1,One fifth of the worlds coal burning plants are in the USA. Trump is bringing back coal. Republicans deny global warming science. Brilliant!,797415873472503813
1,#ParisAgreement is now in force but action is still needed to help the most vulnerable adapt to climate change.,797416898560462848
1,Our followers say stopping global warming is a top priority in the future. How can technology fight climate change?,797418200543723520
1,The business world recognizes the tremendous threat of climate change. They need to make that perspective heard,797419109952720896
1,"A guy who gets his money from coal, conveniently denies climate change. Now he's heading up Trump EPA transition.",797421882110865409
0,Do you believe that global warming is a hoax?,797425166380888064
0,Do you believe in climate change?,797425960450715648
1,"If RNC allows dismantling of climate change work, Americans will not be happy and heads will roll. Just sayin.",797427808414945280
1,especially with a President-elect and staff full of climate change deniers/diversity non-believers in White House,797431051664687104
1,"Meat production is a leading cause of climate change, water waste, and deforestation. #GoVegan!",797431613906972672
1,. i really wish climate change wasn't real but i'm afraid it is. please help. the world would be so grateful.,797431688707964928
1,Astralaga: we should shall strive to implement policies/measures to minimize climate change and negative affects of int.,797435000346071040
1,"well, just remember that the next prez thinks climate change is a hoax created by the Chinese, so that's your starting point.",797435039927726081
0,Would you bare back a polar bear to stop global warming?,797437130553327616
1,why is illegal immigration talked about more than global warming :a,797438658517331969
1,"Simple. I believe in climate change, a woman's right to choose, gun safety & the wealthy paying their fair share.",797439971544236036
1,"Next EPA chief does not believe in climate change, aligned with coal industry (cmts )",797442141412880384
1,"#hacker_news Next EPA chief does not believe in climate change, aligned with coal industry",797446031495471104
1,An ingenious solution to climate change - turn CO2 into fuel HT,797449617742958592
1,"#IVotedBecause I believe in equality, we need comprehensive immigration reform, I am pro-choice and global warming IS real.",797453609910665221
1,These white racists care more about being called mayo on twitter than global warming.,797456618011115520
1,Not necessarily stupid. Might need to get used to eating bugs as ravages of climate change mount.,797458625761517568
1,"I have no choice and had no vote, but will suffer under his climate change policies. Why is Obama bad?",797462905935400960
1,Donald Trump repeatedly publicly stated he believes climate change is a myth invented by the Chinese.,797465265818705920
1,The world is watching. It’s time to stand together against climate change. Join our Thunderclap >>,797466682394431488
1,The Obama administration has done nothing meaningful to stop global warming (signing Paris does not count).,797468412544827394
0,China warns Trump on climate change BUT Obama gave China green light for 100's of additional coal fired plants!,797471698169790464
1,climate change is affecting us NOW and I fear the president elect doesn't take any of it seriously.,797477242943270912
1,Blaming for #ModiSurgicalStrikeonCommonMan is like blaming sun for global warming.,797477355493044224
1,"Dems MUST fight 2 end income inequality, raise min wage, battle climate change, safe gun cntrl, justice reform, state&fed level w/o GOP",797480211663245313
1,"Al Gore cared about climate change, and Obama, and Hillary care. Caring isnt doing anything",797482704543551488
1,climate change is real please promote renewable energy instead of coal and make this world great again.,797487279648358400
1,"For the EPA (Environmental Protection Agency), Trump named climate change denier Martin Ebell",797488642944069632
1,"ok a climate change denier heading the EPA is AWFUL, but what's that shade of lip stain my dude",797493734711685120
0,Leonardo DiCaprio the guy UN chose for global warming Ain't seen often on social media He doesn't transmit STD Still he isn't seen,797500735579533312
1,"So the most powerful person on Earth will be a climate change denying, temperamental psychopath. We're completely fucked",797501338712154113
0,'China warns Trump against abandoning climate change deal!' China not reducing emissions! Only we are.,797501403530928129
-1,'I'm going to die from climate change.,797501911054356480
1,& it took >100 mill yrs to buildup! Releasing this stored C in less than 200 yrs = climate change. Plnting more plts gd 4 C uptake!,797502655308308482
1,You know it's going to be a good 4 years when Trump's head of the Environment doesn't believe in climate change.,797504440412569601
1,We're united in the fight against climate change!,797504471219707906
0,disbelief in global warming and overall personality.,797507445396480000
1,World: Upside Down China warns Trump against abandoning climate change deal,797508610427420676
1,"Trump has spouted misogynistic, racist, xenophobic & climate change-denying views every step of the way.",797509140201480194
0,He implied I was a climate change denier then blocked me after he said he's always happy to talk science.,797511645102796800
-1,"It's freezing outside, where the hell is 'global warming'??",797512765401223169
1,America is about to become the only country in the world with a leader who doesn't think global warming is real.,797512854270312448
0,Think Trump is right and climate change is a hoax?,797514582508138496
1,the solution the correcting climate change is simple: go vegan,797517763019505664
1,I kinda want this country to be around so yeah climate change is a top priority for me,797519552385085440
1,"ok a climate change denier heading the EPA is AWFUL, but what's that shade of lip stain my dude",797520432371011584
1,"There is optimism in the fight against climate change, but the best time to act is now.",797524885270630400
1,big petroleum companies are paying congressmen/other high level politicians millions. why?most likely to denounce climate change,797525364956217344
1,These young people taking the US to court on climate change are heroically brave,797526713550962688
1,It's official: The guy in charge of Trump's climate policy doesn't think climate change is real. God help us.,797527351324246016
1,People who care about climate change: one of the biggest factors a person has personal control over is eating vegan.,797531879419375616
1,"i can't believe i am saying this , but ISIS plzzz kill trump or he will kill us all , he doesn't belive in #climate change plzz do us a fav",797537869380415488
-1,Even Arab newsmen mock BHO's global warming screed ... This is hilarious.,797537891287269376
1,But crybaby wants a seawall in Scotland because of climate change,797542845670428672
1,9 things to know about Donald Trump's climate change denier-in-chief,797543941004529665
0,"Hey girl, are you climate change? Because I'm going to ignore you until you fuck me.",797548185111642112
0,Ecologist Todd Dawson describes how redwoods use fog & how drought & climate change impact forests.,797553946197753856
1,"100 times more carbon than tropical forests, peatlands matter in the fight against climate change via",797557415575224320
1,For anyone teaching about climate change and the environment!,797561121406259200
1,"After the oil industry. Companies like H&M, Forever21, & Zara are contributing to global warming at an alarming rate, releasing seasonal 5/",797564951309283328
1,"if global warming gets to that point, what will happen to the rest of earth ?",797568728632328197
1,The Indy's front page is unreal. Scientists prepare to explain to president elect that climate change is real. FFS.,797570180981334016
-1,The death of the climate change scam is just more icing on the cake.,797573216596361220
1,Burning rain forests has one of the largest impacts to climate change,797574687186415616
1,"I suppose, but I'm incredibly trepidatious about what Trump will do when faced with challenge. Also, climate change.",797579177025212416
1,"If any government that pretended to be serious about climate change action really were, fracking would be illegal.",797579269777985536
0,Interviewer: 'What do you think about global warming?,797579301138956288
1,I just read that Trump has hired a 'Climate Change Denier'. Seriously?,797579909858095104
1,"Meat production is a leading cause of climate change, water waste, and deforestation.",797580984786919425
1,America's children have officially won the right to sue their government over global warming. #earth #justice,797581035668209664
1,"Animals all over have been showing signs of distress, environmental devastation. climate change is real.",797581465848582144
1,How can Florida vote for someone who doesn't believe in global warming?.. y'all people's houses one inch above sea level,797581516205277184
0,A SciFi author explains why we won't solve global warming.,797581544567242757
1,Three things business can do to fight climate change under a Trump administration,797583648744574976
1,"When equality, #LGBT rights, and any plans to combat global warming will no longer exist on your home planet",797584820574552064
1,Of course this idiotic cheeto puff thinks global warming is a hoax. #trumpisanidiot,797591848185397248
1,climate change. We aren't doing enough.,797598498740981760
-1,"As this article points out, there hasn't been any global warming in the last 15 years: #climate",797607953960497152
1,The world is waking up -- let's spark a massive movement to stop climate change. Join me and support,797608453472534528
1,Enjoy your new climate change denier EPA administrator. 'Keep it in the ground!' HAHAHAHAHAHA!,797609135055499264
1,"Seagrass meadows, saltmarsh and mangrove forests are a powerful climate change solution.",797611773377515520
-1,climate change is a hoax to line the pockets of the degenerates in Washington. Trump is draining the swamp! #maga,797612501613637632
1,"Instead of taking action, we're STILL arguing about whether or not climate change is even real.",797614750125457408
1,"GOP control in one state is not the same in another. In other words, climate change in IN is not the same worry as in FL.",797616647448035328
1,Trump hired a climate change denier - someone who claims climate change is a hoax - to lead the EPA! #myronebell.,797619783910965248
0,So how's that global warming thing going? I see: not important.,797624469200089088
1,Can't wait to start#TheGreatDerangement on #climate change #ClimateChangeIsReal,797631639815913472
1,How did climate change ever become a 'Liberal' issue?,797633376270172161
1,The World right now: #China warns #Trump not to abandon climate deal but he thinks Beijing invented climate change.,797637080675254272
1,China calls Trump's plan to exit climate change pact ludicrous. China! Let that sink in.,797639112056373248
1,Participant's messages on climate change #climatecounts #cop22 #ActOnClimate,797641753100713984
1,And played a key role in electing a climate change denier who will fry the planet. Well done Julian.,797642290915262464
1,The US has the most people that believe in angels in the world. Yet global warming is too ridiculous of a concept for our new leaders,797647451658321920
-1,climate change is a hoax to line the pockets of the degenerates in Washington. Trump is draining the swamp! #maga,797612501613637632
-1,"oh didn't you hear, global warming also causes cooling in other areas??? Lmao off. The climate changes period",797659772942163968
-1,SOS Kerry after he signed. Under the guise of climate change on our tax $.,797667259200208896
-1,"Give me clean, beautiful and healthy air - not the same old climate change (global warming) bullshit!",797671667636039681
-1,I thought the climate change alarmists said we would all be snow free by now,797691523043303424
-1,Another global warming argument bites the dust: No Increase in Global Drought Over Past 30 Yrs: #ClimateScam #PJNet,797698229101957120
-1,there is no global warming but milankovitch cycles. You cant stop global warming but you have to survive,797753143761072128
-1,"It's freezing outside, where the hell is 'global warming'??",797761360918671360
-1,"100 years ago, the father of global warming said Siberia would become the greatest farming country on Earth.",797817044737495041
-1,Good. Man made global warming is the biggest hoax ever perpetrated #ClimateScam,797868962281230336
-1,State of Fear by Michael Crichton is good about global warming,797883591392829440
-1,Why does the Left refuse/fear to debate the science of Global cooling/global warming/now climate change?,797897952798720000
-1,"Steve Bannon means bye bye to the climate change scheme we're spending $22,000,000,000 a year on for 'research'",797950185250885632
-1,"climate change is real, but the cause are not humans. The cause may be outside our solar system.. other planets are heating also.. #planetx",797951803757391872
-1,Lib headlines...we're crashing into da moon..global warming spells doom...😂🤣😃😄😄😃🤣,797953202335391744
-1,It's not. Man made climate change isn't real at all lol.,797953250779500544
-1,"Definitely caused by global warming. Quick, hand over all your money!",797994924377456641
-1,if global warming is real why change the name to climate change? The weather changes naturally doesn't it?,798041079136194560
-1,The concept of global warming was created by and for the Chinese in order to make U.S. manufacturing non-competitive.,798092009072246784
-1,"Wonderful Trump appoints the charming, clever, sane Myron Ebell to take on the global warming charlatans. Hurrah!!!",798151452111892480
-1,if you believe in climate change then you are the biggest jackass in America' loool,798176473702137856
-1,"1: even if climate change is true, how much control & power must be amassed to centrally combat such a 'scourge?'",798193454002139137
-1,hey a bunch of snowflakes who don't like global warming because snowflakes melt under the slightest bit of heat,798221025007828996
-1,Anna cant tell if ur serious but global warming was proven 2 be a hoax in 2009.🌍🔥,798230509176418305
-1,"Trump should do that as 'climate change-global warming' is a huge Fraud.

Watch for our new article in 2 weeks!",798291734014951429
-1,climate change is bullshit. Cofounder of Greenpeace even said he was wrong.,798320702583664640
-1,Great news! Anything Chomsky & his band of global warming Marxists disagree with is good for America & freedom.,798321809196257280
-1,Good. Becuase it's not happening anyway. Which is why they stopped using it. It's now climate change.,798322917385744384
-1,Mikey here.The global warming myth was started by menopausal women. Condoms however did kill the barrier reef.,798333326708899840
-1,Anyone else tired of militant gay agenda & man made global warming fantasy being shoved down our throats on,798345909817864192
-1,"The kids suing the government over climate change are our best hope now' @Slate
For years I've said... w/ kids like these, we have no hope.",798355189459656704
-1,"Oh please. If you are so sure of global warming, why do you stifle and ban research into other hypothesis?",798365800965017601
-1,"#ScienceCelebs think humans cause global warming. Next the #libtards will say we cause animal extinctions, too. #UnicornsAreReal #Snowflakes",798411914560831488
-1,Confirmed: NASA invented global warming by tampering raw temperature records. #tcot #p2,798459033678069760
-1,There has been no statistically significant global warming in about 17 years. #climate,798502908975255552
-1,fighting climate change is ridiculous. Climate changes so figure out how to survive it for fuck sake.,798543013534429184
-1,I went outside today and it was quite chilly! What happened to so-called global warming? It just local warming? #JustAsking #Science #MAGA,798583004549574656
-1,I don't think you got the memo that you're not allowed to say anything positive about climate change.,798599490059968513
-1,hey dumbfucks climate change is a hoax n we trump supporters will stop you from protesting drilling. We'll put up a wall guns,798613824274190336
-1,Hey liberals the climate change crap is a hoax that ties to #Agenda2030.,798654846039531520
-1,Now the UN & other globalists tell America the AGW climate change hoax is unstoppable. Guess we will see about that.,798711632570548225
-1,"To all the global warming conspiracy theorists , lol.",798788431794974720
-1,Al Gore is a fraud and refuses to debate global warming,798806647204253697
-1,"Unfortunately the global warming hysteria, as I see it, is driven by politics more than by science.
 -Freeman Dyson
.,",798824690189860868
-1,"Jim Pfaff: 30,000 Scientists say catastrophic man-made global warming is a HOAX",798841430227570689
-1,President Trump will expose your lies and agenda to bilk the people with fake climate change! You will be caught!!!,798880592515448832
-1,"don't tell the global warming people this! Nature at work on its own. Wow, what a concept! Yes,CO2 had left a print",798903307498622977
-1,Wake up about man-made life ending climate change. Its just false science. Fabricated big business for decades. Delphi Principle. Look it up,798921178844954624
-1,#TEAParty Lord Monckton shows IPCC Pachauri is dishonest about global warming after being corrected,798945764298919937
-1,SHUT UP joy....climate change is a hoax & if ur dumb enuf believe its a problem...ur really stupid #ClimateChangeHOAX,798953848903729153
-1,Trudeau is injecting climate change fear to people by taxing us.,799017780527976448
-1,Let the wailing begin: ‘Moral values influence level of climate change action’,799034361777569793
-1,"'Climate criminal.' So, are they sending the Weatherstapo for him? These global warming scam fanatics are the worst.",799034963123310592
-1,This is the cause of population everywhere. Not 'climate change' gov irresponsible dumping. Oil spills etc.,799103555412066304
-1,gr8 quote! Realised 'climate change' argument is designed to divide as this is true regardless.,799107785115910144
-1,BBC News concentrates on Trump & global warming with great negativity. Trump will out the GW liars & engage sensible science.,799144305118023680
-1,Al Gore and cronies continue getting richer from the global warming hoax,799200148366639104
-1,Doubt he'll be so convinced about global warming after visiting Embra. #leowatch,799232903603372032
-1,No one with a brain who is honest believes man made global climate change.,799242378032844800
-1,They probably just created it to ruin our economy...like global warming.,799255037075714050
-1,There is no global warming there are scientists who can prove it,799284375452000256
-1,"'for the last four decades the global warming industry has been almost wholly under the control of crooks, liars, ....'",799388588982956032
-1,"There is sience to back that climate change is a hoax, but political correctness can't abide by that.",799453030269612035
-1,climate change isn't real though,799459561014890496
-1,"#Climategate, the sequel - How we are STILL being tricked with flawed data on global warming",799579291596050432
-1,not sure UR buying (( #GOVT #PUSH )) on global warming / climate change / whatever is next to call it,799587877873188864
-1,Hey democrats let's drop the global warming bs ok even ur extremely liberal news channel is against it..fake af,799675843828072449
-1,Obamas fiddled global warming data: *Shamelessly Manipulated* - #ClimateScam #GreenScam #TeaParty #tcot #PJNet,799697009489756160
-1,Top Russian Scientist: ‘fear a deep temperature drop — not global warming’ #climatechange #environment,799715246520664065
-1,PITIFUL! These ‘instructions’ for climate change protest against Trump’s EPA pick read like stereo instructions,799730268026314752
-1,"Before you sit for a lecture about climate change from a california liberal, take a look at the job they're doing.",799785509123977216
-1,There's more than enough climate change money to pay for all of Trump's programs.,799799225924153345
-1,No it doesn't. It's a Chinese myth like climate change.,799811624710393856
-1,WattsUpWithThat: Corals survived massive Caribbean climate change – likely to do so again,799827606619246592
-1,"The, 'world problem' of global warming is that people are sold there's global warming. #RedEye",799889696700690432
-1,I agree brother. Ask any kid today what he thinks about man made climate change? 30 years of #liberal education.,799919278489145344
-1,"What a joke, does believe in man made climate change?
Another lie and fraud by Johnson I think #NAD",800029592375488512
-1,"The greatest danger to America is not ISIS, Russia, or climate change--it's Barack HUSSEIN Obama.",800032832949288962
-1,you kooks...climate change is s hoax. What good is raising taxes going to do to control the weather?,800050571139022848
-1,A bunch of Oxford elitists want to tax the food of poor people because 'climate change'. How about fuck off instead?,800067137612058624
-1,"didn't even read it, going to assume it's about global warming
climate alarmists are anti-science, it has become a religion",800112115218456576
-1,you believe in the global warming hoax?,800137909353512964
-1,"Over past decade, global temps hv not increased; global warming has ceased & signs of future deep temp drop.",800141266314989568
-1,Facts: 'man made' climate change is the hoax. No macro evolution only micro. Sexual identity developed between ages 3-7.,800170796018728960
-1,"Oh I do. I do. If it's cold, that's weather. If it's hot, that's climate change.",800296214021492736
-1,nuclear war is a bigger danger than climate change,800318494357143553
-1,Just found this. An environmental cover-up to substantiate the global warming narrative?,800342209488764929
-1,Trump's election won't stop deceitful climate change propaganda,800420619300970496
-1,"If lefties weren't always melting down, how might that effect global warming?",800439575978082304
-1,Climate change (proven). Man-made global warming (unproven). Separate fact from fiction at .,800483792477523969
-1,"I'll start believing in global warming the day my feet, Michigan's polar icecaps, begin to feel again.",800524859101114369
-1,climate change one big money making scam. I'd love Trump to expose the whole thing,800594512234037248
-1,The concept of global warming was created by and for the Chinese in order to make U.S. manufacturing non-competitive.,800616532560805889
-1,There has been no statistically significant global warming in about 17 years. #climate,800696309825081344
-1,"Lost jobs, higher energy prices: The true cost of Obama's climate change crusade.",800772604999200768
-1,You mean global warming really IS fake?,801075868319760384
-1,The REAL FAKE NEWS exposed: '97% of scientists agree on climate change' is an engineered hoax..,801146723670310912
-1,The people who predicted parts of Manhattan would be underwater by 2008 due to climate change are concerned about 'fake…,801231880720879617
-1,'Trump veers off script on climate change.' It's just one reversal after another. Alt right are suckers. Trump = Obama 2.0,801435485814059008
-1,"there has always been global warming and cooling , man has nothing to do with either",801445564231598080
-1,MSM (fake news) spun Trump's comments on global warming to try to drive a wedge between him & supportes.,801457494992293888
-1,You are told that the world will be destroyed by global warming unless you accept crushing taxation and government control over your life.,801461240396742656
-1,"Media falsely spins Trump's NYT climate comments - #Trump cited Climategate, restated skepticism of 'global warming'",801553912377593858
-1,Siberian Snow Theory Points to an Early and Cold Winter in U.S. via @business So much for global warming!,801655836573474816
-1,"It's freezing outside, where the hell is 'global warming'??",801758761199210496
-1,When will people understand this about globalism & not global warming. Enlist ---->. Act!!,801889883472142336
-1,The climate change 'consensus' basically means everyone being paid to find climate change has concluded the climate is ch…,801933057477341185
-1,Researchers find Antarctic Sea Ice has not 'shrunk' in '100 years' so much for the great global warming hoax,801952281604292608
-1,FORKED-TONGUE: Candidate Jill Stein 'My AG will prosecute Exxon for lying to the world about climate change.' She i…,802220526701834241
-1,"the biggest threat to our country is the southern border, not climate change. THATS why Trump won",802271277318803457
-1,A story of intimidation and censorship: The great global warming swindle @YouTube #ClimateScam #tcot #PJNet,802380550883262464
-1,and so now I'm burning a tire in my back yard. Sending smoke signal 'man made climate change is merely a tax.',802413535397457920
-1,Global warming data FAKED by gov't to fit climate change fictions #ClimateHoax #FakeNews,802648832714702848
-1,Tell that to the zealots of climate change here in Ontario. Huge waste of borrowed money x3 elec costs. Brutal,802724110396600320
-1,gonna tell adrean this proves global warming don't exist,802770176508731392
-1,I am so happy he is not going to cater to the climate change alarmists.,802853096405733376
-1,Trump turns out to be much more knowledgeable about 'climate change' than anyone was giving him credit for.,802990783422984192
-1,Today's global threat is NOT 'global warming'! It is SOROS & son #crookedcli…,803093033008951296
-1,More proof of liberal scam called 'global warming.' Climate change? Sure. Climate has ALWAYS changed!,803287336683343872
-1,This early winter weather is fantastic. Seasons beautifully crafted and consistent. The fuss of man made climate change painfully academic.,803555792796446721
-1,"I guess CNN considers #Gatlinburg to be fake news. You know if it was caused by 'climate change' and not an arsonist, th…",803647849816817664
-1,"Hey , you are off the hook. It's due to boredom not climate change. We found the culprit!",803896259308298240
-1,Weren't we all supposed to have drowned from global warming like 10 years ago or something? #EndClimateHysteria,803982658288156676
-1,The climate change theory is so flawed it doesn't withstand the tiniest amount of scrutiny,803998441105932288
-1,souch for global warming or whatever the hell they call it.,804171275128242176
-1,"If you still think global warming is real, time for 'waky waky...'",804175280491335680
-1,i.e. fuck-all to do with 'global warming'.,804296392571322369
-1,I swear every single 'climate change' video I find has comments disabled. `The debate is over because we'd lose if we had on…,804435673679876097
-1,I am so sick hearing about climate change from this government. It is simply an easy file or do we not have other issue…,804542117821304833
-1,"If the 'solution' to 'climate change' was lower taxes, smaller government, and more freedom, would leftists still be intere…",804713266626916357
-1,And miss me with that fake ass global warming.,804794933978824704
-1,"Who are you gonna believe, the global warming lobby or your own lying eyes?",804810897805848576
-1,"One example was New York's gov. declaring that Sandy was a response to climate change, with no clear evidence.",804849040714240001
-1,"I don't believe global warming/cooling can be affected by man, but SCIENCE is never vile, lying #antisemitic",804931793052901376
-1,"And here the lefties either deny what is going on, or blame it on the invasion of Iraq, and global warming.",805029099966238720
-1,Russian haven't got time for your climate change bullshit.,805092190347231232
-1,"SHOCK: The ‘Father of global warming’, James Hansen, dials back alarm #thedailybulletin",805191843558391808
-1,"SHOCK: The 'Father of global warming', James Hansen, dials back alarm #FAKEGlobalWarming",805499713944506368
-1,Now over 60% of scientists do not conclude there is a global warming crisis.,805502461519634433
-1,our liberal global warming asshole lawmakers are regulating shit unnecessarily.,805510148152246272
-1,1970's coming ice age scam caused global warming which caused climate change which caused the climate disruption th…,805511683359682560
-1,My unhappy life as a climate heretic via @WSJ // Is global warming science? Or ideology?,805577530396803073
-1,Come on china enough of your global warming conspiracies!!!!,805592002477821952
-1,It requires even more lies to support the global warming lie. Enlist in the USFA at .,805598397176680449
-1,about as scientific as climate change!,805812499576659968
-1,"I don't recall Obama's team meeting with climate change skeptics, yet the news will tell you that we're the 'intole…",805818490867347456
-1,"Al Gore is a scam artist, I sure hope Trump can bury this climate change nonsense once and for all.",805852962215993344
-1,promised for my vote that climate change was junk science. Now he's talking to Al Gore? OH HELL NO!! Not what I voted for!,805877614300819456
-1,Al Gore wasn't seeking common ground during 8 yrs of Obama. Was jamming global warming junk science down our throats,805983423940689920
-1,LIBERALS are in panic mode! Obama is freaking out! NASA proves global warming is NOT REAL!,805994983337627648
-1,climate change with mankind as the main culprit has always been a huge joke. Solar influence is a main player never gets mentioned,806028335751036928
-1,Here's a pic of arctic ice proving climate change... Not falling for it. Hillary is sex trafficking out of a pizza parlor.…,806053044525944832
-1,"If man-made global warming is fact, why do you have to fake data to support it?",806063164156579840
-1,DON'T FALL FOR GLOBAL WARMING !! ->What's going on between Ivanka Trump & global warming guru Gore?,806076312884375552
-1,NEXT Bill Cunningham and weigh in on the left and media talking about “fake news” and climate change #Hann…,806082908574380032
-1,"Piers Corbyn on REAL story about global warming, biggest scam of the century",806190212376330240
-1,"Tree-huggin’ hippie! Man walking BAREFOOT across America to protest climate change, ‘save the earth’",806210372004880385
-1,Not one penny to 'prevent' global warming. It's a wealth-distribution scam of the commies.,806217928576290816
-1,climate change is a bullshit concept that means poor ppl bear the taxes to clean up rich people's water.,806219401246756864
-1,"According the democrats climate change is a bigger threat than ISIS. Yes, this is the modern day Democratic Party.",806233496305995776
-1,never have denied climate change - just point out there was once 2.5 miles of ice atop us & NO evidence of them hav…,806234888533934081
-1,The priority for most Africans is getting food into empty tummies. Everything else pales into insignificance. #STFU about climate change,806284327730417665
-1,Antarctic ice at record high levels. Scientists cannot explain the expanding ice with fabled 'global warming'.…,806323655999418368
-1,the great global warming swindle,806444969141633024
-1,What if we think pizzagate hysteria and climate change hysteria are both irrational?,806490473087008768
-1,Guy who claimed 'climate change is a barrage of intergalactic ballistic missiles' now calls for 'less emphasis on “…,806542577210183680
-1,I never said climate change is not happening nor do I disagree with its existence but the reasons are open to question. #Listen,806557058145390593
-1,End to global warming scam in sight.,806602596756705285
-1,Everyone believes in climate change. Only progressives think it started 100 years ago.,806603414272622593
-1,"In case you worried about Trump meeting Al Gore, he just tapped a major manmade climate change denier to head the EPA. Lib…",806621935572434944
-1,I'm in North Dakota in the oil boom. It's -25 and snowing. No sign of global warming up this way lol 😂,806631610875514880
-1,Almost tempted to watch CNN tonight just to watch them lose their minds over fact Trump just nominated a climate change sk…,806632412759343105
-1,I see you and all your climate change cronies r still riding n flying gas guzzlers. Lying Hypocrites!,806640641329479684
-1,Trump picks someone to head up the EPA who has the nerve to question the veracity of global warming. That's just awesome…,806650081747337216
-1,Global Warming: Myth of global warming essay papers,806658189131272192
-1,They'll tell you theyre doing it to save you from global warming. Theyre lying #OpChemtrails,806723164554207234
-1,"Instead, the global warming you falsely believe in should not be your fate, but, a nuclear winter is all but inevitable if you tear down USA",806745648166907904
-1,That's nice. Before the libs branded it climate change it was better known as weather.,806751410217852928
-1,just like the irrational church of climate change persecutes skeptics today.,806762113116950529
-1,"does this snowflake drive a car? Blow dry her hair, while preaching global warming?",806778617174728707
-1,"Obama blames ISIS on climate change, guns & George Bush. If we could all just follow his model in Chicago.... #ObamaLegacy",806815326679789568
-1,"'Florida is not suffering from sea-level rise..,but from subsidence (sinking) of land, unrelated to global warming…",806865883079516160
-1,Van Jones - A radical Communist who hates whites and wants to push climate change to increase…,806881500029329408
-1,"chill - global warming luckily doesn't exist any more, so it's a zero sum game",806893608016166912
-1,Our scientists are working on settling mars and you still believe in climate change???,806907999126110208
-1,"funny you believe bullshit science on climate change, but not the science that a fetus is actually a living human! 1/2",806931191593050112
-1,have the thing is climate change is cyclical,806943342634340353
-1,How is Al Gore still a thing? If you predict the earth will end in 2012 bc of climate change and instead nothing changes at all ur done.,806976478047076352
-1,"Gina McCarthy was completely unqualified and incompetent, but she supported the global warming scam - and that made…",806987173232660480
-1,"I got your point, it is still stupid. It is absurd to make every tornado, hurricane etc result of man made climate change.",806988922081394688
-1,the only global warming is all the B.S. From the potus hot air he's blowing out his pie hole and…,807000917170069504
-1,.#Trump just appointed a 'climate change' skeptic. Thank goodness! Another one who attended 7th grade science & lea…,807003527037874176
-1,fake news and Not global warming like you and sanders kept harping about when ISIS is a big problem?,807010616028250112
-1,there's plenty of evidence to be skeptical over climate change.,807011520337113088
-1,"everything is global warming, even snow. Even global cooling would be global warming. Silly Sinc.",807053930186186752
-1,"dont waste your time, climate change is a hoax",807079239027658752
-1,the fraud & cult of 'climate change' is the scariest thing going today...real 'Stepford Wife/'Children of the Corn' type stuff,807080179088560128
-1,Don't worry about climate change...here's a secret. It's a hoax to tax us according to our carbon footprint. It's complete BS!,807096974428123136
-1,"Yep, and using 'the fight against climate change' to redistribute western wealth to the n…",807121835506749440
-1,"The latest globalist witch hunt is on as NYT declared incoming EPA head, Scott Pruitt, a “climate change denialist.”",807136500039225351
-1,Comparing climate change denial to being a segregationist. You are a vicious monster. You and Camarotta are demonic.,807176375291486208
-1,"That's great news,the EPA is a corrupt&criminal New World order operative 4 communism,&climate change believers lik…",807180882054418432
-1,Fake news is when you say man is causing global warming and $15 min wage doesn't cost jobs. You libs are clueless!!,807183149755232256
-1,"Nice try, . The term 'climate change denier' is pure propaganda. How about we start calling pro-abortionis…",807187826391584768
-1,"CBC should give the climate change song a break Climate is dynamic Solar Grand Minimum approaching,not global-warmi…",807240463296196608
-1,"Hopefully, no global warming alarmists got frostbite via @dailycaller",807247884618006528
-1,I know global warming isn't real bc my driveway is covered in snow #checkmate but can u come shovel it for me,807257203153453056
-1,"Surprise TRUTH about global warming revealed, liberals SILENT… AllenWest Surp…",807270298655617025
-1,#Trudeau gov now admitting long term climate change strategy may include burning tax $$$ to buy carbon credits.,807272260302229504
-1,Cheers! Trump's Interior secretary doesn't want to combat climate change via @MotherJones,807308408852344832
-1,"The science of climate change goes back 160 years, much longer than the bogus 20 you quote for Mr. Gore. Read some science.",807313138223816704
-1,Shitlibs & their $masters losing their shit over EPA pick bc he will expose the 'climate change' taxpayer scam & redirect funds efficiently,807334575059910656
-1,"Engineering the climate, then blaming you for global warming #CarbonTax #ROCKYMOUNTAINS #OpChemtr…",807378059925987328
-1,Hey Obama if global warming is real how come its so cold outside,807401649002205184
-1,Of course Al Gore announces a new global warming movie as the US gets an Arctic blast. #GoreEffect,807462840386785281
-1,We don't 'believe' in gravity. It is a predictable force.... in contrast to climate change which is not predictable…,807475385806061568
-1,That's why the Hollywood elites & climate change millionaires are buying ocean front property. Give me a break.,807481063593349121
-1,Does our Prime Minister really believe that global warming happened in 2016. Please tell him that it started 300 years ago.,807538201787187201
-1,Gore is scamming more money from climate fools. Al Gore's climate change film An Inconvenient Truth gets a sequel,807566109855645696
-1,"When it's cold, it's global warming. When it's hot, it's global warming. #liars",807575305481109505
-1,"It's not denial, it's FACT. Show me your scientific evidence that global warming is man made and I'll apologize for…",807597083700187136
-1,Still did not dawn on them that their settled science of global warming could be wrong,807675864565452800
-1,"Agree, but you will rally (distract) Republicans if you make this a referendum about climate change hysteria.",807700126806511616
-1,Al Gore confronts little girl who says climate change is bullshit!,807877166549454848
-1,The real 'inconvenient truth' about climate change!,807882788166844416
1,Some hope for the future. Judge rules youth can sue over climate change. #NoDAPL #BanFracking,797648905995505664
1,"We can't understand the reality of man-caused climate change without understanding all of the various factors: physics, chemistry, geography",797648915457683456
1,"Heading to session climate change, security and diplomacy :building bridges for peoples and nations #climatecounts",797648988811956229
1,More action against global warming and pollution #WouldMakeMeFeelSafe,797654207507501056
1,"'[We will] continue to confront the existential threat of our time — devastating climate change,'",797661684856782848
1,"Putting climate change deniers aside for now — even if you say after Trump’s over they can sign again, the momentum will be lost.",797667235883937792
1,Hillary would have tackled climate change which you claim is everything to you. Donald doesn't give half a,797676130694266880
1,. changing climate change and hunger begins with education. New . Whole School Approach. Ten countries meet in Dakar,797679168687341568
1,Agriculture victim of and solution to climate change,797694249986756609
1,Individuals should volunteer to the couse of reducing climate change effects. #ClimateCounts #PUANConference,797696142599405568
1,When a large percentage of the country believes climate change is a hoax but listens to the invisible man in the sky,797703759044444160
1,"There is optimism in the fight against climate change, but the best time to act is now.",797705895740403712
1,We will be the only developed nation in the world led by a climate change denier.,797708263034798080
1,"'Let's give the next generation agriculture that protects soil, promotes biodiversity, fights climate change. -K.",797709223723409408
1,Addressing climate change – unprecedented biz opportunity. #LESC22 .,797715589661794304
1,"be formal or informal, find solution for climate change #ClimateCounts #COP22",797716521229385729
1,"#IVotedBecause I believe in equality, we need comprehensive immigration reform, I am pro-choice and global warming IS real.",797719021441454080
1,'The meaningful issues Trump ran on.' Like claiming climate change is a hoax perpetuated by the Chinese?,797719822784020480
1,How can people be so ignorant when it comes to climate change #ClimateCounts #COP22,797727235553816576
1,"With a climate change denier in the White House, what are the prospects for the Paris Agreement on climate change?",797733999150006272
1,98% of African countries included agriculture in climate change strategies. They want to act urgently,797739842343989248
1,Companies like are leading the fight against climate change: #COP22,797739897754910720
1,"pls use your voices on climate change, too.",797740157088645124
1,#FacesOfChange - How are people combating climate change across the world?,797740937187356672
1,FAQ on climate change and disaster displacement; it is not a future hypothetical – it’s a current reality;,797745757067546624
1,US withdrawal from climate change agreement should a trigger world-wide boycott of US goods,797747315133980672
1,The map that shows who climate change really hurts,797748073221001217
1,Why the media must make climate change a vital issue for President Trump - The Guardian,797753238758035456
1,Scale of migration in Africa expected to rise due to accelerated climate change.,797755074525143041
1,According to 'scientist'Trump climate change is BS &amp; for that he'll skip the Climate agreement as soon as possible. Crooked,797759927687278592
1,Why the media must make climate change a vital issue for President Trump,797760341492920320
1,There is dire need of adaptation &amp; mitigation-can help to reduce the risks of climate change to nature &amp; society #ClimateCounts #COP22,797771245911687168
1,Research - to examine a lifestyle contributing in climate change #ClimateCounts #COP22 Ideas Lab,797778998717796352
1,him and his batch of extremists that don't believe in climate change lmao I love the guy buy seriously?,797780796337573888
1,Why the media must make climate change a vital issue for President #Trump,797788416033390593
1,"The cruelty of climate change, Africa’s poor suffer its effects",797794245310578688
1,"My doc The Anthropologist is about climate change adaptation, or as Trump calls it, Do Nothing Its Fine.",797798993921245184
1,"because climate change denial fundamental 2 all of them, those r the regulations Rees-Mogg &amp; co want rid of",797800845819740161
1,The good thing about is that his policies will lead to a dignified mass suicide via climate change,797806431529553920
1,We tried to leave you a president who believed in climate change. Now you are screwed and you did it to yourselves,797807026462224384
1,It looks like Trump is making good on his promise to deny climate change.,797813147679604736
1,"for me, Q is: will they destroy the planet (thru war or climate change) first?",797813783800532992
1,I have studied earth science climate change would best served by millions of trees filtering carbon in the air,797815818147024898
1,Agriculture victim of and solution to climate change - #Agriculture,797815824174223361
1,"a nightmare scenario for environmental preservation, climate change, wildlife protection, energy policy",797817758658527232
1,It's crazy to me that our future president believes climate change is a hoax.,797818212188647424
1,This climate change denier/known liar will sell his mother to stop the demonstrations #PaulRyan #protests #BREAKING,797824626113978369
1,"Mr. Trump, I don't think you read me, but you should take seriously the climate change issue, do it for your sons please",797832992265826304
1,Remember hearing about that climate change lawsuit filed by 21 kids in Oregon? It's moving forward. Against Trump.,797845654768730112
1,one place I think we'll have legislative disaster is climate change. I have feeling they will gut any climate regs in place,797848128242221056
1,Hillary #Clinton position on climate change. One goal make #America world's clean energy superpower creating #Jobs.,797849148317986816
1,Just watched Nat Geo's documentary about climate change! #BeforeTheFlood #FeedTheMind #BeInformed,797853557735100416
1,"If you're thinking about Max, Mark, maybe you should want a world where climate change isn't denied &amp; women respected",797857797073420288
1,To all Republicans: One thing that we should all have in common is the threat of climate change. It affects humanity. Let's fix it.,797862539833069568
1,"Emails and pussy grabbing were discussed at Debates. Nothing on climate change, SS and Medicare.",797863319231234049
1,"300M children breathe highly toxic air per report, we must act on climate change -",797865303413768192
1,"Rees-Mogg is climate change denier with fracking links,add Leadsom,Johnson,Farage,Murdoch,Dacre,Desmond etc,rush 2 tear up regs",797866514489622528
1,I hope we can get people to wake up and realize that climate change is not a political issue.,797867034088325121
1,We have a president-elect who doesn't believe in climate change. Millions of people are going to have to say: Mr.,797873249573109764
1,"Is your business ready to take on hunger, poverty. war, climate change—at a profit?",797878596085788672
1,'Women in rural Morocco fetch water &amp; work the land. They are the first ones to see effects of climate change.,797880579224006656
1,"We have a president-elect who doesn't believe in climate change. Millions of people are going to have to say: Mr. Trump, you are dead wrong.",797881101288996865
1,"Largest silver mine in Africa, #MANAGEM, does deep damage to farmland already hard-hit by climate change",797882577281486848
1,are you kidding?! You think climate change doesn't exist?! Where did you go to school???,797882579516997632
1,8 yrs (or more) of climate change denial will be disastrous to our planet. We will #resist.,797885486979117056
1,TV media has failed our families in not talking about #climate change--a global threat. @CleanAirMoms #debates2016,797888095756558336
1,I stand with in saying that California will not back down on climate change.,797892739874652161
1,Wetlands are a solution to climate change. #COP22 #ActionTime #WetlandSolutions,797893752367026176
1,America's new president doesn't believe in climate change and thinks women who have abortions should be punished.,797893766744940544
1,A climate change denier is not worse than someone aware of it who sells #fracking to the world.,797894234128793600
1,We have a president-elect who doesn't believe in climate change. Millions of people are going to have to say: Mr.,798166603225505793
1,We have to choose between corporations and communities.' #COP22 - women on the front lines of climate change.,798175409875521536
1,"On virtually every major issue — raising the minimum wage, climate change, pay equity for women — we are the majority",798175885732052993
1,"If we want to stop climate change, we're going to have to pay for it via",798182919164465152
1,"Disheartening, Trump seeks fast exit from climate deal. He still believes global warming is a hoax. Wow!!!!!",798182966853795840
1,It’s time to respond to climate change in a way that protects & promotes public health!,798191800582373377
1,"Noam Chomsky on #DonaldTrump, climate change and our accelerating race toward disaster. #climatechange",798191843334754304
1,so much science to prove climate change exist and yet idiots like you make it hard to get funding to reverse it,798192940703059968
1,"But sure, let's elect a soggy cheeto who thinks climate change is a Chinese hoax. What could go wrong.",798201160788307968
1,"To keep global warming under 1.5C, we need to accelerate #ParisAgreement implementation & increase our ambition. - ed",798207610805686272
1,My legislators do not care about global warming. we are in the middle of the worst drought in Alabama. They don't care. Help!,798208701568061440
1,"But global warming doesn't exist, right???",798211702265237504
1,People don't believe in global warming because it's more convenient for them to not take responsibility for their actions,798218313973301248
1,how can you not believe in climate change? It is high 80s in the middle of November?!,798219280001081344
1,#climatechange What is Nigeria doing to alleviate the effect of climate change? We can partner with them to train people,798224322833907716
1,Russia hack deniers & climate change deniers have a lot in common.,798224859188826113
1,Is this deal to fight climate change too late?,798227101891657728
1,They all get to die of old age when we'll die from climate change,798234286696595456
1,Economic insecurity & dislocation drove the election. Ignoring climate change will only exacerbate them.,798240627628482561
1,Why the media must make climate change a vital issue for President Trump,798241246418497537
1,@ everyone who thinks climate change is fake: fuck off the arctic is literally almost GONE,798242266838171648
1,"Ifill did such a good job in the 08 VP debate. Pushed back against the normalcy of Palin, challenged Biden, asked about climate change",798242271149715457
1,"my bad, I just remembered, the world as we know it will cease to exist becasue of climate change deniers.",798247240037007361
1,I was honoured to deposit Pakistan's instrument of accession to the Paris agreement on climate change at UN today.,798250222518464512
1,For me the most worrying aspect of the Trump presidency is him and his entire team regard climate change as a hoax.,798251843969105920
1,"As Trump appoints climate change denier to EPA transition team, doubles down on climate change fight",798254551757242368
1,you know there's something seriously wrong when China lectures the US on its climate change obligations.,798256146909921285
1,Tell me again how you think climate change doesn't exist.,798258124788363264
1,she's thinking about how she's going to die because your husband doesn't believe in climate change,798259201193676800
1,Continuing to be a big voice on climate change in every way is really important. #UMMitchellSem,798268079847436290
1,"Leonardo DiCaprio reveals the complexity of climate change, and emerging resource conflicts.",798274805703135232
1,on how acting to combat climate change can help the environment and grow the economy,798292807949619201
1,Denying climate change is only part of it: 5 ways Donald Trump spells doom for the environment,798299800529575936
1,Remember that climate change lawsuit filed by 21 kids in Oregon? It's moving forward... against Trump,798305091845505024
1,#DearPresident climate change is not Chinese scam like Breitbart's Steve Bannon would tell you.,798306130577346561
1,Btw there are massive global dangers the Orange One and his clique can unleash. The biggest one is climate change. So we are in grave danger,798310062594867200
1,Does he know climate change was invented by the Chinese?,798311127641792512
1,Still think global warming isn't real?,798312217162686465
1,'We didn't create the problem;but we have the solutions. ' - Indigenous women fighting climate change,798312880143618048
1,Watch this beautifully articulated film on why we must act on climate change: Three Seconds,798313902555529216
1,But global warming isn't real?,798313992435470337
1,Electing Donald Trump is going to be a disaster for the fight against climate change,798328050475634688
1,Cities are key to accelerating progress on climate change – despite any roadblocks we may face.,798331582352224256
1,It’s official: The guy in charge of Trump’s climate policy doesn’t think climate change is real. God help us.,798341513998573568
1,I stand with @JerryBrownGov in saying that California will not back down on climate change.,798342087938691072
1,'The heat from global warming will continue.',798349833908076544
1,#Trump’s election comes at a crucial juncture in the fight against climate change — and it’s devastating,798356836843978752
1,Excellent - our project was approved! Adani Carmichael mine opponents join Indigenous climate change project #auspol,798357974125199360
1,is a great bipartisan org. Im a republican but I believe climate change is REAL!!! #climatechange #supermoon #trump,798359247905951744
1,Has anybody seen Before the Flood? It's really good. Leonardo DiCaprio Documentary about global warming/climate change.,798366279119802368
1,Hello. I am a white middle class conservative and climate change is very real. Thank you. #Facts,798366297918685184
1,Our president elect does not believe in global warming. I repeat: he does not believe in global warming.,798372806702563328
1,for the environment because it encourages people to start using reusable bags. It was a small step towards helping global warming and he,798374955050090496
1,This is huge. Kids suing the government over climate change can proceed to trial: via @slate,798375033701859328
1,"“...global warming, we know that the real problem is not just fossil fuels – it is the logic of endless growth”",798375588222369793
1,The choice is not jobs OR climate change: it's jobs in clean energy or doing nothing while the world burns.,798392615716720640
1,Act Now #BeforeTheFlood @LeoDiCaprio documentary on climate change is a must see,798392615716720640
1,. exposes how the #Koch bros have used their vast wealth to ensure US takes no action on climate change,798395278885851136
1,In Pictures: Surviving climate change in Bangladesh,798398017590140928
1,"yep and it's going to get worse , I think it's this global warming & apprently the sea is getting hotter to",798399968918835205
1,Think about this: China knows more about climate change than Drumpf... #FillTheSwamp,798404502223253505
1,Adding climate change to the list of things I can't talk about with my sister. #denialist,798415918015676416
1,It actually amazes me how some Americans still don't believe in global warming wtf lol,798419615625936898
1,#Election2016 #SNOBS #Rigged #StrongerTogether #Debate climate change is directly related to global terrorism,798422282871984129
1,Our real problem with trump is climate change if we dont focus on that aint gone be a world to hate eachother on,798430023158038532
1,"All climate change deniers. All anti-choice supporters. All misinformed about history. Yep, reassuring.",798433488718401536
1,supergirl even talks about climate change! when will your fave show ever??????,798435511266381826
1,!! climate change should not be a partisan issue !!,798437144477962240
1,#COP22: Decentralized renewables: the front line against climate change... #ClimateAction,798437399609167872
1,Malcolm Turnbull must address the health risks of climate change | Michael Marmot,798440411677229056
1,Malcolm Turnbull must address the health risks of climate change #climatechange,798441946876407808
1,"As #COP22 continues, get a look at how #nuclear science fits into the fight against climate change",798442445570736130
1,Donald Trump has promised to rip up the Paris Agreement on climate change.,798855119563460608
1,Why you shouldn’t trust climate change deniers -  Reality Check,798855705914580993
1,India makes International Solar Alliance a reality. Solar-rich countries come together to fight climate change.,798857205483126784
1,she's thinking about how she's going to die because your husband doesn't believe in climate change,798860441870970883
1,Understanding and combating climate change is not 'politically correct' it's 'species-essential',798861021272154113
1,We have a president-elect who doesn't believe in climate change. Millions of people are going to have to say: Mr.,798862490130059264
1,"He's filled his transition team with fossil fuel industry stalwarts & lobbyists, while continueing to deny climate change is real. Scary.",798863814825537536
1,The coming into force of #ParisAgreement ushered in a new dawn for global cooperation on climate change.,798865109288370176
1,Don't worry about global warming.,798865127671930880
1,Rolex Award for Sonam Wangchuk who creates ice stupas in Ladakh to mitigate climate change impacts.,798865609870245888
1,"when will we start discussing the technologies around climate change? TTRIF, SLGLF, FASC & XYTS",798870587582070784
1,No snow where there should be. Bleached anemones. Cracks in the ice. This is what climate change looks like,798874613979774976
1,"the harms of climate change, which are unfolding slowly and may be partly undone, the detonation of a nuclear weapon will be irreversible.",798877126753710081
1,Consequence of climate change: More octopuses in parking garages. #supermoon #KingTide. Learn more,798877279610925056
1,Why not spend your money on climate change?,798877898505588736
1,That strike me as misguided - to prioritise the economy is to ignore the expert consensus on the reality of climate change.,798881266980548609
1,No longer can the US claim that climate change is not real.,798886552516562948
1,The Whitehouse is being filled with creationist climate change deniers.,798893827629215744
1,"Bernie on the sovereign rights of Native Americans, clean water, climate change. #NoDAPL",798894452018388992
1,The #ParisAgreement enters into force! Learn more about the U.S. goals for climate change at #COP22,798895275091734528
1,#Forests sequestration can help address global climate change,798895848218210305
1,This is what climate change looks like,798896532594376705
1,Panelist at #sustainableag deflects discussion of climate change. 'CLIMATE CHANGE IS REAL' shouts audience member. 😨😨,798898028681695232
1,How some People still negate the reality of global warming?,798904563302547456
1,My english prof asked the class if climate change was real and i whispered 'how is it not real' and the prof yelled at me for talking... ok,798908265115635713
1,'We've proven that you can grow the economy and reduce the carbon emissions that cause climate change' —@POTUS,798911982430785536
1,"The climate change on the Earth is real, not a hoax. French Pres. Hollande is very concerned about Trump's facts.",798912604445896706
1,Unite in the fight against climate change. Take the pledge »  #COP22 #EarthtoMarrakesh,798913856580026368
1,"THIS! 'To find solutions to climate change, we have to look at the bigger picture.'",798914533536440320
1,Francois Hollande says global warming denier Trump must respect Paris climate accord,798916308784050176
1,"1️⃣day left to join the  Thunderclap against climate change on Twitter, Tumblr, FB. Join us!",798918245990465536
1,We can avoid discussing climate change. We can pretend it's not happening.,798918743451648000
1,Pure jealous of ppl who don't believe in climate change they must lead such a chill lifestyle x,798919371703783426
1,Nuclear C02 emissions comparable to wind. Agree that we need nuclear to fight climate change?,798921764898271232
1,This is what climate change looks like,798923486118952960
1,'Trump’s position on [climate change] is disgraceful…totally ignorant…we’ve got to make him change'—Bernie Sanders,798927898438680576
1,United in the fight against climate change. It's time for action #COP22 #EarthtoMarrakech,798933847425486848
1,Hey  global warming is real and not a hoax invented by the Chinese. It's 100 degrees in November.,798934466215497728
1,speech at Marrakech #COP22 very inspiring on climate change,798937700690722816
1,California governor tells climate change deniers to wake up #ClimateHour,798943555939082241
1,Trump’s denial of catastrophic climate change is a clear danger,798951225097994240
1,"People who deny climate change, C02 issues, poison water…they do it for money. All of it. All of it to make more money right now.",798955412011642880
1,"'Although climate change can be a scary topic, ice can be insanely, unimaginably beautiful.'",798955967689854977
1,"I know that's not what this article is even about, but still. China could singlehandedly curb global warming.",798961609448112128
1,Trump and climate change: why not talk about threat multipliers?,798966377503719424
1,How is climate change a feminist issue?,798966378203987968
1,'#EastAfrica is one ecosystem and so we need to act as one in addressing climate change.' -Hon.,798966380137742338
1,we are facing extreme difficulties with a president who doesn't believe in climate change,798967986409259012
1,since he thinks global warming is a hoax this is literally what Trump's America will look like,798969559218814976
1,"Trump will make climate change, income inequality, prisons, surveillance worse but democrats also failed to adequately address these issues.",798972262070288389
1,Even Nasa scientists are trying to convince Donald Trump that climate change is real,798980833428307975
1,"Since iron is a limiting factor in phytoplankton growth, dumping iron in the ocean could help fight climate change  #BUOceans",798982017622806528
1,when ur at a party and u remember ur president doesn't believe in climate change,798983731776143360
1,How can cities around the world prepare for the effects of climate change?,798985758975688704
1,The kids suing the government over climate change are our best hope now:  via @slate #youthvgov,798986219094831104
1,Reducing #foodwaste is also one way to mitigate climate change. #sustainableag,798990253998489600
1,Donald Trump once backed urgent climate change initiatives. He doesn't believe anything he's doing.,798990293198438401
1,#mapoff2016 collecting views on the impacts of climate change. Join in,798990918007144449
1,'America's cities are the only hope for climate change action',799000875100303360
1,"I’m creating a new think tank for climate change, would you join and post your tweet also at  ?",799010529670995968
1,Building a wall is obv more imp to most Americans than climate change 🙄😡XX,799019390679339011
1,perhaps  will understand how ignorant he is on climate change when #Mar-a-Lago is under water,799020492011278336
1,"Sculpture by Issac Cordal titled, 'Politicians discussing global warming.' #streetart",799023154022621185
1,Darn... so much for this climate change being invented by the Chinese! What shall our next excuse be???,799030387569790977
1,"Bizarrely, even Kim Jong-Un is more realistic about climate change than Donald Trump is.",799031007202725890
1,"We are flattered, American despot friends, but climate change is one of the few things we did not invent.",799036647891419138
1,"Trump's new EPA boss denies climate change, loves pesticides",799038427895394304
1,"i can't believe there are people who 'don't believe' in climate change. this isn't santa clause, have y'all STEPPED outside???",799043163516239872
1,another example of how climate change is affecting our world. Mass extinction is real & scary. #fb,799054683889401857
1,calling out media for largely ignoring issues like climate change and our broken health care system.,799054757969039360
1,Bill Nye is roasting Trump so hard that he finally might believe in climate change #billbillbillbill,799059302854049796
1,lol we talked abt reasons why ppl don't believe in climate change in class today & THE MOST COMMON REASON IS PPL THINK ITS A CONSPIRACY,799065521647820800
1,speaking at #COP22 on the importance of a #cleanenergy future to reduce effects of climate change.,799070481848614913
1,What Can Donald Trump Do to Screw Up the Planet? | Bring back big coal and keep denying climate change.,799070498462269440
1,China is now explaining the history of climate change science/politics 2 underscore to Trump they didnt do a hoax.,799073386206994432
1,i respect differing opinions but i WILL fight you if you don't believe in climate change bc that's 👏🏽 not 👏🏽 an 👏🏽 opinion 👏🏽,799077869066534913
1,"'China’s vice foreign minister told assembled reporters that, uh, nope, global warming isn’t a Chinese hoax'",799078502850924544
1,"Sorry President-elect, climate change is not a Chinese hoax. #ActOnClimate",799080888969678848
