"sentiment","message","tweetid"
1,"When I hear ppl say man is not driving climate change, I think of that football player who doesn't believe in dinos…",862772397166002178
1,We can't address climate change if we don't address corporate capture of the food system #GAID2017,862776230227185665
0,"Is there an advocate around, on global warming that can answer my questions?",862866663313747968
1,When we tried to help to control global warming.… …,862886980421427200
1,"Can't believe no one has said this. But absolutely long term it is climate change, especially what w…",862892352175710208
1,"conservatives will ask for proof of climate change, get it, and then continue to deny it. i'm fucking dumbfounded http…",862905082441940992
1," The battle for Laikipia: Can weak states stand up to #climate change, population growth and ethnic populism?…",862922295354036225
-1,Gore left his failed bid in 2000 with very little money. He has made mucho $ since on his global warming hoax.,862932817940029441
1,"Earth could hit 1.5 degrees of global warming in just nine years, scientists say #StopFundingFossils",862950228089081856
0,"YourNewBooks: Androids Rule The World due to climate change, but not for long. #scifi #99c …",862950422398545920
1,"But, but, but climate change is debatable.  We are going to be standing in 2 feet of water in Manhattan and they s…",862983061402767360
1,A climate change checkup on spectacular coral reefs. Watch awesome explaining this crucial issue!…,862983123390394368
1,"To curb climate change, we need to protect and expand U.S. forest",862986799093886976
1,from children are most vulnerable to climate change,862990244550987776
1,Tech and cash is not enough when it comes to health and climate change,862998303423778817
0,It's EXTREMELY disappointing when I think of a BOMB AF layered winter look that I want to wear but I remember that global warming exists,863029138491355144
1,U.S. just signed a document calling #climate change a “serious threat” to the Arctic & noting the need for action http…,863052985705701376
0,global warming is just a hoax to distract us from the fact that lil wayne wore socks in a jacuzzi,863090106550431744
0,"Denying climate change is real, but let's celebrate how we will overcome the power of Obamacare, another 20 million more",863154983704965121
1,"Hell, with Antarctic ice shelves breaking off due to climate change, a Titanic fate would be an irony none too rich!",863155011697725442
1,"I’m creating a new think tank for climate change, would you join and post your tweet also at ?",863176169709064193
1,SCOOP: Trump expected to nom Sam Clovis -a climate change 'skeptic' w no science background- as USDA's top scientist ht…,863218027394891776
0,And this mother fucking rain too! Like ok Washington Im so over it. I vote climate change. switch our weather with LA. 2 *Puh*(oor) 2 move,863317154166222849
1,Crazy that Smashmouth has a more progressive stance on climate change than the US government,863327873544966144
1,people worried abt egypt's falling economy and not realising we're all dying bc of global warming lol,863344602736209920
1,"Trump's likely pick for top USDA scientist never took a grad class in science, is openly skeptical of climate change http…",863357649999597568
0,100 most popular slogans on climate change #climatechange2,863374473809903616
1,'SUPPORT' I created this to highlight climate change and the need to protect our heritage. #VeniceBiennale2017,863379176237260801
1,"To curb climate change, we need to protect and expand US forests",863394678816854016
1,10 incredible things climate change will do. Number 6 will amaze you #ClickBait…,863412082645008384
1,"maps, measures & models the top 100 solutions to reverse global warming. A must read. #PaulHawken https:…",863412134566395904
1,"I’m creating a think tank for independent thinkers to solve climate change, would you post also at",863425926805295104
0,"If we painted the roof of every building in the world white, would we reduce the rate of global warming?",863473111911550982
1,"'Attacks from academia' because they said climate change is real and we shouldn't gut the EPA, that's an…",863477257943355393
-1,Where is your Science now! So much money spent on global warming...so many resources wasted!,863502989528633344
0,Proposals that would influence how climate change & evolution are taught in public schools gained traction in 2017…,863561170430701570
0,What a waste of hot air that probably contributes 2 global warming! #MAGA,863628382277435392
1,This is who is leading the world (and who is faltering) on climate change action in one map htt…,863633851691794433
1,"Trump has repeatedly called into question the science behind climate change, even calling it a 'very expensive hoax.'",863667367527813121
0,People who eat KFC or ribs with fork and knife are the reason we have global warming and wars on earth,863697311360327680
1,Help us save our climate. Please sign the petition to demand real action against climate change with,863782224289771522
1,Wild weather & climate change #StopAdani #keepitintheground #auspol #qldpol #science,863787291940179968
1,Not stopping global warming is an even bigger sabotage and I don't see much from you there,863812341288366082
0,why are you naked? - global warming,863812392341434368
1,This is so #Vermont; love it. A Vermont nature diary documents down-to-earth signs of climate change -Boston Globe https:/…,863837598829162498
0,"That would actually be nuclear winter, not 'global warming.'☢️ Where are the scientists when you need them? Calling…",863905947072290816
0,I got hot af real quick and now it's cold again. Damn global warming,863939438572838912
1,Talk number 2 on the effect of climate change on estuary fish. Interesting research Julia! #UoMscicomm,863939499369218049
1,"Storing carbon in soils of crop, grazing & rangelands offers ag's.highest potential source f climate change mitigation.",863951661932392448
1,Rising conservative voices call for climate change action via,863951749471768576
1,nuclear war so that don't have to worry about climate change.,863955400265277441
1,#Chicago’s mayor posted the deleted EPA climate page to its own site: 'In Chicago we know climate change is real.' http…,864004534972039169
1,Together 52 Commonwealth countries can help reverse damaging impact+existential threat of climate change adopting r…,864038201996038144
1,'It does not cost more to deal with climate change. It costs more to ignore it'. ~ John Kerry #GCCThinkActTank…,864044793525145601
0,"New trending GIF tagged 2016, world, global warming, run away, josh freydkis, on fire, globey, current news, set m……",864062627345031168
1,Huh. Better watch out or he'll get fired next--Tillerson signs international declaration recognizing climate change,864093640259506176
1,"My solution to the climate change problem--treat the symptoms, worry less about the cause.",864101000419971072
1,Who leads the world in the fight against climate change? .. #climatechange,864120591334252544
1,Dramatic Venice sculpture comes with a big climate change warning,864150169759223808
1,If only we'd had a candidate who believed in science. “Trump to name climate change denier as head USDA scientist”,864160618236043264
0,Dinah with puppies could cure global warming,864162853846167555
1,We live in a generation that is more scared of visible panty lines than it is of global warming.,864177298550829056
1,Why 2℃ of global warming is much worse for Australia than 1.5℃,864225536402489345
1,"Horgan says we have the opportunity to end big money in politics, have proportional representation, fight climate change…",864238277523521536
1,Why 2°C of global warming is much worse for Australia than 1.5°C: Global warming of 2°C…,864360677481172992
1,Why 2℃ of global warming is much worse for Australia than 1.5℃ via,864399487292198912
1,Fight against climate change finds an unlikely ally: Donald Trump,864406068084051968
1,just destroyed climate change deniers with a great analogy.,864447180148441090
0,When you chilling by the Mbawula( portable fire place) and a random nigga starts lecturing you about global warming.,864454407743827968
1,"Thanks for helping us fight climate change by biking to school, Mrs. Ropar's class!",864463669614317570
1,"wef: This major Canadian river dried up in just four days, because of climate change",864504003660591104
1,California set an ambitious goal for fighting global warming. Now comes the hard part,864511826373079040
1,It is a matter of great happiness that all 193 countries agreed on every aspect of the climate change in the Paris Agr…,864513809326555136
1,"As told PRIM board this AM: 'Most of us wouldn’t bet against [climate change], so why is our retirem…",864526259954569216
0,Is global warming real?,864564668739616768
0,How inconvenient. Let's have a climate change fundraiser where we serve bacon cheeseburger…,864575841132568579
1,"Wait, sad that global warming is 'fake news.' He was lying...again? Shocker!",864584173574475776
1,F U climate change!!!(but also I'm very aware this is all our fault cause people are gross monsters. I'm sorry mo…,864598204737875968
0,It was in the 90's in 1911. Does this mean global warming is slowing down? Lol,864640930317570048
1,May we nourish those migrating because of climate change & needing a new home. #NoBanNoWallNoRaids,864643379874889729
1,republicans wanna say climate change isnt real then can they explain why its raining in my house?,864653243833516034
1,"On climate change, we often don't fully appreciate that it is a problem. We think it is a problem waiting to happen' -Kofi Annan",864664130900430849
1,"Was having a nice convo w my mom until she claimed climate change as bullshit, have a nice night deb",864696629542010880
0,He is professing his love for the dangers of global warming,864729481910595584
0,Negative thinking destroys your brain cells and causes global warming. Source: #DTBYPusoOPamilya,864749142840676353
1,"We MUST remain under #1o5C global warming, particularly to protect the most vulnerable! #CVF4ClimateAction.…",864785219865464832
0,But climate change and society's view of death will have to change one day if we want to advance our descendants.,864821361012813829
1,good morning to everyone except climate change deniers,864857500339888128
-1,Murdoch 'climate change' sons along w moslem major stockholder are destroying FoxNews. Maybe our new place:…,864865199295270913
1,And people who know climate change exists but do the bare minimum or nothing at all to slow it,864872799021617152
1,We've reached our 3 billionth recycled container! Thanks to everyone fighting climate change by keeping cans & bott…,864905740967968770
1,how elected officials try to tell us global warming doesn't exist when the weather jumps from fall to summer lol,864926681378807808
1,It’s almost like Poseidon himself is coming up to warn us about climate change  #Venice #BiennaleArte2017,864982407744675840
1,"Now that Trump is gutting what little climate change regs we had, media is actng like they care. Theyve hardly coverd climate…",864998224670609408
1,"If climate change isn't real, then why are global temperatures rising, despite low solar activity?",865066016405151746
1,Didn't even put it in the recycling bin. 7 year old climate change denier.,865160062138023936
1,"Nsedu Obot Witherspoon, director of , shares why kids are especially vulnerable to climate change & air pollut…",865285831178801152
1,"A future of more extreme floods, brought to you by climate change",865289666299297793
1,"Thanks to global warming, Antarctica is beginning to turn green",865334705822085121
1,A climate change solution beneath our feet: California farmers could be paid to enhance soils in ways that store ca…,865341876143927296
1,"Thanks to global warming, Antarctica is starting to turn green - The Washington Post",865396561311809536
1,"gn! please remember that black lives matter, climate change is real, not all immigrants are 'bad hombres', & love…",865417839485665281
1,hello! So nice to find an Australian fighting climate change denial. Australia could have zero net carbon in principle.,865481435695595522
-1,I'm trying to think what possible fact would disprove global warming and I believe I have the answer--when the research f…,865502911295504385
0,great article for UK gardens & climate change. ht…,865511388017442816
0,global warming? fine trump getting elected? ok but not this oh god please not this,865536321305010178
1,"We live in a world where the American president degrades his citizens and denies global climate change, but the Pope recognizes the urgency",865582070525042688
1,What if we planted a tree every time President Trump denied climate change? That's what Trump Forest is all about.,865599371265458176
0,if climate change is real then why is it cold in my room??!!?!?! #WOKE,865611271491784704
1,Inaction on climate change now is - I don't think this is too strong - a crime against humanity,865633364069326848
0,Blime! What is global warming going to do to us next?,865654024074174465
1,global warming is such a serious issue and people still aren't paying attention!! gonna be a real sea world soon if…,865677191463395329
1,"seeing a direct threat to seeds but this is an indication of climate change, which, I think,…",865707411788713990
1,i truly can't fathom how people still believe global warming doesn't exist,865715487447158786
1,"The doomsday vault, protecting the world's seeds from catastrophe, just flooded due to global warming.",865720566921261059
0,I thought you'd like to know that pasta in mystery red sauce and climate change were on the menu tonight…,865740085827862528
1,lmaoo and people still treat global warming as a joke we're all gonna die,865743919320936448
1,A climate change solution beneath our feet,865753414440853504
0,"The thing we designed to save us from climate change got messed up by climate change so I guess that's it, then.",865777132110262274
1,For all the times she's tried to 'school' me on global warming not being real That's what you get ,865780892777807872
1,"EnvDefenseFund: Thanks to global warming, Antarctica is beginning to turn green.",865825582076092416
1,"yeah fuck the wage gap, police brutality, gun violence, global warming, presidential scandals, etc, let's focus on…",865834023213350912
1,So depressing I know. The fact that global warming is increasing at alarming rates and nothing is bein…,865874700265807872
1,"The more we know about climate change, the better we’ll deal with it. Keep up the good “woof.” ",865903202520248323
1,Caring for nature doesn’t always mean leaving it alone. Can we engineer climate change away? Should we?,865915012992389120
1,EnvDefenseFund: It will be hard for Pres Trump to ignore the effects of climate change as Florida deals with risin… https:/…,865952680103075840
1,Protecting people & planet are at the heart of the #ParisAgreement on climate change. Momentum for action continues…,865963846288236545
1,"This seed vault was to last forever and save our species. It flooded. Because, well, climate change:",865966006937825281
0,"Parks season has officially started! Today I met , the minister of environment and climate change today…",865969715784683521
1,Nepal is one of the countries most affected by climate change. Here's how its journalists are conveying the crisis:…,865969791621877760
1,With climate change the problem is that the vast preponderance of victims do not yet exist.',866013431236841473
1,Animal agriculture is the biggest cause of climate change (if it's real). Recycling cans and carpooli…,866063194158243840
0,"Uhhhhhh oh, now they are teaching us about global warming...is this National Geographic or CNN? I am so confused b…",866077121810235396
1,"I will continue the urgent fight to protect our planet from climate change, and to hold those who threaten our environm…",866096088092168193
-1,"32 Inches of global warming on I-80 between Cheyenne, Wyo. And Laramie, Wyo. This week.... unavailable for c…",866106280674435073
1,3) his followers don't believe in climate change so of course they'd pick the more obscene option,866110906698264586
1,I cannot believe the expects intelligent readers to engage with a columnist who questions global warming. How insultin…,866128155060338688
-1,"It s/n b a crime 2 discuss global warming strategies bc u don't believe they exist! Obama & Libs want it 2 b, but i…",866150739869126658
0,Postmodernist gender studies journal publishes hoax 'The Conceptual Penis' blaming penises for climate change,866161929311662080
-1,Punked! Peer-reviewed journal publishes hoax study attributing climate change to… #climatechange via,866177250206433284
1,"Thanks to global warming, Antarctica is starting to turn green #ClimateChangeIsReal #Resist",866179597259259906
0,Conclusion; theyre saving us from global warming,866186222577872897
1,Assuming carbon removal will address climate change is betting high on largely untested technology. Via,866193532092112896
1,Isn't it fun to think that we all boutta die because of global warming and our president still thinks it's 'fake ne…,866193640091156480
0,"as usual, communism has an answer for everything. bring on the climate change",866198536806948864
1,At last a book on climate change that says the number one solution is family planning. Why do we tip toe around thi…,866230145740353536
1,This quiz will help you decide what park you should visit before climate change takes it toll,866236857364824065
-1,There is no climate change Biggest sham in the world,866256373310533633
1,Handel doesn't support science or believe in climate change. #ossoff supports science & believes in climate change.…,866259802829279232
0,SICK: Gloria Steinem says that allowing a human child to be born instead of murdering it will cause global warming,866274252407885824
1,How much CO2 does it represent. How much of it will you leave untapped to avert dangerous climate change?,866280943434203136
1,"There are costs to mitigating global warming, but ow much would you pay for every acre of property a meter of sea level, every single beach?",866306859073888256
0,Obama thinks global warming isn't real?,866323683064897537
1,"Even when concentrations of CO2 level off, the impacts of climate change will extend centuries into the future",866329882673926144
-1,But...but...but... climate change & global warming! Could it be was full of shit the entire time a…,866330932243857409
1,Now you can plant a tree and protest President Trump's climate change denial at the same time.,866349989957644289
0,My 10 yr old just randomly and unprompted asked how do we stop global warming....,866366947763642369
0,"NRO 'The doings in Washington have a distinctly tropical feel to them, and it isn’t global warming...' KevinNR",866393592415301634
1,Humans can stop both poaching and climate change.,866413333527879680
1,So glad people get that climate change isn't a heat wave!,866427046926462978
0,"no matter your size, be comfortable. bitch with global warming goin on, it's gonna be hot af. wear as little as possible.",866465579288457216
1,We are an organization trying to combat climate change.,866491240501485568
1,"'Believing in climate change is not left wing. It's science. If you don't believe in it, that's because of ignorance, not…",866492187340656641
1,Guy on Baggage thinks climate change is a conspiracy Guy: Why is it so cold?? Other guy: you’re a dumbass :l marry the other guy come on,866507663823306757
1,If you don't believe in global warming don't talk to me,866519246410399744
1,"Energydesk: Without the Congo Basin rainforest, efforts to tackle climate change are dead in the water …",866551473894604800
1,There are immediate steps we can take to address climate change & save our planet. #ClimateofHope shows how.…,866551496074076160
1,Three ways the Tory manifesto falls short on climate change and the environment,866556080318554112
0,Find out what is true and false about climate change,866557006936588288
-1,I believe 'climate change' is GeoEngineering.. Dinosaurs? Who…,866564677031120896
1,"ChimpReports: Other agric issues include; climate change, lanf degradation, unfavorable market conditions, high co…",866618975488274433
1,All the idiots who think climate change is a joke are the same idiots who used to take too long at the drinking fountain.,866624080170160131
1,Nikki plz piss off Morrison gave climate change ZERO sentences you ahistoric hack. Turnbull failed on climate compromise in De…,866631999980683264
1,says leaders @ Italy should specify an agent in the climate change commitments they make at Taormina to…,866634138924830721
1,"wow- don't know what's scarier - that this place exists at all, or that it had a water breach due to climate change.",866640547154448384
1,'I believe climate change is the defining environmental issue of our time. It's hurting people around the world. It…,866680371391410177
1,"bw extreme climate change and peak humanity around 2050 it's crucially important to renew social contracts now. later, harder,…",866738682161770498
1,And also knowing that global warming is a major key in this. It saddens my heart so much,866758486759223296
1,Ever consider the fact that money is imaginary but climate change is real? It puts this proposal in perspective.,866767425999654912
1,Animal agriculture is the leading cause of climate change..and its cruel AF! #GoVegan #climatechange #MondayMood…,866789982299705346
1,The earth fired a warning shot across his bow over climate change. Earth: 'Nice building you got there.…,866799395299364864
0,says 'dinosaur flatulence' may have caused climate change. We sent a dinosaur to his office with…,866838300211990529
0,Harry is trying to come up with a chorus about the dangers of global warming shortly,866926459012698112
0,"It's not global warming, but cooler temperatures are the most pervasive throughout most of US: #climate",866935158749974529
1,"What the world might look like soon due to climate change, visualised on a world map.",866936366638276608
1,"This major Canadian river dried up in just four days, because of climate change",866972812879290368
0,I hope that will soon weigh in on the #manchesterattack & explain how it is plausibly linked to climate change & sola…,866973795164323840
0,'typical of John Terry to make it about himself' aye lads shouldve expected him to talk about global warming in his la…,866977048283275265
1,"Son: daddy, I can't sleep Me: is it the rapid decaying of our society as a whole or the volatile nature of climate change ke…",866982105418518530
1,'Popular local weatherman Greg Fishel had strong words for climate change deniers' Thank you for standi…,866985192849801216
1,A climate change solution beneath our feet #climatechange #eco #environment #Sustainability,867029409211060224
0,The problem in our world 2day is not climate change or economic issues but the rising challenges of inhuman senseless people in human form.,867061860046163970
-1,Q: What about climate science programs? Mulvaney: Do you think tax $ paying for climate change musicals is a waste?…,867063750892847104
0,Join us Friday to discuss #Christian viewpoints on issues such as global warming! #PureTalk brought to you by…,867080609553887232
0,when AQA gives climate change as a 6 marker & the only reason u could remember against climate change is #aqare,867091527507595264
0,I can't wait for Elon and Ivanka Trump to solve climate change by empowering women to work 16 hour shifts building…,867114294558818309
1,I always post shit about climate change so this is me doing something about it. Peace out,867115351238103040
0,If I get a girlfriend we can stop global warming gamer girls DM me,867161125607047168
1,"I hear the weather in Alt-Factistan is lovely this time of year. After all, there's no climate change there. And on…",867163331404079104
1,Humans are most definitely contributing to Globals warming. There are few natural causes of global warming,867168408395186176
1,"just to note: Republicans have done everything possible to accelerate climate change, and news networks refuse to s…",867179137869500416
1,Spending on climate change is sheer madness. That money could be going to tax cuts for the rich.,867252638110425088
1,"While some continue to deny science and debate if we should do anything, climate change impacts are clear and growi…",867274662228639744
1,We destroy so many good things. Hopefully global warming kills us all,867293270694477825
1,9 things you absolutely have to know about global warming #EarthDay,867294367828070400
1,I emailed my pension fund manager and told them to back this historic climate change motion for 's AGM,867304126056722433
1,gave a book about climate change. Pope Francis is officially my favorite person on the planet,867310315775684608
1,CityConnect shows you how climate change will impact your own home #disneyworld #Broward…,867311729876848640
1,Learn about the Ghana Climate Innovation Centre's role in supporting innovative climate change solutions in Ghana:…,867322113170055168
-1,"As I have been saying all along, climate change is 97% religion, and 3% science.",867392691407028224
0,do you believe in climate change?,867403817939283972
1,"Also, I hope you'll remain committed to the Paris Agreement on climate change. Lastly, please…",867406027293065
1,"#G7 ....climate change or as trumps call it 'weather channel fake news gets cold every winter don't understand' :)) #colbert",868517318799785984
1,Says guy who claimed climate change was a Chinese hoax. Lucky us!,868527820724736000
-1,"After ten years of intensive study, I have reached the unavoidable conclusion that the people pushing climate change are…",868532558786461696
1,When you're hitting it off with a little cutie but then she says she thinks climate change is a hoax,868545205674356737
-1,The only climate change Democrats should be worrying about is the political one.,868555558038777859
1,Trump's denial of climate change should be his biggest scandal... Wtf is he thinking. Is making the world better so horrible? #climatechange,868570559793082368
-1,"Dems Are OUT OF TOUCH with People's Concerns, Say 67% Voters Obsessed with bathrooms and global warming #tcot…",868575382483726336
1,"Andrea Leadsom is BatShit crazy yet responsible for climate change, air quality & #fracking. We need better.…",868588577055178752
0,G7 summit ends with split between Trump/other leaders on climate change (Can the world trust the US or not? #uspoli) h…,868591040957038592
1,"I want better laws and a cleaner direction for climate change , and for someone who can make those happen give a damn #SummerofResistance",868591071395061760
1,A new sculpture calls attention to climate change in the centuries-old city it threatens,868591175342718976
-1,The real climate change the media now has to adjust to is,868591181223088129
1,Australia must warn US that we will apply sanctions if it breaches its Paris climate change obligatio…,868592549094608896
1,Less than 8% of Conservatives voted for the candidate w a serious climate change policy in round one.,868595804126236672
1,This shouldn't come as much of a surprise. 45* rejects climate change so backing out of Paris Accord should be expe…,868605661445095424
-1,Uh oh. Another crazed Muslim who just can't deal with climate change! I'm out of sympathy for Europe. The…,868610284012875780
0,"'Conservatives want a credible plan to tackle climate change,' says Michael Chong. #cpcldr",868611663376695299
0,"In my house, 'climate change' is when my hubby keeps turning the heater down and I keep turning it up.",868616252931047424
1,"If Trump does this, rejects climate change, abandons our commitments, gives up on US leadership, the damage of 2016…",868621049558171649
1,"Quickest IQ test: do you believe in man made climate change? If no, is it because u run an oil company? If u answered no…",868625192339165184
1,A message for world leaders meeting at the G7: We need action on climate change. NOW. #G7summit,868637194881302528
0,I would exactly call that a ringing endorsement for climate change by the military.From your article:,868641874449498112
1,I saw this on the BBC and thought you should see it: G7 talks: Trump isolated over Paris climate change deal -,868641893533466624
1,"We know, Ivanka got a big cheque...what about climate change?",868648616138813442
1,"So much of this going around, especially re:climate change. 'All we need is this marginal adjustment i…",868660560212242434
1,"I can almost understand how an ignorant individual could dispute climate change, but not CLEAN AIR. On…",868672604013506560
0,Our president on TV is climate change in reality Climate of our country Climate of our culture Catac…,868674919730745344
1,I'm old enough to remember when journalists fell for the idea that Jared & Ivanka would intervene on climate change. htt…,868677207060865024
1,My request is that president of America Will be positive about the climate change.,868683420628418561
1,17-Year Cicadas Emerge 4 Years Early. Another horror-movie-like sign of global warming? via,868687129605439488
1,What's lame my dear is you. Your ignorance and hypocrisy re climate change is devastating our country yet you don't…,868697263790465024
1,Turns out Ivanka (wife of future fellon) who was responsible for lunatic whispering climate change truth to the pre…,868712542620667904
-1,Thank you climate change is a fake and a way to get money for globalist,868715007768449024
0,I can't wait for all my tweeting to end global warming,868718656162865152
1,How much will it cost to mitigate climate change? Some estimates suggest <1% global GDP per year in 2030. New blog:…,868757255268827136
1,"The curious disappearance of climate change, from #Bre ... #CleanTech #Environment #Green…",868765745534033920
-1,And again the UN silence is deafening. Too busy reaping the financial rewards of climate change policy.,868776764641640448
0,"New administration climate change policies include subsidies for umbrella factories, water wings on demand, and develop…",868807016310910980
-1,"If you can watch this video, and still believe in the global warming scam - then you are an idiot.",868819610669379584
0,Trump is not thinking of his answer to climate change but of the rating to his current actions. If the ratings...,868820918939897856
1,"Stop talking about climate change. Africa needs finance, not talk, to adapt to climate change. Watch my interview: https:…",868874142128459776
1,"The Trump climate change hoax, is the biggest hoax on Earth. DT wants sanctions lifted on the $500B…",868895505014816769
1,"Global climate change threatens every community in America, every nation in the world. We need to take it seriously. h…",868902219264995329
0,#AndThen =>German Chancellor Angela Merkel characterized climate change talks with Trump as “very unsatisfying.” https:/…,868909153930039296
1,We can either be part of a climate change solution or force generations to come to deal with this problem.,868914182615322624
1,"'No nation, whether it’s large or small, rich or poor, will be immune from the impacts of climate change.'",868923502937722880
0,Angela Merkel characterized climate change talks with Trump as “very unsatisfying.” The fact that she is not satisfied is…,868932747322171393
-1,You know there's something wrong.when the safety of your country doesn't matter and climate change is more importan…,868939828699824128
-1,Angela Merkel seems more offended over Trump disagreeing on climate change than she's ever been about terrorism in her own…,868939915559567360
-1,Those people losing sleep due to climate change are murdering each other at night. Crime skyrockets.,868959582248464384
0,“we are in the sensible centre on climate change” “Plz don’t asked me about Adani or other new coal mines plz plz n…,868963473908154368
-1,Merkel thinks flooding Germany with dangerous terrorists is a GOOD idea and that global warming is her biggest threat. Yep…,868988810331336704
1,Huckabee on prioritizing terrorism over climate change: 'A beheading is worse than a sunburn' Nothing says dumbass…,869015534876209153
1,Please RT #health #fitness Is it too late to reverse global warming&quot; This is what scientists have to...…,869021901615759360
1,People who like that Al Gore became a leader on climate change after he lost but hate Hillary speaking out might want to…,869032810471976960
1,Artist Lorenzo Quinn installed these giant hands to demonstrate the devastating effects climate change could have o…,869053999776976897
1,"If Trump pulls the US out of the international climate change agreemeent, the backlash will dwarf what he ha…",869125176310603776
1,"Without the Congo Basin rainforest, efforts to tackle climate change are dead in the water",869147660749557761
1,Environment Defenders face the biggest threats when fighting climate change. And they are doing it for all of us:,869148919745306624
1,America is joining wacky climate change deniers. Perhaps will join the flat earth society.,869162993543782401
0,good morning to pineapple pizza eaters only. the rest of y'all are responsible for global climate change & amy schumer,869196908245520384
1,And climate change is a bigger threat than Russia.,869209772792266753
1,"Anyone who accelerates climate change by weakening environmental protection, who sells more weapons in conflict zones and who does...",869217958437953538
1,Retweeted Climate Reality (): We can debate how to tackle climate change – but the science is...,869229090733256704
1,"He shoved allies, reversed our leadership on climate change, diminished NATO. Trump embarrassed America…",869231197964075008
1,I have a serious problem with this. UK is undercutting EU colleagues. Tory party full of climate change skeptics. https…,869234388697010176
1,Pervasive willful ignorance. They think God would never allow climate change as a co…,869254301843156993
1,3:20 Flying over the melting arctic made climate change feel much more urgent #ClimateChange,869276814782283776
-1,Don't tread on climate change. It has always been a hoax. The reason why this stupidity came into…,869288967107203072
1,The Titanic wouldn't sink in 2016 because global warming is real the icebergs are melting and the bees are dying we…,869302368948453376
1,"It's not just global warming (although of course that's massive) but loss of species, water, soil fertility etc etc.",869313216123424768
1,Call to curtail exposure to climate change - low carbon investing growing - #climatechange #ESG #sustainability https:…,869344018655715328
1,Someone in the #Trump admin is finally addressing climate change as Jared asks about what to wear when he moves to…,869345060864888833
1,And people say global warming isn't real,869346289372323840
1,The global health community must confront the intertwined role that factory farming plays in climate change.,869352574675275788
-1,"Just read through the study supposedly entirely refuting Scott Pruitt on climate change. Nope, they actually confirmed exactl…",869433748047187968
1,"It's odd we can't get climate change data anymore but sex assault victims info is public. GOP is a shit show, example of what not to do.",869437082749419521
1,The Abbott/Turnbull Govt's failure to deal with clean energy and climate change will have real practical consequenc…,869448846962679808
1,If your so called food choices involves killing innocent animals and causing global warming then you better stay away from it.,869460733544849409
1,"Yeah, I'm DTF D - Down T - To F - Save the planet by recycling and spreading climate change awareness",869463181474889728
1,"Would you have kids, given #climate change?: KUOW #environment More:",869474809192886272
1,"U are both Morons when it comes to climate change, the entire World is on board w/oil Co.s & Corps!",869496320112852992
1,Not adressing emergency preparedness would lead to an economic cost comparable to climate change if there is a glob…,869522705963507713
1,We need a healthy ocean to fight climate change! Register your commitments to #SaveOurOcean,869532665250279425
0,A nice list of absurdities among the lines of 'CO2 causes global warming' or 'Sugar causes obesity':,869542710398640128
1,Crowding out low-carbon alternatives that are critical to avoid dangerous climate change. #ClimateChange,869545029404176384
0,"Seems like good news from an efficiency / global warming perspective. Less so if, to you, single-family home = Amer…",869548621703913473
1,"Huge hands rise out of the water in Venice, Italy. This sculpture aims to highlight the threat of climate change .",869561286723555331
1,What the hell is wrong with u Trumpers ? Ozone pressing heavily ? Lack of oxygen due to Chinese global warming ?,869592234022375425
-1,"Daily #chemtrails in San Francisco, I wonder how that adds to fighting climate change?",869611300799651840
1,A new book ranks the top 100 solutions to climate change. via . via,869614315376173058
-1,"15 more dead because of climate change. Oh wait, nope, it's Islamic terrorism again.",869642184164823040
0,I can hear the climate change goons screeching REEEEEEEE,869665351738433536
0,CNNMoney: Little is known about how climate change regulation and green tech would impact exxonmobil. That could s…,869678626945601541
1,Man who cited 1 day of weather in 3 locations to claim climate change is a 'hoax' may torpedo Paris climate accord. https:/…,869680519889522688
1,"Huh??? Sean, your only job is to speak for WH. Big issue..... but: Topic of climate change 'was never discussed'?…",869705611705012224
1,"Here is why we liberals care about climate change, guys.",869725440956661760
-1,How to anger a Conservative: hurt American jobs. How to anger a Liberal: insult the climate change crusade.,869726952428589056
1,So Scheer is already ruling out an open party discussion on carbon taxes as a policy option on climate change action.,869732054749020161
1,Another deadly consequence of climate change: The spread of dangerous diseases,869753413952602112
1,"As Trump contemplates the Paris Agreement, here are 12 economic facts on climate change: https:/…",869779700813516800
0,Guy McPherson: Abrupt climate change in a nutshell,869786252685578241
-1,Even Al Gore the mack daddy of climate change doesnt believe this crap. Trump is right to exit Paris climate accord…,869792261520842752
0,"Hello, today I'm going to talk about global warming. I will talk about the definition of global warming, current situation,",869792373634510849
-1,"Underwater volcanoes, not climate change, reason behind melting of West Antarctic Ice Sheet . . . Haaa Ha",869803415672504320
1,Opinion | Another deadly consequence of climate change: The spread of dangerous diseases,869815827238969344
1,#NoSmokingCar A very polluted city now a day cars smoke increase global warming. Please Drive electric cars .,869823381335662593
1,The world is in a mess. Top of list is climate change - undeniable & unstoppable & faster than expected #…,869872829768114176
-1,Trump to pull U.S. out of anti-western Paris climate deal. Good. Man-made global warming isn't a thing.,869883870631612416
1,North Korea signed on to the Paris deal. The US now has a more backwards view on climate change than North Korea. https…,869888152596393985
1,"When POTUS does not believe that climate change is real, it is very chilling. Pun intended..#ParisAgreement",869892454417354752
1,"Well, now we know that 'covfefe' is Russian for I don't give a damn about climate change.",869893435595137024
0,Never been climate change fanatic. But was dragged to 4-day high-power climate change conference. ONLY TOTAL DIMWIT WOULD B…,869895552691052544
1,And both are on the short list of Most Likely To Cease Being Countries thanks to climate change...,869896726798372864
1,Important read about the relationship between climate change & diseases. Spoiler: higher temperatures increase risk…,869897756663566338
1,"Today, I joined members of the to talk about the critical need to combat climate change and support clea…",869899633669152768
1,Laughing gas is seeping out of the Arctic thanks to climate change via,869904594318622720
1,President Trump is pulling out of the Paris Agreement the day Exxon shareholders vote on stronger climate change policies…,869907343416459264
1,Reminder from April 2017 NBC/WSJ poll: A combined 67% of Americans back action to combat climate change,869910395758067712
1,195/198 nations are on the right side of climate change reform today. The US will join Syria and Nicaragua in turni…,869910494433263616
0,"You guys watching the climate change stuff in the news? Last time a celebrity pulled out of Paris, we got a leaked…",869911580355330048
1,"People hit worst by climate change are poor, vulnerable & marginalized. Moral imperative to act is clear. -…",869912549277540352
1,This machine just started sucking CO2 out of the air to save us from climate change:,869914601533689857
1,175 nations agreed to combat climate change through historic agreement. Backing out is opposite of US leadership. https:/…,869916490157436928
1,"*EVEN IF* climate change wasn’t real, acting as if it were would still immeasurably improve the world on many levels. There’s no downsides.",869916501566009346
1,"Yeah, who cares about climate change? Only every single person with a child. Republicans in congress need to end this c…",869916505260961793
1,The Entire Scientific Establishment: Save the planet from global warming! Some Random Reality TV Show Host: nah.,869922348014632960
1,"In short, the media's climate change coverage is a disaster of historical proportions.",869923376630042624
-1,Good. It's a scam anyway. The anthropogenic hypothesis of global warming (which is now called c…,869925572729856000
1,the fact that teenagers are more educated on the subject of climate change than the potus is honestly terrifying #ParisAgree…,869926596278398976
1,Congratulations on escalating the real threat that is global warming. You might not care but some…,869933939753865216
1,Last year's flood disaster was likely South Bend's first serious taste of climate change. More will come. Pulling out of…,869936051544096768
1,Pres is a total moron when it comes to climate change (and in general). Says polar bears 'will just turn brown' if Arc…,869938899824640001
1,US Mayors are committed to urgent and impactful action on climate change! #Cities4Climate #ParisAgreement,869942067782221824
1,The first question to ask isn't 'Is climate change real?' It's 'Does the federal gov have the power to regulate it?' https:/…,869944240222109697
1,GOP congressman: God will 'take care of' climate change if it exists via I HAVE SOME…,869945219227299840
1,Gee a bunch of 70 year old rich white guys aren't worried about climate change and the fate of the planet. Go figure.,869947211760766976
1,Why isn’t Theresa May challenging Trump on climate change? The future of the planet depends on it.,869958403032047616
-1,Without global warming no need for global taxes to fight it. No taxes no World wide gov!,869958428776476672
1,Pres' stance on climate change will go down as the worst aspect of his presidency - and that's saying something. Disgr…,869961539947827200
1,"As the probability of civilization-ending climate change rises, a special shout-out to all those who helped make it possib…",869975151558787074
0,appears to have taken down a heinously anti-Semitic tweet about climate change denial. Cuz deleting me…,869983833747324928
-1,Very true - we have to get out - global warming is a hoax -,869984920441159680
-1,"To be clear, if you lecture me about the dangers of climate change and then deny a human fetus is human I’m going to mock yo…",869984930054393856
1,"Trump doesn't believe in climate change, is taking health coverage from 24M people, and under FBI investigation, but sure, foc…",869991748335837185
1,Definition of #covfefe ? = massive distraction from US pulling out of Paris climate change agreement,869993863942995970
0,Not a single mention of China inventing climate change. Fake news!!! #BBCDebate #LeadersDebate,870002363637092362
0,This is being completely misinterpreted. They were pointing out *other peoples'* climate change conspiracy theorie…,870003594321313792
1,OPPOSE THE US WITHDRAWAL FROM THE #PARISAGREEMENT -- We must join the global fight against climate change  ☎️:…,870003606052884480
1,"As Trump decides on Paris, & I team up in to warn about climate change and epidemics: https:…",870004832827985920
-1,Isn't it ironic that every single 'solution' to climate change reads like a laundry list of Liberal priorities? Funny coi…,870008227337052160
1,Mr. Trump : you may not believe in climate change but your insurance company does. Be a businessman,870009465407406080
1,"If we walk away from our #ParisAgreement commitments to reduce carbon emissions & help fight climate change, histor…",870009469576634368
-1,"Wow, now Hillary is blaming the DNC? It's only a matter of time before she blames global warming and Bigfoot. Dems…",870009485862944769
0,"As world leaders fly private jets, limos to talk about climate change... Tell me what verifiable be…",870021009847402496
1,Not good Mr president. climate change is for real,870032255112138752
1,"400,000 deaths a year are linked to climate change. Trump exiting the #ParisAgreement is a humanitarian crisis.",870033368976691207
1,"If you live in Miami and don't believe in climate change, there's something wrong with you. (Cough cough )",870038552276545536
1,climate change is legit a problem why does no one take it seriously,870040631611207681
1,"I call on world leaders, business & civil society to take ambitious action on climate change.",870049580485836800
1,The 'deal' is about how the entire world is effected by climate change. It's unfortunate that…,870050844573548544
1,Existential threat! U.S. needs to accelerate growth in green jobs by treating climate change like the crisis of WWII https…,870065854553128960
1,"Person associates climate change agreement with Obama, hence, it must g…",870069167029972992
1,"Please make clear to . that climate change is real. Green jobs matter. Stop hurting Americans health, econ…",870075395906908160
1,"Hey! We have a new board for bouncing ideas on climate change, are you interested?",870077321797128192
-1,Lol global warming isn't real. RIP to the dock.,870078373204156418
1,The connection between meat and climate change. Great visual explainer by,870080489662447616
0,'Perhaps Senator Rice can enlighten us as to which piece of anatomy really does cause climate change.',870089532497997824
1,"Trump doesn't understand, or care about, climate change, Paris Agreement, or the future. #parisclimateagreement https:…",870094066134003713
-1,Did the climate change before man? Then how do you know it's our fault now? Post hoc fallacy. Google it.,870103645232271360
-1,An important issue and one of many reason I back you. Please DON'T do global warming crap,870107875649216516
1,God gave us the brainpower to understand climate change and enough natural resources to take care of it. God is wai…,870111930362585091
1,Isn't that part of the Secret Coalition agreement ? To do as little as possible/thwart climate change policy #auspol,870114160201183232
1,Y'all climate change is real like idek how this is still a debate ,870121027816312833
0,"If you want to see real climate change, look at 90% white Detroit in 1940 versus 7% white Detroit in 2017.... Demography is dest…",870128041296572416
0,i don't really fuck with climate change analysis centered around how 'humans are a plague on the earth' or whatever,870128042588483585
1,"Please , study the long term implications of climate change. I know you care about conflict & mig…",870154694248849408
1,One can only hope that the little we are doing to prevent climate change isn't decimated tomorrow.,870155688839966723
0,FFS I look away from Twitter for FIVE MINUTES and Malcolm Roberts starts talking about dicks and climate change,870156860803895296
1,Because climate change is a game show.,870166808673882112
1,"Contacting reps isn't enough. If yr tryna make sense of climate change, race, place, class,+gender, here's some help https:/…",870167955539099648
1,please send him to Venus so he can experience what global warming really is. no walls can protect him there. right…,870171444184993792
1,"Human rights, climate change, supply chain, business ethics, CG: most important engagement issues for Swiss investo…",870171446454226947
1,"No offense to a good meme, but could y'all chill on the whole #covfefe thing to talk about, you know, the whole climate change business.",870171498597818368
1,"I don't really care what your political views are, but how can you not 'believe' in global warming. It's not Santa Claus,…",870172571634892800
1,"When climate change starts having disastrous effect, I say we jail every person in government voting against climate exactly…",870173715505565696
1,"With or without Washington, we're working to aggressively fight climate change. #ParisAgreement",870174877314985984
1,I know that climate change is a paramount threat to our future. Time to clean house of polluters' rigged science and bo…,870176077859180546
1,Does Trump know or even care that his beloved Mar a Largo estate will be under water without an agreement on climate change !,870177222400856064
1,Tim Farron: 'There's no bigger threat to our country than climate change.' Those suicide oak trees need watching. #BBCDeba…,870178472911622144
1,The U.S. could learn from China about climate change policy | Opinion,870181973129650176
0,IDIOT IN ACTION - One Nation senator Malcolm Roberts asking about the connection between penises and climate change…,870183102433251328
1,Why will companies cut pollution under Turnbull Govt? Because they're 'good citizens' Govt's climate change policy…,870184377220685824
-1,Global warming is fake! RT World leaders duped by manipulated global warming data via,870195739540025346
1,Refusing to act on climate change means allowing severe weather to hurt OH farmers and turning a blind eye to algal bl…,870203925235982337
-1,Hollywood should lead on climate change by turning off the A/C,870222047397507072
-1,"If the fukn libs would close their traps, there would not be global warming - all they spew is hot air and CO2",870491247634391041
1,Fighting global warming does require starving. Get your data from science not right wing propaganda,870496500664512512
-1,The earth had 'global warming' back around 800 A.D. Lasted about 500 years. Caused by prehistoric SUVs and power plants. I guess.,870498502786162690
-1,How bout you refund the billions you've stolen in federal grants to fund your portfolio. Real climate change: To yo…,870499885174243328
-1,"Tucker global warming its June 1st and its 55 degrees! This climate change is a scam! Obama,Clintons…",870518895362297857
0,"In '10, Ivanka thought climate change was a joke.",870520020404641792
1,"Inaction is not an option. We need to act NOW on climate change. RT if you’re with us. #foreverychild, a safe plane…",870528764735885312
0,"Maybe a freak storm, generated by global warming, will hit Washington DC, damage White House, Congress and other hi…",870529792604372992
1,College educated GOPers are most likely GOPers not to like Trump. They're also most likely to think climate change eff…,870536821100486656
0,That's the way to tackle global climate change: treat it as a domestic issue so the UV toasts only cheese eating surre…,870540075049922560
1,"Time for #TheresaMay to choose is she with Trump, Assad & Ortega on climate change or is she with the rest of us #Clima…",870547190489460736
0,I don't think that's accurate. Many doubt man made climate change…,870547207815954432
1,Why would a President withdrew from a climate change deal?! #ParisAgreement,870551649558908928
-1,But if he doesn't combat global warming there won't be any more snowflakes to make fun of,870551658375282689
0,Please don't worry about climate change. Congressman Tim Wahlberg has a plan. (via …,870551667342704640
0,Your mcm thinks climate change is a hoax.,870553786670088192
1,UN Secretary General calls on the world to remain united in the face of climate change (We must stand firm! #auspol) ht…,870566979458826242
1,"Just a reminder than climate change hypocrite Trudeau is a #keystoneXL pipeline enabler, sending filthy Alberta tar…",870570321673424896
0,"Of interest to our #Criminology students -- in green criminology, climate change, criminality and conflict are incr…",870571383826391040
1,"Urgent action on climate change and marine plastic pollution needed to #SaveOurOcean, help food security, #SDGs…",870572402748538880
1,"I mean, even Palestine and Israel agree that climate change needs to be addressed.",870577754101739523
0,"The cold facts about the Paris Agreement, global warming, & the Constitution",870582700519960576
1,Al Gore may be a scam but climate change is real.,870585921011363841
1,I just love you. climate change IS real & my WV coal miner papa would think you're a m…,870588118470209536
0,ain't no one scared of climate change until mother nature comes out with a gucci belt on,870590284496871424
1,"He's pretending not to believe in climate change to make a profit. The WORLD is on board for a deal to help SAVE it, and he tur…",870597690178117632
1,The EU will keep leading the fight on climate change #ParisAgreement,870600909721669634
1,Why is climate change a religious issue? Because God's creation is holy. And climate change hurts the poor the most. htt…,870600937701863424
0,I don't believe the decision was based on climate change but rather no realistic changes for good from China or India,870605011004395520
1,Politico then: she's going to be the climate czar. Politico now: climate change was never really her thing,870607206844055552
1,Kellyanne Conway asked 3 times if Trump still thinks global warming is a hoax. She dodges all 3 times.,870608424203157505
1,Why don’t Christian conservatives worry about climate change? God.,870609486326763520
1,Devastated that the one binding agreement to combat inevitable climate change has been defanged by our new president …,870615724133306368
1,This #WorldEnvironmentDay let’s fight climate change with diet change. Go vegetarian :…,870616757290934272
1,He is an ignorant yokel. He won't even say he thinks global warming is a real phenomeno…,870630055403282432
1,That's so awesome and inspiring to see the States come together despite #Trump short sightedness re: climate change - IT IS REAL!!!!,870631907201081344
1,Now! Al Gore calls on the American people to fight climate change: #bestbuy #job #np #musi…,870631915761672192
0,Not sure the squirming on climate change & fear of offending Trump is going to play well for the Tories either https:/…,870632753783504897
-1,"Leo: Hangs out with oil billionaires, flies private dozens of times a year. Lectures Trump about 'climate change'. http…",870632759487643648
-1,"'Am convinced global warming is manmade so I'm leaving Paris in my jet, leaving a huge carbon footprint,…",870633645031251968
1,It blows my mind that some people truly believe that climate change isn't real,870633647304577026
0,Do you believe in man made (not natural) climate change?,870633650152497154
0,This is how the President of America discusses the major issue of international climate change control:…,870634546223558656
0,Can climate change be real if it's not in the Handmaid's Tale?,870636623637209089
1,This is the absolute perfect distillation of the right's central position on climate change.,870638718830424065
1,Good morning to everyone except climate change deniers ☀️,870642458778054657
-1,California is suffering some particularly severe global warming this year,870644356323188739
1,Please tell me the Sec of Ed is not equating climate change to seasons.,870648212520136709
1,Good thing America doesn’t have to worry about climate change because Jesus will protect us with a magic bubble,870648225195327488
1,The areas of the US that will be most disproportionately affected by climate change are red states in Trump Country: https:…,870649263419662340
1,"Here is a picture of my Friday hero. Having fun, fighting climate change, and setting the example for the next gen…",870649264871014401
-1,It's sickening how other world leaders think climate change is more important than eliminating ISIS. #ParisAgreement #P…,870652039952510977
-1,Will it now be the policy of Disney to never fly on private jets since you are so scared of climate change?,870654873347522561
0,"if you believe n climate change,no one will stop you from sending them a check or ditiching your car.",870658680496283648
1,Could reporters stop asking if political leaders 'believe' in climate change and start asking if they understand it inst…,870662041299800066
0,Than turning everyone against those who don't understand. If you were greeted the way people who don't believe in climate change are (4),870663012016848896
1,Can't wait to see our planet die because of global warming I'll 'thank' you later #MakeOurPlanetGreatAg…,870671740778762240
0,global warming is a concern of the gay community because it shortens how many rooftop parties we can attend.,870672642549977088
1,How will 'climate change is a lib fraud' propagandists explain that 100 large US corporations have stiffed Trump & comm…,870675399977689088
1,I think he is way off. US has been largest polluter for 50 years. I like Rand but climate change is not hysterical,870678904809205760
1,He hasn't read anything about climate change. Nothing. But he's sure it's not a problem. #IgnoranceIsDeadly,870679806693711873
1,"A timeline of Earth's temperature since the last Ice Age: a clear, direct, and funny visualization of climate change",870685869107101696
0,Not exactly You resigned because you wouldn't be benefitting from climate change agenda. You…,870686672085594115
-1,"Dear celebs, when you give up your estates and private jets then maybe we'll listen to your rants on climate change. #ParisAgr…",870689426099191809
0,Please Retweet today's poll: Do you believe in man-made climate change? Call 020 38 29 1234,870690301219807232
-1,"Emmanuel Macron's concern for climate change probably stems from his wife, who is old enough to remember the last ice a…",870694050348670976
1,"Yes, and not only in the future tense. (That is: Americans have already died because of climate change.)",870696792492580864
1,Q: Does President Trump believe in climate change? A: He believes in beautiful chocolate cake. #pressbriefing https:…,870698488337547267
1,'perspective' ... he's facing criminal charges for deceiving everyone about climate change. Tillerson ... Go 'perspective' yourself. ,870700296837578752
1,Watching Scott Pruitt talk nonsense about global warming is raising my BP. #fool #ParisAgreement,870701229462102016
0,Why are people pretending Trump's views about climate change are some kind of mystery? He's answered the question p…,870705210171076608
-1,Since it's conception climate change has had different names to suit the agenda. 30 years of predictions haven'…,870709195275870208
1,"In Florida, not enough to posture on climate change if silent on fossil fuels, fracking, Sabal Trail pipeline, and solar fo…",870719286636978176
1,Most center-right parties agree w/ 'the left' on climate change. Even France's National Front. GOP's an outlier.,870719301053014016
1,In the news: Now that we are leaving the Paris Agreement what can Mainers do to help combat climate change,870721302079909888
1,so how many articles during campaign did The Intercept do on Trump and climate change vs number of articles on Clin…,870721304621699073
0,"Please get real about climate change. Study the facts, and no, your not a good scientist",870724458570502146
1,Jeremy Corbyn rightly slammed Trump's climate change stupidity. What did May do? Offer him the NHS?,870726816255836161
1,It doesn't matter if Donald Trump still believes climate change is a hoax,870727784661831680
0,It doesn't matter if Donald Trump still believes climate change is a hoax #Tech #Technology,870727792131842048
-1,climate change is a hoax,870729650535895042
0,its always them walking out of the room or getting mad when they state facts. yall shouldve seen the hurt faces in my global warming class,870731740725116928
1,Horrible effects of #globalwarming: Time for us to look at the damaging effects of global warming.,870737062244343808
0,'I would sign a letter with any other letter' says Jezza on climate change. That's what he's been doing for 40 years.…,870737994952605696
1,This is a big problem w/ climate change solutions: the professional class is rich enough to shrug off the costs so…,870739880543911936
1,"it's 2017 and people still find global warming as something they can choose, like 'i don't believe in global warming' it's literally a fact?",870739901536403456
-1,People who believe in man made 'climate change' are also 500% more likely to believe Nigerian prince emails.,870741897295409152
0,"#bbcqt I don't want a leader that says 'Yes, I'll press it'. N Korea has one of them. Still nuclear winter would counteract global warming",870745986653704193
1,Opinion: American executives who disagree with Trump over climate change ought to stand up for what they believe,870747996895498240
-1,"Earth to Shepard Smith.No one denies climate change is real,we question mans extent Show me the linkage in the ent…",870750192198406144
1,We oppose the U.S. withdrawal from the Paris Agreement and reaffirm our commitment to mitigating climate change:…,870753181264949249
1,"glad to know that climate change, and not a massive neo-Nazi affront to core american values, is where elon musk dr…",870754169690275840
1,No dumber right-wing trope than 'It's hypocritical to say you care about climate change but still do [insert normal societal a…,870755390501158912
-1,If all you people were as concerned about terrorism as you are about climate change....that'd be great.,870755409484820481
-1,Liberals DEMAND President Trump accept the climate change apocalypse is science. Ok. According to science we have 2 biologi…,870762482176065537
1,Adults are wasting valuable minutes of their lives trying to figure out if a birther thinks climate change is a hoax.,870763502893322240
1,"CEOs donate to Repubs who reject climate change, somehow shocked, shocked when same party rejects climate change -->",870763511722409984
-1,America should not do deals with leaders that think climate change is a bigger deal than killing ISIS. #ParisAgreement,870765942497792000
0,You know what's the best thing about global warming? Sundresses,870765954006908928
-1,Here dumbass here's the truth Read It and Weep you climate change little bitch,870766918726275073
-1,Don't need to worry about climate change in Europe. In time the Muslims will have killed everyone before mother nat…,870767772028063744
0,Should the U.S. fight climate change by giving billions of dollars to other countries for no binding commitment? NO,870769847248007168
1,We'll continue to fight climate change as it is one of the leading threats to wildlife & wild places!,870777666965819392
1,Donald Trump's White House refuses say whether he believes in climate change. They're not too sure about gravity either.,870778790485655552
1,First: The public understands climate change better than Congress. Why? #JohnHoldren explain: htt…,870784611982430208
1,will fulfill our climate change commitments and preserve clean air and water for all to thrive.,870785727646138368
1,Let's assume climate change isn't happening. Having cleaner air and water ain't bad either way.,870786695192563714
1,Trump admin do not believe science about global warming and challenge it based on Technology. #inanefuckingidiots,870794086466433025
1,2/2 in this reform to combat climate change since they are one of the top polluters,870794099724386304
0,are they serious? Now I've seen everything. What does race have to do with climate change?,870795707950747648
0,"Any of these people who take private jets should never, ever complain about climate change !!",870795730579070977
0,Do you believe in climate change? Whether you're super pumped that we are putting 'Americans…,870798602515341312
1,No. Adm Mullen has been saying climate change threat since Bush admin. DOD has prioritized for decades.,870798617505914880
1,I added a video to a playlist OBAMA DESTROYS Republicans on climate change,870806137771360257
1,"What if we tell Pence that ignoring climate change data is like, really really gay",870808115394093056
1,Climate change affects all nations and tackling climate change is a shared challenge that can only succeed if we al…,870808127817396225
1,Michael Bloomberg is picking up the climate change slack & Trump is gonna be so mad,870810255738929153
-1,"Your a fake, a fraud. Just like man-made climate change. Top ex NOAA scientist has revealed he skewed wa…",870810280472838144
0,is a hypocrite just like the rest of the celebrities on climate change who…,870813253537939457
1,"Trump said climate change is a hoax, then warned of its dire effects in app to build sea wall at Irish golf course. ht…",870815279269457921
1,Soup is here thanks for all the great tweets have a great weekend. Also climate change is real and leaving the Paris Accord…,870816166050246656
1,"You know the whole climate change debate isn't just about a rejection of evidence, but what the action to take should be.",870826974389784576
1,Wrapping up our #ParisAgreement protest. Fascists need to learn to respect the environment & climate change.,870832614986448897
0,"here's the ceo of GE, a company that gives money to jim inhofe - a senator who believes global warming is a hoax https…",870835746919284736
1,"Pence says climate change is part of a 'liberal' agenda. No Mike, everyone IN THE WORLD but y'all think we must act. https:/…",870837621987057667
1,The pope asked trump to support climate change but he said no is that Christian to you?,870844990888562688
0,"'Here in Fecalopolis, we're concerned about climate change.' 'so are you banning cars and air conditioning' 'haha no I…",870845843070361600
1,I believe in climate change and I don't even believe in myself,870853691892314112
1,The changes humanity needs to adapt to climate change would cost <0.1% of global GDP #ClimateFacts,870854323558678528
1,The WH line is the president pulled out of a major climate change treaty without discussing or considering whether climate c…,870855346973265921
1,Memorize the number (202) 224-3121. Keep up the calls on climate change and so many other key issues. They're making a di…,870863124751990784
1,Blackhawks' Jonathan Toews shares passionate message about climate change - For The Win,870863125137965058
0,What do scientists actually believe about climate change? #ParisAgreement,870868001750491138
-1,This is why I avoid climate change discussions. It's a religion.,870868026534572033
-1,RT this over and over again. Proof that man made global warming is a sham,870868993363640321
1,China and India are doing more to fight climate change than they promised in Paris,870870915365519360
-1,Tucker Carlson obliterates leftists over Paris Accord: ‘Shut up and believe’ is climate change creed,870881120677761024
1,"So, the VP doesn't believe in climate change, that people are born LGBT, or that birth control (1/2)",870886271224340481
1,Keep calm and carry on the fight against climate change,870890359101865984
0,You cannot talk about climate change and defence in the same moment audience - push the button and you will not nee…,870896969669128193
1,goodnight to everyone except to those who don't believe in climate change,870901125007986688
0,This entry by Clive James for the stupidest article ever written about climate change is going to be hard to beat,870904289194946561
1,The reality of climate change impacts everyone but the truth is that poor communities suffer most...perpetuating the injusti…,870912352346046464
1,"We should actually all be doing more individually to fight climate change though, right? Esp now it'll have the added bon…",870913081617993728
1,global warming is real,870913084532981761
-1,There is no climate change. Look up kyoto treaty and get back to me....,870916517281513472
0,y'all trippin about climate change like we didn't already know that we all die you either kill yourself or get killed,870919652112711680
1,"For the dim, worsening global warming causing melting of the ice caps will raise sea levels. Perhaps not to the Mid…",870922968750202880
0,"if dia believes in global warming u should too,",870934435784413184
-1,Iconic Australian satirist Clive James has penned a savage essay on climate change alarmism,870941250416893952
1,What if climate change is just made up and we create a better world for nothing?,870947697620127744
1,This article is the perfect answer to Donald Trump's rant against India on climate change. India is doing…,870954025939640320
1,America: Where climate change is “unproven” to people 100% sure a guy called Noah fit all the world's animals on hi…,870960664117948416
1,If your hair is becoming white and crusty and your skin is turning orange...global warming is probably a thing.,870961843908509697
1,im howling at these global warming memes but for real im acctually worried about the environment,870967546782023680
-1,Honestly shut the fuck up about 'climate change'. Like you fucks really give a shit. Stop fronting.,870971875811364864
1,Fighting climate change isn’t a ‘waste of money’ — it’s a good investment,870977277823266816
1,"“There is no cohesive, consistent alternative theory to human-caused global warming.”",870981816747827200
1,Mike Pence lies as much as Trump and knows full well that climate change is a nonpartisan issue!,870985883478044672
1,Countries most impacted by climate change are in Africa–there isn't a clearer sign of Trump's racism than his refus…,871006839395241985
1,"Even if you don't believe in climate change, WHY WOULD YOU BE AGAINST MAKING THE WORLD A BETTER PLACE????",871009802553634820
-1,"I usually don't ask for retweets, but this guy founded the weather channel and says global warming is a complete ho…",871014143666475009
1,Such funny debate abt whether Trump 'believes in' climate change. Real question is whether he's ever thought abt it. Answer is…,871015285184188416
1,NYC is ready to lead on climate change.,871015312304463873
1,"Over 160,000 passionate climate change activists attended the Coachella Music Festival in California this year. https:/…",871023724119576576
1,I signed Executive Order 26 because New York City's future is threatened by climate change. We will honor the goals…,871029013711474688
1,"With no climate change leadership in the White House, can entrepreneurs and green energy companies redeem the U.S.?",871032335176798208
1,Isn't it amazing how people actually think that climate change is fake. I guess the overwhelming evidence just isn't good enough for people,871032388868075520
0,All we need to know about climate change is summed up in Genesis 8:22.,871034337571065856
1,Trump's stupidity on climate change will galvanize environmentalists,871043076868984833
1,Why Pruitt's dynamically dumb approach to climate change? Peddles Junk Science pushing Trump’s Anti-Climate Agenda,871045341264711680
1,WH officials refuse to say whether Trump believes in human contribution to climate change. “I think that speaks for itself…,871046489413345280
1,"Reminder: Trump factored in the REAL world effects of climate change, when it came to protecting his golf course...",871048662616428545
0,When we look to the Bible it can bring about something even more important than climate change—It can bring about a he…,871067015099887617
0,Yall suprised smashmouth is woke? When their most popular song is a whole ass warning about climate change,871067047647526912
1,"Once you get around the air, the water and the food we eat, climate change is really no big deal.",871069298650775556
1,This city has seen the destructive power of climate change. That's why we're committing to the #ParisAgreement.,871072305279111169
1,Really so him saying that global warming is the greatest threat we face wasn't truth? Please…,871075155669381120
-1,The ONLY remedy to cure global warming is to write checks to the UN?,871078270728634368
1,"We don't need laws to stop climate change, God won't allow it. We need laws to stop abortion, which God hates but won't d…",871085667794792450
1,"President Trump's decision to pull US out of the Paris Accord on climate change reflects a materialistic, selfish & short…",871090030416191488
1,"Donald Trump calls climate change a hoax, but worries it could hurt his golf course",871100617367990272
1,LGBTQ friends should be on high alert! went after climate change and couldn't change…,871104994635792384
1,GOP denied climate change before during and after the Obama presidency. It's just not credible to let them justify…,871105004597202944
1,"If the White House is going to stand in the way of real progress on climate change, then we have to create progress ourse…",871106025608421377
1,"Regardless if you believe in climate change or not, don't you want to live in a cleaner ? I'm no scientist, but I…",871109274277003265
1,"Lord Dampnut, the device you tweet on at 3am was invented and developed by those who believe in climate change. So pull…",871113640744759297
-1,"The only climate change there is, is the climate that has changed in Washington. We now have a President who is putting…",871115843173789696
-1,Founder of the weather channel calls global warming a huge hoax founded on faked data and junk science,871119031989923840
0,Lol we were talking about global warming you twit.,871128129015873536
0,Only 15 minutes in and you've obliterated their climate change…,871130471345901572
-1,I am not concerned about global warming I am however terrified of global government,871131631066558464
-1,"Wait, I thought climate change was a bigger threat than ISIS. where is the rabid faux outrage now, snowflakes??",871131644006064129
0,"I suppose the next step is to queue up an inspirational song, change my profile pic to a Union Jack & blame global warming. #LondonBridge",871131650037514241
-1,wonder how long it will be before John Kerry blames the latest attacks in London on climate change??,871135076796350464
1,"France is trolling the again about climate change, taking this video and editing it original vid:…",871135120597635072
1,"So apparently climate change won't affect people in Des Moines, Iowa. Good to know because the rest of us are f***ed https:/…",871139472125177857
1,Actually that would do more to eradicate global warming.,871139524994138112
-1,EU leaders just spent a week lecturing Trump that climate change is a bigger threat than ISIS,871141871673724928
-1,"Can't wait to say the real danger is climate change, #londonbridge #MAGA",871142818659549184
1,Tell the people in london to calm down..climate change is our biggest threat.,871148566449909761
1,"The Paris Agreement was not just about climate change. It was about American leadership. We blew it. My latest:",871151609803132929
1,Higher ed 'has a responsibility to students who will live in a world affected by climate change.',871721718137704448
-1,"'Eleven years later, weren't you wrong?' -Chris Wallace confronts former VP Al Gore over global warming claims |…",871727467005972481
1,"Wow, thanks for reading our report, ! More on child marriage and climate change here:…",871728666333544449
1,How do people deny that global warming exist? That's like saying the earth is flat. You sound flat out dumb!,871728670230040576
-1,Political correctness could use a little climate change. #wakeupAmerica #tcot #ccot #morningjoe,871731321097289729
1,Read this *fantastic* piece on teaching kids climate change in conservative districts by,871734764532678656
1,"good grief, if you think climate change = 'weather' don't hang a lantern on it for everyone to see",871737204535689217
1,"To find out who exactly your representatives are so you can see what they think about climate change, go here: https:/…",871757658541375488
-1,i like how this was called global warming about 2 years ago,871786988361228288
1,The US is relocating an entire town because of climate change. And this is just the beginning,871791637848100864
1,"Please join WA, NY & CA and the new alliance of states dedicated to fighting global warming.",871798912797093889
1,Today is #WorldEnvironmentDay! Global climate change affects everyone & we all must protect the world we live in.,871807644712960000
1,"I stand with Pittsburgh, Paris, the majority of Americans and the future children of this world don't deserve global warming. #ParisAccord",871810149408755716
0,said would handle climate change like O.J. would hunt for his ex-wife’s murderer.,871813934654902278
1,Proud to be part of the fight against climate change ; one of #Qc top priorities #QcDiplo…,871821294676963328
0,Silly twit! Tricks are for kids! Resigning over climate change? What a silly rabbit!,871825039192195072
-1,I just have a hard time believing climate change extremists when so many of them also believe boys can become girls.,871826272980271104
1,The future might be in good hands if global warming doesn't take us all out,871827541992108034
1,Teaching climate change in coal country - how kids respond when family and teachers tell you different things,871828741898592256
0,"A Modest Proposal... To fight climate change, start with Leonardo DiCaprio's private jet lifestyle via",871838514597560320
0,Why won't the White House tell us what Trump thinks of climate change #D5,871840459676688385
1,"'if I talk about global warming, that’s not politics. That’s science.' Neil deGrasse Tyson #ParisAccord #CLT",871844475949264896
1,Extremely proud of my home state for realizing that climate change is not a hoax and how important it is to protect…,871844495901503492
-1,CON ARTIST Al Gore group demands $15 trillion to fight global warming #ma4t,871858535709237248
0,"I'm in full support of the phrase 'climate change is a hoax' if hoax stands for Hot, Old, Anal, X-rated & 'climate change'…",871867749487722496
0,I wrote THE BEST presidential briefing on global warming for Donald Trump,871877114735321088
1,There are no discussions to be had about 'beliefs' regarding climate change. It's settled science. Now we need to talk s…,871882728932651008
1,'The decision taken by President Trump will not mark a setback in the fight of #Milano against climate change.” -…,871892511349932032
0,"London's mayor saying can't stop terrorism...but can stop climate change? And if he's right, why no terrorism in T…",871893732815228928
-1,"Thankfully, America has a President that recognizes Radical Islamic Terrorism is a bigger threat than climate change.…",871903074964688897
1,Happy #WorldEnvironmentDay! Let's ensure we celebrate every year by teaching about climate change…,871908073819996165
1,The US is relocating an entire town because of climate change. And this is just the beginning via…,871933156999536641
0,"• Does this make global warming worse? • What happens next? • What does this mean for USA? My story, w/ answers: https…",871940365477130240
0,notiven: RT: nytimesworld :What does Trump actually believe about climate change? Rick Perry joins other aides in …,871944860869287940
0,"#NHL season still going on in mid summer. Predators had better win the Stanley Cup soon, before global warming melts the ice.",871948384399130628
-1,President Trump's clarity on climate change has Al Gore in a panic. Guess it will be harder to profit off the greatest scientific con now.,871949462511517697
0,I know no journalist will ask this. Please explain specifically how climate change is a national security issue.,871951489589272577
1,"Pollution, overfishing and the effects of climate change are severely damaging the health of our oceans.…",871958990082756609
1,"As climate change scientists have been warning for years, idiots!",871964423149174784
1,Hopefully someday we'll get a reality-based climate agreement that helps prepare for and adapt to whatever climate change br…,871973365879377920
0,i'm convinced that fake 'blonde' girls with stick thin // obvs straightened hair is the reason climate change is real.,871992167400706048
0,"Oh no, Bad climate change. I only voted for Good climate change.",872006946907455489
1,Wonderful partnership between +Fiji to deliver regenerative answer to ocean+climate change challeng…,872012650535731200
1,U kno with climate change it kinda bugs me how Americans centre it around themselves and not on the third world lol,872024404959440896
1,"Because of climate change, the US is relocating the entire town of Isle de Jean Charles, Louisiana.",872029507150065664
1,Our elected leaders in the WH are dead wrong on climate change. As a scientist and an…,872029541547552770
-1,EPA head Pruitt: Paris climate change agreement 'all hat and no cattle' via the Android app America first!,872041892984143873
1,We work with local communities to foster biodiversity and mitigate climate change. Learn more:…,872059520935227393
0,Great article about the teachers teaching climate change is manmade & the conservative parents & kids rejecting it,872060596828733440
0,"Enough 'tea and biscuits engagement' - panel on climate change, board governance, and inv industry supply chains #rieurope17",872063726681300994
1,"Would you have kids, given climate change? | terrestrial",872082714471649281
1,A new book ranks the top 100 solutions to climate change. The results are surprising:,872087914452307968
1,"But if you like, let's reallocate whatever we're wasting on defense to fight an actual problem like climate change! 2/2",872087947331252224
1,"yet if you're interested in climate change, science exploration, mental health and equal ri…",872088960205565958
1,An open letter from academics to the Trump administration on climate change. Sign away folks: #ParisAgreement,872103181089595393
0,"The #ParisAccord would have a negligible effect on global warming (per MIT study), and at an extraordinary economic cost.",872114700582084609
1,"People, if you want to be in the know about climate change, here ya go. Amazing journalists on this list. Thanks…",872136753896935424
1,"Reduced Food Waste is the #3 solution to reversing global warming, long overlooked, now being done in NYC",872136796045549568
1,Don't let the Trump administration destroy our environment. Join us to fight climate change today!,872142542242013184
1,Visit to know more about recent research on climate change impacts on ice loads for transmission lines across Canada,872145003539312641
1,"'lol climate change isn't real, you idiot.' - Guy that DVRs 8 different 'Searching for Bigfoot' shows",872150524992278528
1,Conversations by top climate change influencers in the last week,872154910426615808
-1,RT to all still uninformed about climate change hoax Top Scientist Resigns Admitting Global Warming Is A Big Scam https:…,872158378352664576
-1,Wake up libs! Radical Islamic terrorism is a much bigger threat than climate change. We're lucky to have a POTUS wh…,872161718922649600
0,Donald most intelligent speech on 'climate change'...,872173950633205760
1,We have enough science to believe in climate change and in the causes of all problems with the ocean. -…,872174014814408707
1,"They proliferate new products, but don't address climate change. Capitalism is a religion and its adherents worship money.",872177408442544128
1,"fighting climate change shouldn’t be a partisan issue, is an ally we need #FL26 #actonclimate ht…",872178506561662979
-1,"We're hectored to be like the French on adultery & global warming. Why can't we be like the French on hiring large, strong…",872178515956969472
1,GOPer: Why we don't talk about climate change - In the days since President Trump announced his intention to wi...,872185333298987008
1,"Pakistan is one of the six countries going to be the most affected by climate change, yet we are building coal fired power plants. #CPEC",872185359190310912
1,"you (blinded by a moral code): we must stop global warming me (smart, hungry for death): the faster the planet burns up the…",872186683621490689
0,Now scientists researching a mental “vaccine” to treat “climate change denial”,872186690651045889
0,"savor ur cold ones while u can, climate change is gonna have u cracking a lukewarm one w the boys lmao",872186718920728576
1,Climate Champion Seruiratu with climate change leaders at Climate Action Stakeholders Consultation,872194108131028992
1,"I took the #ParisAgreement to the ISS: from space, climate change is very real. Some could probably use the view…",872197839597731840
1,These 10 foods are among the biggest generators of climate change-causing greenhouse gases. Learn more in our repor…,872212453639290881
1,but..... how................. the fuck do you deny global warming? HOW ARE THE BEES DYING MOTHER,872214898247380993
0,"Too bad he forgot what he wrote in Laudato Si, the Pope’s climate change encyclical, which he gave to Trump 2/2",872217266808512512
1,"It's June and feels like November. I want out of Canada. Also, climate change is a bitch.",872233634627022848
1,Informal science education centers are stepping up to talk climate change with guests. WE are the solution!,872235659112665088
1,Pope Francis is taking climate change seriously. Why his embrace of science matters:,872237001751363585
1,The US is relocating an entire town because of climate change. And this is just the beginning via,872244391917658112
0,Ex-colleague of Ambassador Rank tells that climate change was a key reason he took the job in China…,872248055310958592
-1,Many globalist world leaders are convinced climate change is humanity's greatest threat. To not agree would make yo…,872251392525713408
-1,And owns a condo in a San Fran flood zone - guess he doesn't believe in climate change after all,872271475973255169
1,Patagonia is a company that strongly believes in climate change so sorry frat boyz you better find a new sweater to wear…,872271515810750464
1,#WeThePeople Jesse Watters: 'No one is dying from climate change' How climate change is killing people:,872292877447163906
0,Donald Trump's climate change deal doesn't change the fact that my dick is still small.,872306112242077700
-1,From Bitcoin to climate change: The top 10 things you probably believe that are complete bulls##t,872310636243542016
1,I think debating climate change is perfectly acceptable. It may sway the naysayers. That's how debates work.,872312821740167173
0,Actually a lot of us believe in climate change. We just think we shouldn't have to pay for the entire world.,872313883511463937
-1,For sure Pam ... They worry about things like climate change and diets but turn th…,872323032269893632
1,This photo by Kerstin Langenberger shows how polar bears are being affected by climate change.,872324153331810304
-1,"Global cooling, global warming, oh wait.. Climate Change.. My tax dollars flushed down the FN toilet   Ridiculous",872338817734332417
1,"One graphic, a lot of months of global warming",872338874063835136
1,Trump doesn't believe in climate change so it's up to us Africans to keep recycling ice cream containers for stew to keep the…,872338937930547200
1,at #CEM8. Government is still a super power that should have consensus of climate change. Subnationa…,872356335739949056
1,the #anthropocene is soon upon us & climate change is real - Antarctica has started to turn green ( 1/3,872378730987098114
1,Maybe Trump would care more about #ParisClimateDeal if Barron thought global warming was as real as the beheading picture.,872400715569868801
1,"Excellent (slightly provocative): Anti-vaccers, #climate change deniers, and anti #GMO activists are all the same…",872404354451611649
1,1 day to go. May won't stand up to Trump over the climate change accord. Vote for our planet. Vote for a strong leader. #VoteLabour #GE2017,872405525291560960
0,"Cloris Leachman, Ed Asner, & more take time to remind you that old people don't give a crap about climate change.",872409961677996033
1,"Countries like #Somalia paying the heaviest price for climate change with more frequent, severe droughts. Needs hel…",872415133502492673
1,June 7th. Its 12 degrees outside. Fn climate change is fn real people ,872417678920736768
0,"I was cold back then, but global warming make me hot. By the way, where is my jokbal???",872428062280826880
1,commits to 6 action areas in climate change adaptation - launch of new adaptation innovation approach…,872436357582467072
1,"When our kids are struggling with the brutal consequences of climate change, they'll judge our generation on stuff…",872440723093803008
-1,The so-called “Consensus” on global warming is a massive lie.,872441864812679169
1,You just know climate change is real when it's this cloudy on the first day of the Leaving Cert.,872462905224167424
0,"In the US, climate change has never experienced the level of media attention or public interest it received over th…",872465211550126081
1,"Check out theme & resources for World Green Building Week 2017! In the fight against climate change, #OurHeroIsZero…",872465304609329152
1,A month ago FL was in a horrible drought. What have scientists said about climate change and extreme weather events…,872467683090059264
1,fighting climate change has become the new background check bill: everyone supports it except GOP members of Congress,872469721614102528
0,"With lots of talk on climate change, our contributor brings up some good points. Trump on Paris Climate change",872472158148100096
-1,"Not true....im a racist, xenophobic, sexist, climate change denier that wants to destroy the NHS.",872473443169693696
-1,just like a bunch of lemmings...about to go over the cliff...to propogate the climate change 'lie'.,872487477038022657
1,"The entire world signed on to the Paris Accord, but Mike Pence thinks only the Left cares about climate change.",872490138806304768
0,They tell me global warming will kill us but Coats are trending…,872491367938785282
1,'Business must lobby Congress in order to get action on climate change',872495082703790080
1,Corbyn saying he wouldn't be afraid to call Trump and tell him he's wrong on climate change. Theresa May called Trump & told him he's wrong.,872496180378439680
0,“I don’t think we’re going to have to put on hair shirt & eat bean sprouts.' Who said this on climate change? Yes. htt…,872497570043633664
0,is this some kind of trick ?? Ed?Did u watch the same hearings we did ? Remember when she asked Pompey about climate change?Lol,872498635732332544
0,"I love 's stances, especially on education and climate change!",872501159717728256
1,"You are letting China beat us on climate change, of all things. You should go back to reality TV b/c your governing is SAD!",872502436979539968
1,Karolina Skog: We need to include the oceans in the work against climate change! #saveourocean #Agenda2030,872511342120402949
1,"My latest: A closer look at how the seafood we eat might play a role in climate change, and how climate change may…",872511406452731904
0,If we smoke enough blunts and buy enough Hondas I believe we can stop global warming before 2016,872513490883313668
1,it was 70 degrees in february and it's 47 degrees right now in june but no climate change isn't real,872519243295621120
-1,"Of course they have, fuck all to do with FAKE climate change, all to do with trade partnerships.",872520537880358912
0,I will put an end to climate change,872522860727848964
-1,Should we all extrapolate the 1918 rise to global warming,872525360990113792
-1,#Climatechangehoax #Maga Chicken Little SHEPARD SMITH-climate change is real to pull out puts us at odds w/world ..…,872531314485981188
1,Sitting Beckenham Tory MP Bob Stewart has consistently voted against measures to prevent climate change. That's not #BestForBeckenham,872533700067692544
1,"It floods regularly down there now. Yeah, there's no climate change...",872540098646159361
1,Idk what global warning is but global warming is real,872582930396323840
1,Enjoy your camping trip: How #climate change helped Lyme disease invade America via…,872589227531411459
1,"Just look at what climate change is doing to our children, DO SOMETHING #INPeach",872600090615197696
0,me when i think about global warming,872613792567394304
0,Does he think China will give a rip what a gov of a state thinks about climate change? China will always do whats…,872616379052150785
1,Honestly whether climate change is real or not why would you not wanna take care of the earth? So much to see out there.,872634680931217409
0,If global warming is real then why are my nipples so hard,872653225647681536
-1,CNN's Brian Stelter destroyed by Weather Channel founder John Coleman over global warming. This deserves endless re…,872657444899622912
1,Apple makes an eloquent plea to take climate change seriously,872665488962105344
-1,Why are we worried about climate change when we aren't protecting our unborn?,872699999246745601
1,#social #HR #ReachWest Apple makes an eloquent plea to take climate change seriously,872702793479573504
0,Wikipedia 74% of Canadians see climate change as a threat so throw out that many voters?,872702820893380608
1,We are glad to announce the prepped motions for 12th EU-TH. Environment 1) THW criminalize climate change denial...,872705830793170944
-1,52 degrees in June. Must be that global warming everyone is talking about,872711631599546368
0,Weird how we got WWE announcer Howard 'The Fink' Finkel to write a report about climate change,872721544052563968
1,Isn't it time media held LNP& selves accountable for decade of blocking action on climate change & wasted for own…,872730208444366848
0,"Porous paving matrix, can support a lorry climate change garden #RHSChatsworth #GreeningGreyBritain",872737002680188928
1,Scott Pruitt wants some kind of strange climate change showdown,872750898157678592
-1,When eco-warriors blame Bangladesh flooding on climate change they fail to recognise part played by cut…,872759101775896576
1,"The most effective intervention to climate change isn’t in the Paris Agreement, write & …",872759177747279872
1,"While on one hand Centre speaks of Paris Agreement and our commitment to fighting climate change, locally we damage Aarey…",872788362461138945
-1,Thats two of us who recognise the truth about the myth of climate change and I'm certainly not an 'expert',872797289714200577
1,#WorldOceansDay is a great day to learn about how climate change is affecting sea levels. ,872825876647477249
1,piece in today's paper talks about how our communities will be affected by climate change,872843091673317376
1,or this shows who was already united on this issue and who doesn't see long term value in mitigating climate change,872845645136056320
1,We love companies who are doing their part to combat climate change!,872847377148891141
0,What scares me most about global warming is the possibility of more nude beaches.,872858585209872384
1,Chicago is doubling down against climate change. Today I signed an Executive Order committing our city to adopt…,872862798036045825
1,how can you be a 'lifelong fan' and deny climate change at the same time?,872872141070286848
1,who wants to solve climate change with me on thursday,872872202680623110
1,Tuesday I was wearing boots&a hoodie... today I'm in chocos&a tank. If you don't believe in climate change we need to exchange words.......,872873478130724864
1,Secretary Zinke told 5 lies and 1 sad truth about climate change in 3 minutes,872884106119577600
1,I honestly don't get why people are so against climate change and protecting our environment. WE GET ONE PLANET EAR…,872890662089244672
0,Has Trump made people care more about climate change? This May survey suggests the answer is - MORE!,872901015560966145
0,"paid family leave, lgbtqlmnopqrs rights, climate change, women empowerment, great platform as a democrat....",872910503370252293
-1,'97% of the scientific commity has stated there is global warming bec they have got grant money 2 agree with that p…,872917990446174210
1,highlighted some black leaders in the fight against climate change for | | ✊,872923445453090816
0,I can fix climate change but you won't like it.,872926082147786753
1,cant we just all get along in the short time we have left before climate change kills us all?,872928725322448897
1,needn't look further than his own Mar-A-Lago resort to understand how climate change will affect our oceans http…,872928753508384768
1, #MakeOurPlanetGreatAgain  Today we are determined to lead (and win!) this battle on climate change.,872932902295744512
1,You know what will be even more costly? Trying to address climate change 100 years from now without mitigation.,872944207505346566
1,The only way States can fight against climate change is 2 work around the ignoble authoritarian conman in the WH.,872947101705146368
1,The 10 lost years on climate change policy is entirely due to climate change deniers and vested interests #auspol,872959382434205696
0,How can man say we can stop global warming by putting our AC outside,872961671320522755
1,'Neither of us are scientists. That’s why we have scientists. And 97% of scientists agree that climate change is a…,872975459948019712
0,RT if you're lonely but cute like the moon Fav if you're bout to rage & turn the f up like global warming in 2017,872976675918819328
1,Definitely looks like there's room to apply to work on cultural #heritage and climate change #MerciMacron!,872985065101418496
-1,"There is no such thing as global warming, you behind the times. The earth has not varied b…",872987404012994560
0,"72% of Americans, who want the United States to take aggressive action to slow global warming, would disagree with…",872987412170932225
1,"Like, the entire conservative argument against dealing with climate change is 'but God'.",872988710039629824
1,"Senator James Inhofe of Oklahoma. Ignorant climate change denier and buddy of equally ignorant EPA head Pruitt. Oh,…",872995633237557249
1,We are inseparable from the natural world. Help us fight climate change: #NoPlanetB,872996789443362816
0,Maybe you should focus on hair loss secrets instead because that is affecting you more than global warming guy!,873004351488499712
1,"Look we all die alone, and due to the rapid rise in climate change, it'll probably be drowning.",873008226605961220
1,"Powerful article frm : Everyone believes in global warming, they just dont realize it. Time to #ActOnClimate https:…",873023148287033344
1,"4) Plus dozens of start-ups, investors, non-profits employing thousands of Californians addressing climate change. Our expert…",873048753673879552
1,Working towards the 2018 elections will help us fight climate change.,873048766114398208
1,People of 2017: *dont believe in climate change* *believes in the Kardashian curse*,873059266642432001
1,It didn't take long for #China to fill #America's shoes on #climate change,873082813779648513
0,For $100 per year per household we will ignore climate change???,873086849777979392
1,We use the sea around Britain as a place to build on water & work out solutions to climate change #opendata #smartcitie…,873101760503496705
1,"short intro to DUP-not big into women's rights,LGBTI rights,climate change or opening businesses on Sundays!",873106841617682432
1,Its 2017 and we are about to give DUP power. DUP who are: - anti-abortion - anti-LGBT rights - climate change deniers,873109162930036739
1,"The DUP oppose equal marriage, oppose reversing climate change & oppose lifiting a ban on abortions. The Tories want to d…",873110424404672517
1,They oppose abortion and gay marriage and don't believe in climate change—meet your new party of government…,873119589478965249
1,DUP 'the anti-abortion (...) party of climate change deniers who don't believe in LGBT rights'. Bigoted Healy-Rae…,873120810363297793
1,"An explanation of global climate change from 105 years ago. Simple to understand, regardless of the era.",874017185533804544
1,I KNOW & they say climate change isn't real,874018025665568768
1,"Please don't let the DUP call the shots on abortion, gay rights or climate change. #DUPdeal",874032011685629953
1,"ICYMI: During my interview w/ , we talked climate change, healthcare, education, & good jobs for FL.",874041087018622976
1,carbon emission research intern: (CCC) creates unique and effective tools for mitigating climate change while…,874062219125837825
-1,Watch: Chris Wallace confronts Al Gore over his faulty climate change claims that never came true,874064307172016128
1,#CBC Please end the climate change debate to SAVE THE PLANET B 4 it's too late and allow science to say 'proven' for a CO2 end of the world.,874076418828795904
0,"Here s how you could live and work in France, all expenses paid, to work on climate change: The……",874083471400083456
0,"US: Politics, culture or theology? Why evangelicals back Trump on global warming. #climatechange",874097586600255488
1,"Congrats on being elected. Please don't let the DUP call the shots on sectarianism,abortion, gay rights climate change #DUPdeal",874099784159776771
-1,They're really going all in on this global warming hoax.,874117416363503618
1,There are many reports which says live stocks are major contributors for climate change! Still those who speak...,874119145196969984
1,A historic mistake. The world is moving forward together on climate change. Paris withdrawal leaves American workers & families behind.,874135185024892928
1,"'We are not imagining future climate change, we are watching the rising waters.' –President Remengesau of Palau…",874136304811995137
1,Study finds that marine reserves are helping ecosystems cope with climate change. Read more:,874151337663049728
0,"Panel discussion on the future impacts of volunteering - lots of external factors, economy, environment, climate change, a…",874153676629135361
1,We can expect a rise in many insect vector-borne infectious diseases because of climate change,874203023777689600
1,We gonna die from global warming,874208024369516545
1,The only pudding in the climate change debate is the one between Tony Abbott's ears #qanda,874231479290609664
1,Ironic that oil companies denying climate change cosy up to creationists that deny dinosaurs. Where's your fuel coming fro…,874235206965841920
0,Democrats: climate change is important Republicans: nope it's a hoax NYT: there go Democrats again touting boring centrist pol…,874273526689087489
1,But climate change isn't a thing eh - fucking idiot.,874277361650454529
1,“Do you believe?” is the wrong question to ask public officials about climate change,874281881432469505
1,Shocked to see effects of climate change - 30% of Tajikistan's spectacular glaciers melted. There's no time to lose…,874288452631527424
1,Our oceans are also becoming more acidic due to climate change. That’s a nightmare for coral reefs,874305747827310592
1,"As a result very different exposures and vulnerabilities to climate change are experienced in, say, Chicago, can cause delays.",874310393606410244
0,"You are so hot, that scientists, now, blame you for global warming #KateUptonMoveOver #AwesomeBeauty",874315221451632642
0,Silly climate change.,874328404664999936
1,Compelling documentary work by on what #climate change will bring to B.C.,874337555252039680
1,These stunning timelapse photos may just convince you about climate change.,874348068854005764
1,"The huge weight of working on climate change is that once you know the science & how little time we have to act, u can't ever…",874353246751662080
1,1. Here's an annoying dynamic in US politics. It goes like this: a) pigeonhole climate change as an 'environmental problem.' b)…,874384504814579712
0,"Just published: New animation puts recent climate change in context of past 800,000 yrs",874403676101763072
1,Please RT #iphone #ipad #mac After Ice is a new app that uses AR to simulate the effects of climate change..,874408880931045376
0,Was kind of weird to be the only climate change student in a big oil and gas conference there with…,874423116025528320
1,"Just realized the person who told me 'I don't believe in global warming, but…' is the Trump supporter equivalent of 'I'm not a racist, but…'",874424403035131906
-1,CNN's B.Stelter destroyed by Weather Channel founder John Coleman over global warming. This deserves endless retweet https:…,874433314819584000
1,Omg sometimes I hate being home bc I got in a fight with my dad earlier bc he tried saying global warming isn't real ,874461276491173888
0,Leave climate change; the political economy of #agriculture in India is fanning farmer anger. Also see…,874492419953147904
-1,More proof that liberals are morons about climate change,874508465007468544
1,Artists visualised what climate change could do to New York and it's breathtaking,874511845129891840
1,It's sad cus this goin keep continuing w global warming around,874538648435339264
1,Especially when a climate change denier fills the most powerful political office.,874557863015960576
-1,Do penises cause climate change? Discuss | The Spectator // I need not comment on this one... #liberals,874564725547425793
0,In the world of climate change anything is possible,874566980413657089
1,Barking mad ideology in the coalition is the cause of our energy crisis because climate change deniers are running the Govt…,874572901625741312
1,"Thank you . for single payer healthcare, $15 min wage, equal pay for women, & Leadership on mitigating climate change. #NOT",874577730007961600
1,The answer to climate change? Aboriginal knowledge. We've cared for this country for tens of thousands of years #qanda,874582612588642304
1,i legit don't understand ppl tht think climate change is a hoax....like are you tht dumb? there's evidence literally everywhere you look lol,874611430787559424
1,Does anyone here notice the earth's climate change? Exo's big 3 privilege is really taking a toll,874615925982453760
1,"Please don't let the #DUPdeal turn back the clock on abortion, gay rights or climate change.",874626691729108994
1,"Coalition w/ women hating,homophobic right wing 'Christians', climate change denier is Environment Sec. I feel like I've moved to Trumpton.",874633363759521792
1,"If you all want to stop climate change on a mass scale, stop driving cars, using airplanes, makeup, lube, anything plastic, detergents,Etc.",874654860838416384
0,My contribution to mankind is probably global warming from all my farts,874659791456661506
1,The land of america seems to think that climate change is inconsequential..,874670823453360128
1,join us tomorrow for #HRC35 event on #childrenrights in context of climate change. key message: protect and empower…,874693674873090048
0,ur mcm thinks climate change is a hoax,874702806099406850
1,When are we gonna stop just talking about climate change and actually do something about it,874740604110065664
-1,"This is what climate change looks like CNN, thanks for more FAKE NEWS!",874765754373201922
-1,"As far as science, climate change I'm assuming ur talk about. Do u know how many millio…",874784385534480384
0,"If global warming isn't real, then why did Club Penguin get shut down?",874791485547335681
1,I'm proud to announce will become first major museum to commit to the Paris Accords on climate change. https…,874800178531672064
1,Every year is the hottest year ever - global warming. Every week is the worst week ever for the presidency of …,874811244951109632
1,climate change is too real for us not to install solar panels in congress and harness the collective shine of old white polit…,874831454806695937
1,#ChhotiSiAchhai A3) Plant a tree to stop global warming,874873168078536705
1,Coverage of new thesis: National coordination for successful climate change action,874894912319344641
1,This machine just started sucking CO2 out of the air to save us from climate change #innovation #climatechange,874920764297945088
1,Ignoring or denying climate change is beyond reckless. Glad to join the world's climate leaders today to move the…,875013188613361664
1,People still don't believe in global warming ‍♂️ what can we do especially with the president pulling out of the P…,875041919243628544
1,Donald Trump to mayor of island sinking due to climate change: Don't worry about it!,875060885722734593
1,'Climate change truth' | My LTE in the debunking an Oregonian climate change denier:…,875082428796116992
0,These are all False claims about climate change,875082438732431360
1,I don't believe in climate change but humans are killing the planet with the pollution we create,875082453030973440
1,"Leftie cities want to fight climate change, but won't take the most obvious step to do it.",875127421418192897
1,99% of credible scientists believe that climate change is man-made. I'm going to beli…,875128576219205632
1,The main reason Jesus can walk on water is so when he returns he can survive this climate change disaster.,875143529835536384
1,Arctic climate change study has been canceled due to climate change. Warmer temperatures & moving ice make it unsafe https…,875148628406521856
1,Opinion: Why Donald Trump can’t put the green genie back in the bottle on climate change,875236259916021761
1,#climatechange The Drum How Twitter and Carbon Brief are helping climate change scientists…,875257610064216064
1,Donald Trump to mayor of island sinking due to climate change: Don’t worry about it!,875306237889478656
1,"This is what 800,000 years of climate change looks like. Look at where we are now:",875356473085140993
1,"If we want to address climate change & U.S. competitiveness, we need to work with the rest of the world, not turn them away!",875373340185309185
0,we should blame climate change.,875375707475595265
1,"Among other bigotries, the DUP are opposed to abortion, gay marriage (and homosexuality in general), climate change and w…",875388605300166657
1,'Want to fight climate change? You have to fight cars' - via (sound familiar?!),875432167123243008
-1,93 million a day??? That would probably solve the 'climate change' issue.,875464079745220608
1,WIRED: Researchers were all set to study the effects of climate change in the arctic. Then climate change got i…,875507538401382400
1,What do Dutch trains have in common with climate change deniers? They both run on wind power. vi…,875561938583003140
1,He also put a climate change denier at the epa & someone who doesn't believe in public schools in charge of edu.,875584415224573952
1,Trump will get global warming when his ice cream melts faster than his hot dog cool…,875604294489198592
-1,Orig.2UK sci.tht Gore ranw/thr data2 invent global warming(CC)fake news hve since admitted the LIED&fak…,875605755985928192
1,"Let us work for Nature dependent communities who are most affected,poor farmers,ecorestoration and climate change.",875620363467542529
0,the earth is flat global warming is fake ghandi is still alive keanu reaves is immortal,875656941602603008
0,"The more I read & compare, the more  is outshining  . Fr healthcare 2 gun control 2 climate change 2 even how we deal w racial issues",875665659937513472
1,"Check out our latest blog: Carbon Capture & Storage, Big Oil, climate change mitigate and ... how to turn a profit. ht…",875673709591265282
1,Trump's Presidency is like climate change. Every day it gets worse and Republicans try to deny it.,875678868899844096
-1,Climate stenographers. Not enough ice - climate change. Too much ice - climate change.,875691992927305728
0,Where the hell is PETA? Worry about whales and global warming and bears not having ice but quiet when their muslim…,875709932070371329
1,read this! working WITH farmers on climate change. Pity you don't believe them & persist i…,875738045751885824
1,The #US had to relocate an entire town because of #climate change,875754078156054528
1,EnvDefenseFund: Summer heat waves give a glimpse of what a normal summer with climate change feels like.,875755235402240000
1,"On one hand, fuck climate change is outta control we HAVEEE to take action asap. On the other hand, thank fucking C…",875802599664099330
0,I swear if y'all could blame LeBron for global warming y'all would,875811648161931264
1,"Gotta go with Mike. Yes, something like global warming is complex to solve ... becau…",875894212679450624
-1,"Democrats are planning a mission to the Sun to stop global warming at its source. Just to be safe, they plan to land at n…",875973487961178113
0,"#Trumpland .. next, you'll be blaming him for climate change?! Fuck off you reprehensible creature",876016817764007939
1,Y'all want climate change but yet most of you chomp down on the number one thing causing pollution...meat!,876022060107124736
1,"Started by Jim Hansen, this case is becoming a MAJOR part of the movement against climate change. Watch it grow.",876065471984005121
1,Trump called the mayor of an island that's sinking due to climate change. He told the mayor not to worry about it. https…,876066667964399621
-1,A must read rebuttal to the global warming cabal.,876066682984431616
1,Last year issued the largest US #green bond to fight global warming and they're doing it again #kindworld,876091067917119489
1,"It's straightforward. As #climate change raises temperatures, extreme heat events become more frequent. And that's…",876109761837539328
1,"Passed an anti-vax, an anti global climate change, and a crossfit competition on the mall so far. DC is hell.",876146476161912834
1,Video: Karen Handel doesn't believe climate change is real-think's it's just 'a political football' Wow... #GA06…,876182731591487492
1,Electing someone who doesn't believe in climate change would probably be disastrous. Wait...,876191930455130112
1,Who would you trust to solve climate change ? ,876200738040541184
1,"Human life will not be extinguished immediately by climate change; hopefully, there will be millennia of brutal conflic…",876222355101581312
1,Colbert mocks Trump for idiotic climate change comments .. #climatechange,876235165604864000
1,Trump is abandoning global leadership on climate change but the US isn't: governors like Jerry Brown are stepping u…,876243909210513410
1,Hates LGBTQ community. Doesn't believe in climate change. Destroyed Race For The Cure over her own politics. Handel…,876271966189125632
1,What is the world doing to slow global warming?,876298689555443716
0,"About time this global warming thing started paying off, this'll do me til bonfire night #getin #scorchio",876336490049155072
-1,Belief in man made climate change is the opposite of common sense. It's a fairy tale made up by…,876407570155663360
1,"ProudlyLiberal2: RT ChrisJZullo: Karen Handel opposes marriage equality, climate change and would outlaw abortions. Make an impact #Georgia…",876421031862382592
0,Both are required I believe...we should add to our next climate change editorial..,876449623052869632
-1,"Green energy, climate change & common core are all about money!",876471846211899394
0,hate global warming but love a tan ngl,876484602935877635
1,Tackling climate change is also about improving our state’s public health. Read more:,876523977593597952
0,My mom just told me she'd kick me if I didn't believe in global warming and my dad is sitting on the couch bottle feed,876526076343705600
1,The European Union (EU) is taking action to fight climate change. Watch video to learn more. #ClimaDiplo,876557789459607552
1,Join us in DC on June 21 for a discussion on combatting climate change through innovation:,876557804340948993
1,The US has done more than any other country to bring about the global peril of climate change.,876587258479915008
-1,Exactly!Thats the only climate change threatening the !FAKEUGEES,876611425698840576
1,The culpable idiocy of Abbott and the climate change cranks via,876622391350251520
-1,There is no evidence of man made climate change. Warm days at the beach are always appreciated.,876645699949129728
1,"The world's most successful, cost-effective new reactor programme. As bad for climate change as Trump pulling out o…",876664529828028416
1,How are you gonna sit there and tell me climate change is a hoax when it's literally 106 degrees outside and raining ?!??,876670188187303937
1,"Dear republicans, it was 75 degrees 5 minutes ago now it's a thunderstorm, plz tell me how global warming doesn't exist!",876706403892711425
0,Looked at a USA picture of global warming recently. Caused by the planes spraying chemicals? I rea…,876720287324278784
1,"improve living conditions, and solve climate change, then I think we are onto a winner- President #EmergingPV",876733471468658688
-1,Remember: We can only save our planet from global warming by giving our governments hundreds of billions of dollars…,876740153141858304
0,Energy Sec Rick Perry when asked on if CO2 was the primary driver of climate change; 'No. Our ocean waters are.' Interesting answer,876785478716063749
1,The real motivation behind climate change deniers,876807696472788993
1,"The best way to address inequality, a healthcare crisis, poverty & climate change is to label people Bernie Bros. Also war…",876828560266149888
0,Trump's energy sec just denied that man-made carbon dioxide is the main driver behind climate change,876834352528855044
1,"Trump supports Karen Handel who thinks being gay is wrong, climate change is fake & shooting someone is funny…",876834354114183168
1,"But I guess global warming isn't real, right?",876877829899681792
1,"If you reject the science proving global warming, then please burn your cell phone as well bc it must be powered by witc…",876880668382384134
-1,planet succumbs to global climate change from greenhouse gas emissions? The answer is no so enjoying your life here on Earth while your,876898029449625601
1,"Celebrities, scientists, doctors, businesspeople join new NZ push for action on climate change #ClimateDeclaration https…",876909809907388416
1,Why California's climate change fight is also about public health. via,876915284287926272
0,A Cold War is a very good way to offset global warming.,876935914529927168
1,"doesnt believe in man made global warming, he also doesnt believe Oxygen is the primary driver to breathing #climatechange",876938666647711745
1,"The real culprit behind climate change? According to Rick Perry: 'The, um, uh, ocean waters and this environment that we live i…",876947817155223552
-1,"If global warming was a real problem, climate scientists wouldn't have to cheat, lie and tamper with data.",876997749715214342
-1,Anyone who thinks those three towns' coastlines are eroding due to climate change needs to repeat 3rd g…,877004736473423872
1,"Insurers talk a lot about climate change, but most still do business in coal via",877060261961752576
1,"At the #R20AWS, talking with about local action to fight climate change, and health and economic ga…",877098931058028544
1,Hot weather is getting deadlier due to climate change: via,877104432575635458
0,"If you just love farmers and rural communities, but don't believe in climate change, it is still the best way to farm.",877118953142747136
0,Scientists say that increasing soda carbonation by only 13% worldwide will contain enough carbon to reverse global warming. #fact,877120282439409664
-1,This week in 1988 marked the beginning of the global warming scam by 's James Hansen. This is an important rea…,877126709786681349
1,This happens about once a year in PHX. But I bet it will happen more often as climate change is ignored.,877149650226040832
1,Really worrying news for future global warming in context of current #UKheatwave and Portuguese #wildfire,877150793735983104
1,CNBC is surpassing Fox as the cable news safe space for falsehoods about climate change,877160532716863488
1,"If a group of people that believe in Creationism but not climate change question your acumen, I'd suggest you're fu…",877197300648554497
1,So hot in Phoenix that they grounded flights—but be sure to vote for Karen Handel who thinks climate change isn't a…,877201763169783808
-1,I liked a video Al Gore thinks God spoke to him about global warming...,877206073320636417
1,Not taking action against climate change will put our troops in harm’s way in the future.,877215431706259456
-1,The global warming scam began this week in 1988. Watch this video to see how it happened.,877226050958221312
1,Energy Secretary Rick Perry incorrectly claims CO2 is not primary cause of #climate change: Climate Feedback,877235985096069120
0,damn global warming is serious shit.,877255953011195904
1,the very fact most Americans don't understand climate change—in 2017—shows that pretending science has not been politicize…,877261202614865921
0,"Cold War? More like luke-warm war am i right, ha global warming and what not ha",877276075495239680
1,"Apart from the casual racism, homophobia, climate change denial & religious zealotry what do they have in common wi…",877304522544218114
1,American Airlines can't fly planes because it's too hot while Perry denies humans are the cause for climate change.,877328772764123136
1,It was SUPPOSED to be 5 deg warmer by 2020 but turns out it's only 4 deg warmer so I guess climate change is a hoax' - logic,877342460162134016
0,"btw, if you’re in Arizona right now. Don’t walk your pets. And enjoy climate change.",877352247063007233
0,I hope the ash of all that Soros campaign money wafting into the atmosphere doesn't contribute to climate change.,877352271670988800
0,She doesn't believe in climate change,877352279447359488
1,A third of world now faces deadly heatwaves as result of #climate change | …,877354551535439872
1,Thinking winning a single GA race means you're on top is like thinking climate change isn't real because it snowed once.…,877362131959599104
0,why don't u preach global warming from your yacht #Hypocrite,877373601548165122
1,"End world hunger, eliminate poverty, slow the rate of climate change, put an end to patriarchy and systemic racism,…",877375968352096256
1,"Topics: On unity vs. division, shared goals, on climate change, terrorism, UK elections, Basic income as one of the future solutions.",877395266709716992
1,I haven't felt weather like this in this hemisphere before. Thanks climate change :/,877412626535514116
-1,"Historians will look back at the global warming scam and Russian hacking scam, as two of the stupidest episodes in human…",877462841933955072
-1,But but but ... global warming! Won't somebody think of the weather?,877468237063086081
1,Scorching hot to raining hell real quick . . . . . + global warming is a myth,877473763075407872
1,The unnatural increase in wildfires is causing entire forests to burn down. Is climate change to blame?…,877486639890694145
0,Sometimes I think nuclear would be better accepted in world without climate change. Benefits of energy d…,877497794675781632
1,Heat index will likely reach 105 today. But global warming isn't real. #AlternativeFacts #Impeach45 #RESIST #notoverjustbegun,877497836014886912
1,On the list of least surprising things to learn about Philly sports figures: climate change deniers,877499371671171072
1,"One single mention of climate change, with no detail at all. Nothing at all on air pollution. Total environmental failur…",877504381503111168
1,Claire BAFFERT: Interested in City-twinning programme on adaptation to climate change? New call opens in July!…,877508476020432897
1,"The government says it's a lie, fake news, no such thing as climate change. Here you go!",877511418295308288
1,A massive #climate #change study is canceled ... because of climate change,877514255121174529
1,The fight against climate change: Four cities leading the way in the Trump era.,877530261797216258
0,I really hope climate change takes California and all it's cultural sickness out to sea.,877530298333843456
1,75% of extreme heat events now attributed to climate change.,877559685322334208
1,Chad is more vulnerable to climate change than any other country. This is why,877571817585692673
1,be ready for climate change,877575914787282944
0,Must have been climate change.,877582532669296640
1,Rick Perry: CO2 is not the main driver of climate change American Meteorological Society: Wrong!,877587873381236736
1,"We now have a climate change sceptic in charge of environment, a man who hates Europe in charge of Brexit, an NHS …",877596810726047744
1,"Unless the critical issue of global warming does not hit every person on earth,#ClimateChangeIsReal #saveearth #WithNatur…",877599339450736640
1,The further right the US is dragged the further behind we fall. Rather than discussing alt energy we debate if climate change is man-made.,877602972682813440
0,its so humid and clammy someone stop global warming omg,877620764297945088
1,Meet the incredible Sudanese scientist helping Africa cope with the increasing disasters of climate change…,879682935166652416
1,Most people don't see how climate change is affecting their lives—and that's a problem,879687797598236672
1,"If cities really want to fight climate change, they have to fight cars",879694120683544577
1,our journalists and reporting institutions?! Or stop our fight on climate change?! Or completely gut the EPA?! Or declassify national..,879718613837467654
0,Do you believe that (negative) climate change is real? **Please RT! I need a large variety of responses**,879736551076384768
0,Rick Perry clarifies an earlier statement - he says the *existence* of man-made climate change is not up for debate.,879774017577656321
1,Al Franken shutting down Rick Perry over climate change is everything & more.,879781507652505605
1,The best part is the listing for the global warming article!!! Trump is such an idiot!,879792529939484672
1,Secretary Of Energy Rick Perry says he has not yet spoken to trump about whether climate change is real or not. This WH…,879800095687847936
0,What's with the global warming headline on the phony cover! Bizarre.,879804266927595520
0,So Rick Perry did not understand my question? Seriously? Is man responsible for climate change?,879808631591403520
1,#TheResistance Watch Al Franken absolutely shut down Rick Perry over climate change,879809805136920577
1,The 'debate' Rick Perry wants to hold on human-caused global warming is total BS,879825405666099200
-1,Another ridiculous scare tactic: 2 billion climate change refugees by 2100 | Watts Up With That?,879832176430379008
1,The 'debate' Rick Perry wants to hold on global warming is total BS #science #energy,879841124541747204
0,They r good for causing global warming because of all the hot air they r expelling. Maybe they need to shut the hel…,879847281268318208
1,Sea level rise accelerated 50 percent in the past two decades due to climate change,879847311354068992
1,Using microbes to fight climate change:,879850871143759872
1,"Rick Perry wants to hold a dangerous, totally BS debate on human-caused global warming",879854859041689600
1,Rick Perry sounds so reasonable while calling for a climate change 'debate.' Too bad it's BS,879854899818889217
1,More evidence that we cannot surrender in the fight against climate change like wants us to.,879854911596494848
1,Great idea! Scientists who think climate change is a hoax on one side & all the scientists who know it's true on th…,879877019802230785
1,"Since neither can do so without actually doing more damage than climate change would entail, both should focus on adaptive strategies",879880509396058113
0,"he did...said man is NOT responsible for climate change! ... in so many words! no Texan will ever, ever admit oil i…",879887065781084161
1,These CEOs are trying to stop shareholders from knowing how climate change affects their wallets,879915288858304512
1,I'm surprised more businesses haven't parted ways with GOP due to the religious nutters. Denying climate change?! Bonkers!,879939413056397312
1,73% of Aussies want strong action on climate change & energy because it will create jobs & investment. #ClimateoftheNat…,879956310694821888
1,"Dog save us from the lunacy of Science ignoramus and climate change denier, Or goodbye…",879959290567458816
0,"Ya know, yt ppl idk if y'all are gonna really make it with this whole global warming & sun exposure thing getting w…",879960655452921856
0,Too funny. Man says there is no global warming doomsday. Doomsd…,880000764470476800
1,"North America, get ready for giant hailstones thanks to climate change",880006466865946624
1,and I agree: The fight against climate change must continue. EU is committed to the #ParisAgreement. http…,880006491343867904
-1,"People keep telling me to leave politics out of the global warming discussion. That would be impossible, because it is p…",880009515600453632
1,"Important as #GrenfellTower is, it is taking up a ridiculous amoung of government/media time compared to bigger issues like climate change.",880021119318839296
0,"Don't worry, people can now start complaining that it took TWO YEARS to appoint a new ambassador for climate change.",880044417654116352
1,Can we apply 5p bag strategy somehow? #SDG12 Million bottles a minute: plastic binge 'as dangerous as climate change,880051996824403972
1,"Don't fool yourself, Trump still thinks climate change is a hoax. He's just making his henchmen do he talking",880066333437599744
1,Humans are causing climate change. No highly-polluting country (USA) can op out. Everyone must engage to reduce CO2…,880075872203558912
1,We love this from Robin Wood in the 'Animals Disappear' that address the problem of climate change ice melting.…,880080651789123584
1,Verafied: RT TheRickyDavila: Al Franken shutting down Rick Perry over climate change is everything & more.,880096900854280192
1,We don't have to hear anti-vaccers/climate change deniers/ACA killers out. Stop using your stupidity to try and kil…,880098284114780161
-1,"Funny how liberals talk about global warming when we set record high temps. Yet, there's almost no talk of it when we se…",880100976614658049
1,It's still not clear that Trump believes in climate change. We know the guy running the EPA doesn't either. It is astounding.,880105293182410752
-1,Rick Perry urges more conversation about the unsettled science of climate change,880123350110097408
1,"#Florida’s bill is coming due, as the costs of #climate change add up #tweko",880161068978450432
1,Eight foods you should invest in due to the White House blowing off climate change.  #food #climate,880168365121183744
1,"This is it. We have *this* window of opportunity to stop dangerous #climate change. We can, and must, step up!",880171054819418112
1,Because Canadians believe in science and climate change! #WhyILoveCanada,880212932126285824
1,This article shows why SB 775 is the best bet for California meeting its climate change goals.,880224608883888128
0,I'm ready for climate change! The desert sucks!,880276110554148864
-1,They changed it from global warming to climate change because the warming stoped. Lol,880277284770459648
0,Let's fight global warming together. Crank your air conditioner & open your home's windows for 1 hour. Together we can make a d…,880310270983249920
1,A million bottles a minute World's plastic binge 'as dangerous as climate change',880310886103097344
1,This week's New Scientist focuses on climate change and being on the brink of change. Read more on:,880337042030428160
1,Multinational companies have a crucial role to play in fighting #climate change and implementing #SDGs #BizFin,880345107475701760
1,"Solutions are suggested by Ian Dunlop. Australia, deep in #climate change's 'disaster alley',…",880367482170691584
-1,"No, climate change is real; been happening for 4.5 billion years. Giving $ to bureaucrats to stem the inevitable is…",880394851740786688
-1,Another day in paradise lost #toronto #chemtrails #geoengineering #srm global warming hoax,880400982948978689
1,> Researchers say we have three years to act on climate change before it’s too late,880411936348815360
0,"At climate change/environment focal point and parter meeting in #Kampala, good case studies from https…",880434612119515137
-1,'Fight climate change' is a polite way of saying: we're going to rape you with taxes and waste all that money in pointless p…,880441488840282114
1,Everyone who thinks climate change is a hoax does not get an air conditioner. #ClimateChangeSummerTips,880468490062143488
0,#CLIMATE #p2 RT These experts say we have until 2020 to get climate change under control. And they’re……,880476553154617344
-1,One of key proponents of climate change 'science' now says eating weed killer is safe for health & good for planet…,880483187302047745
1,Americans who'll suffer the most economically from climate change are among the likeliest to deny it exists or that…,880503290529710084
0,"But, climate change is a 'liberal hoax.'",880514874811367426
-1,Tell this to the millennials who dont seem bothered by this but are so focused on the climate change hoax,880543366252961792
1,"Al Franken might be the best tool Ds have to fight climate change deniers in DC these days, writes Joe Romm",880554177868386304
1,Indigenous knowledge crucial to tackling #climate change #CBA11 …,880554228531515392
1,"Has the . ever done a major series on climate change? If not, why not?",880569061100273664
1,These experts say we have until 2020 to get climate change under control. And they’re the optimists,880570243285794816
1,"Amid shifting political winds, cities are stepping up and making bold moves to fight climate change.",880570270540496900
-1,Yes this is an official result. I used the same method climate change believers use to prove their…,880577081591123969
0,How does San Diego manage to dodge any major impact from climate change?,880579324990164992
1,"Finally, the truth behind this Administration's tacit support of climate change!",880588529109270529
0,All the while he tries to lecture America about climate change.......,880591833482612737
1,Polar bears. You can thank global warming for this: melting ice sheets interfere with their ability to hunt.,880595129840656384
1,"That will be super fun amidst a global population boom to 9 billion, a global food shortage, AND climate change. Hooray.",880597519889301508
1,"'American taxpayers deserve to know their money will be invested wisely, with future climate change in mind.'",880602010906644480
1,We are pleased to see concerned about impact of extreme weather & climate change on the airline industry https:/…,880614870818983936
1,This generation is better position to meet the climate change we meet these challenges will be u…,880631129270882304
0,It's clear from last 50-years of global tropical storm & hurricane counts that any possible climate change signal h…,880657047741763584
1,"When it comes to climate change, timing is everything. Thanks to all who contributed to this Comment in Nature",880669110677495808
1,"The comments here are disgusting. Even if climate change isn't man made, why is it bad to protect the earth?",880701103029071874
0,And they say global warming's a bad thing. Soon we'll have a coral reef and clown fish..... or maybe just warm mud and grass.,880705932275089408
1,Due to pollution and climate change no doubt,880734298680291328
1,"The world's airless, I'm breathless, the water's boiling, the ice's melting & global warming is reaching its highes…",880754067345211392
1,5 ways cities can fight climate change — with or without the Paris deal,880811801830723585
0,We were talking about global warming then last vegas then smoking then pot then to birds dying bc of windmills and solar panels,880818723191259136
-1,"Or for the federal courts being packed by judges who think the 15th Amendment is a myth, like global warming",880829156409397248
-1,Sadly climate change is big hoax. So enjoy ur life.,880842378260742146
0,"I doubt Cupich will die on prison. He'll cave on anything, except perhaps global warming.",880883967901278209
1,"We have half a dozen crises this century: climate change, resource crunch, ageing, automation, inequality. 'Centrism' sol…",880922908843024386
1,"With partners like the EU, we're creating a path to victory on climate change. Great to meet w/President …",880948891339943936
-1,"It's June. It's Arizona. It's hot. It's not proof of global warming! (When you push stupid crap like that, it shows how wea…",880975253169741825
1,Predicted damage from climate change disproportionally affects southern states (including home sweet AZ),880990460516356096
1,"Scott Pruitt goes beyond blocking climate change data—will use EPA to get on the bad side of the FBI, but that's just me. #Maddow.",881049842482597888
1,me too I 'm in panic about climate change then I m searching for consistent market driven solutions…,881051950246232065
0,"this ended poverty and climate change, my crops grew to their maximum potential and the world is suddenly cleansed…",881053967119114240
-1,"Trump pulls plug on global warming scam - Environmentalists, globalists go nuts! - Th… ➜…",881161475464810498
0,ME: Inciting political violence is bad. THIS DUDE: lol you care about climate change!,881163447836213248
1,The Black Forest and climate change via #TrumpRussia #TheResistance,881173425921957889
1,"World has three years left to stop dangerous climate change, warn experts () #ActOnClimate",881244180080717824
1,"This, on how states and cities are forming a quasi-government around climate change, is fascinating:",881254798628069376
1,A new study shows how climate change will affect incomes. Check out that agriculture map...,881266188373950467
1,The most vulnerable Americans could feel the some of the biggest impacts of climate change.,881276630005501952
0,So true. Hell if the weather man got the weather wrong msm blamed Harper for climate change #Defund…,881288550183878656
1,"Do you have a personal story about climate change, or clean air? We'd love to hear from you!",881290912940269569
0,CAN we just appreciate how HOT Kylie Je.......now that I got your attention can we find a cause for global warming & what w…,881402777011855361
1,"Make that: climate change-denying, misogynist, petty, corrupt, hateful and doddering-old-fool MODERN DAY PRESIDENTI…",881424731949465600
0,“Social form of climate change” parallels are shocking! Internet regulation: is it time to rein in the tech giants?,881431834432811008
1,"Is Charles Koch a climate change denier? Charles Koch would say you’re asking the wrong question. “Obviously, if...",881452416327200768
-1,This is one reason for 'global warming': money transfer. Enlist in our patriot army at Pat…,881500953203142656
1,"I need Middle East climate change technology spokespeople today/tomorrow please, gmail me or Tweet #journorequest…",881518265926918148
1, RT if you agree All children schould be taught about #climate change. They should read this:…,881525770627289088
1,"New study says if zero done on climate change, TX will lose up to 9.5% of its GDP per yr beginning in 2080",881532986835050496
0,& this will be their pretext for Iran 'US Navy emphasized that climate change poses a threat to national security.',881553128688017408
1,16 striking murals that show the devastating effects of climate change #climatechange,881556954031718401
1,We need to keep our eye on the goal to stop climate change and let go of our pet tech. #almedalen2017 https:…,881560697846550528
1,"2/2)..of acting to mitigate climate change is real and cannot be ignored,”- #NigeriaGreenEconomy",881565602426626048
1,"My kids learning about volcanoes, glaciers and #climate change at the excellent #Perlan museum in Reykjavik.",881568250718339072
1,"I will always stan Ben & Jerry's smh they got a whole section on their website talkin about race, lgbtq issues, climate change, n more",881569522356039681
1,Could it be more evidence of global climate change? Sad.,881593365166383104
0,straightedge felt really good but then I started working full time again in the season that makes me extremely suicidal fuck global warming,881594672568717312
-1,JW suspects fraud ‘science’ behind the Obama EPA - a scheme to end coal under the guise of fighting global warming.…,881607903244767232
1,Want to fight climate change. Think about growing more than just grass,881655598126817281
1,It’s simple: The same sources of emissions that cause climate change also produce pollutants that engager our health ht…,881663374525743105
1,A massive Siberian blaze is an example of how climate change has impacted the Northern Hemisphere.,881683314234597376
1,'No challenge poses a greater threat to future generations than climate change'. ~ President Obama #climatechange…,881704975297990656
1,This #climatechange research mission was cancelled due to #climate change #ActonClimate…,881725195802771457
1,#SolarEnergy: Embracing renewable energy is the key to solving the challenge of climate change PM ...,881738913609433088
1,US 90% population growth 10% emissions growth until now - People want action on climate change and…,881770758459895808
1,'We are close to the tipping point where global warming becomes irreversible': Prof. Stephen Hawking.,881792867521282051
-1,The final nail in the global warming coffin. Read it and weep,881794439961640960
1,Think narendramodi takes climate change seriously? Think again. #GST #ParisClimateDeal,881865915075366912
-1,"Finally, a president who directs NASA to do something to prevent extinction (Hint, it ain't climate change)",881867557267017731
1,We have to Incorporate these climate change reducing efforts in the national food security & energy policy to reali…,881882983380209664
1,These experts say we have 3 years to get climate change under control. And they’re the optimists-The Washington Post ht…,881906094184034304
1,The effect of climate change in the US will be devastating for agriculture.,881908856753967104
0,#ChrisChristie successfully getting tan is proof global warming exists.,881911485491945472
1,The Calabar Super Highway creates challenges for climate change especially the tropical forest in the context of the transport…,881920615371943937
0,"Theory: the more a guy cares about climate change, the better he is at giving head.",881924787936821248
1,The herdmen incl those from neighboring countries are migrating south in quest for pasture for their herds due climate change.,881936800301936641
1,Here’s the real reason Republicans don’t give a damn about climate change,881948510177771520
0,"You: climate change will kill us all Me, an intellectual: Joe Jonas has been to the year 3000 & not much has changed b…",881958459528409089
1,There's no way they don't believe in climate change. They know that it's an easy joke to go against deni…,881983812217040897
1,And now on top of that global warming has hit the point where it is actively dangerous for Iranians to be anywhere but i…,882007478145351680
-1,WATCH: The former head of Australia's National Climate Centre says we shouldn't be panicked by the global warming s…,882014863538638848
1,Let me guess...it's the same reason Democrats don't really give a shit about climate change.,882025218654388224
0,"[FANACC] F: Unnie, you're the cause of global warming JS: Why? F: Because you're so hot JS: ",882078313535098880
1,#TuesdayThoughts Do or Die Save humanity & save can be warriors against climate change.,882106502361661440
0,Started hiding extra climate in my basement just in case global warming is real.,882139347935481856
-1,global warming is a hoax.,882150134062039040
1,"Wars will be fought over water in the near future, already are in some hot spots. We must deal with climate change…",882154975404544000
1,New ASC report explains why stronger #UKClimateAction needed to prepare the country for climate change…,882163197356253185
1,'We spoke about climate change and the importance of the Paris Agreement.' #Taoiseach https…,882183043452067841
1,Did you know that women's empowerment & tropical reforestation both sit in the top 10 solutions to climate change?!…,882184709467283456
1,Q4) via : What types of travel activities do you believe contribute the most to climate change? Give exampl…,882186223271518208
1,Two articles in today's Guardian highlight stupidity of Trump and his climate change denying buddies – here's one: https:…,882187990843269121
1,#FoodSecurity in peril as key ports 4 #food trading face increasing risks of disruption due to #climate change:,882222467716173826
1,Think takes climate change seriously? Think again. #GST #ParisClimateDeal,882227471235547140
1,"Urban communities who have now been told their country will no longer fight climate change, and…",882274655947640836
1,Water use innovations crucial to face climate change in Arab countries - Reliefweb,882291088589025280
0,Good to know that global warming hasn't affected July,882323653953818624
0,Roses you carnation pink All global warming red trumpet earth me,882366942954364928
1,And nowadays climate change is as questionable as the theory of gravity.,882372429481480192
-1,The entire global warming mantra is a farce. Enlist in the #USFA at Patriot central awaits…,882418863715094529
0,Love global warming.,882441236371648512
1,"Remember, climate change is very selective, it is managed by rich GOP & targets poor urban neighborhoods.",882456079971385344
0,FRIGHTENING: Heavy snow in Central Kenya today- first ever! Wonder whether it's just climate change! …,882484770143338500
-1,Don't let FAKE NEWS tell you that climate change is damaging this country's future. Outrageous!,882509665069932545
1,Forests - a secret weapon in the UK's fight against climate change?,882518567316598785
0,The president doesn't believe in global warming / climate change ?…,882558249354108928
1,Don't miss Ben Santer’s passionate plea for us to reject ignorance and embrace action on climate change.,882660503692169217
1,This is a good article about climate change denialism in mainstream media.,882674954419843072
1,"TONIGHT, 8:30 Eastern: Hear how young people () are taking the US government to court over climate change:",882686769279401984
1,If you believe that there is no need for feminism you are literally as stupid as Donald Trump and his climate change deniers,882689696014499844
0,Fuck global warming my neck is so frio,882703928302817280
-1,Libtards get so triggered by healthcare and climate change now if you'll excuse me I have to bust my door down beca…,882703985135820800
0,is global warming real — i agree,882703986167566337
0,"wow ,is it global warming,or did some one just step on the edge.",882727210364305408
1,City initiatives are key in #climate change battle: Financial Times #environment More:,882732274881572864
0,"Yeah, he has caused climate change in 9 short months..... wow, he is skilled! Too bad Kerry ran into wall as a kid.",882747603355443201
1,Evolution and climate change are real. Teaching them in schools should be standard and not controversial.,882754053301731329
0,"Now I know why I am considered an expert in climate change, education, and other topics... I continue to read in...",882761604189880320
1,Teaching climate change is not controversial – it's essential. We cannot let right-wing politics censor scientific fact.…,882762966738898945
0,What's your plan for combatting climate change ? Am I right ?,882764266859888641
1,Maybe the GOP plan for coping with climate change actually has been cold-heartedness *the whole tim…,882778167982862336
-1,"Not even the late, great Billy Mays could sell this 'climate change' garbage these 'experts' continue to peddle. https:…",882778703075454976
0,This Jinki fancam of 'Excuse me miss' is the reason why global warming is increasing..call the environmental police…,882796478128766976
1,Also supports Abortion as it's good for fighting climate change . Less people = less waste.,882874890818334720
0,The corrupt idiots of think their usual method of stacking boards with cronies will make climate change…,882912295562563584
1,when will stop funding hate and climate change denial propaganda? () #GrabYourWallet,882927335745499140
1,The birther who said climate change is a hoax & Cruz's dad may have shot JFK can't imagine Putin doing a bad thing.,882937067189051396
1,Transparency is a critical step towards addressing the risks associated with #climate change. Pleased to join globa…,882947776451026944
1,Only 13% of Americans know that more than 90% of scientists believe in global warming. That’s not good.,882965318905278465
0,Basi ikaw bala nag cause global warming. Hahaha,882972600858693632
-1,"TIE 0bama to 9/11/2001 & the climate change global warming carbon trading Hoax,,& U got the truth abou…",882978891874181120
0,"People often ask for clear signs that global warming — sorry, sorry ...",882981369407823874
1,so you are a climate change denier?I believe the climate scientist rather than climate deniers cause they go…,882983751428579328
1,"Hello, 911, me again. I know you told me the spider is harmless, but now it's saying climate change isn't real",883015303621480450
0,"Since the downturn ends, 17 banks industry has unhapped for payments due to an ongoing climate change bill.",883034813896171521
0,"'40% of the US population doesn't see why global warming is a problem, since Christ is returning in a few decades.' #Chomsky…",883036193168007168
0,"If global warming turns out to be a thing, better to pin your hopes on being given an interesting and i…",883061290310279169
1,It's even sweltering in London. Thank god climate change is just a Chinese hoax.,883073375740076032
1,everybody who brews ale and watches the yeast all die should be able to understand the basic principles of genocida…,883074332821630976
1,Kind of like 'nobody really knows for sure' if climate change is real. Welcome to the world of #LowT.,884055304492785666
1,"Regardless of what happens, Austin will lead on climate change because so much of what’s required happens at the lo…",884060713211355136
1,Trump's EPA warns us to wear sunscreen while it does nothing about global warming,884067807519948801
1,"Pingos may sound cute, but they are one more piece of evidence that global warming is a real threat to humanity.…",884070642034900992
0,niggas asked me what my inspiration was i told em global warming,884080653347827712
1,G20 summary: World leaders are no longer worried about US fight against climate change. They will fight w/o our hel…,884082030220165120
1,"If coffee, chocolate, and wine aren't good enough reasons to try to stop climate change... #priorities",884104980575076352
0,"US has possibly been the highest contributor to climate change funds,G19+1 will feel the strong pinch in time.",884107938805063680
-1,They only trust science when it comes to 'climate change'.…,884109373542453249
1,"this was an ironic 11:11 tweet. climate change is real, it's basically a challenge from Amon-Ra to see if we can not annihilate ourselves",884113997284253696
-1,"I think the Pope needs to get his shit together. W/no moral high blathers on about Trump, climate change... Hey Va…",884118697958191104
1,"Paris will host a new climate change conference in December of this year, to build on the progress we have already mad…",884123090099294208
1,After a complete 19-1 isolation on climate change? #MakeAmericaAloneAgain.,884124677647474688
-1,'Most scientists agree that man made climate change is real.' Fact: science is NOT based upon a consensus #FakeGlobal…,884133312188620800
1,How to green the world's deserts and reverse climate change | Allan Savory,884148595418681345
1,"Hispeed rail symbolic for the US now: fundamentally unprepared to change: transport, climate change, healthcare. https:/…",884158639132561408
1,People really believe that global warming isn't real,884177990753669121
1,Why Melbourne will have to become more like Sydney to deal with climate change (Trees cool cities #auspol #springst) ht…,884198186578919424
1,"Memorize this number: (202) 224–3121. Keep up the calls to Congress about health care, climate change, and so many other…",884203075950583808
0,80 year old Annie Proulx's latest book is 'Barkskins' - a novel about climate change and landscape in which one...,884212449553133570
0,Who do you believe on climate change?,884216964452941824
1,The right denies climate change. It is that easy.,884224452917161984
-1,Scientists have overwhelmingly been right about climate change the last 50 years. #FakeGlobalWarmingFacts,884244200509886464
1,"If cities really want to fight climate change, they have to fight cars #itstimetochange join",884247137520930817
-1,‘Bombshell’ climate-change study could totally dismantle the claim humans are causing global warming…,884260840727334912
1,"A lot of people are sharing this terrifying piece on climate change by , which you should read:",884278442828673024
1,"It's definitely true that fiction should be dealing with climate change way more, but there's been some great stuff: https…",884287745174011905
1,'So much more dying is coming.' is superb on our failure to grasp the true danger of climate change.,884290662069391360
0,"To the person, who send me a tweet on no climate change, what do you call this pollution",884317082640371712
1,Mysterious explosions in Siberia are signs of galloping #climate change |,884321656809947136
1,Angela Merkel is in no way backing down from fighting climate change. (A real leader).,884334110981935104
1,"Re: big New Yorker piece on climate change, this was front page of Alaska paper today—how melting permafrost is war…",884351056473276417
0,Renewables are slowly becoming mainstream not because of climate change activism but better economics.,884373738363473920
1,"How bad could climate change get? Really, really bad, and really really fast.",884375202204876800
1,"50m children are on the move and out of the classroom - many fleeing war, poverty & climate change…",884382625388834816
1,"Famine, economic collapse, a sun that cooks us: What climate change could wreak—sooner than you think",884394223763677189
1,"if you had to create a problem that humans would fundamentally fail at, climate change is probably it",884395822196109313
0,"Then remember that last time the subject of climate change was in the news, the headlines went something like this:…",884404530485628928
1,"If we want to reduce the impact of climate change, we need to focus on sustainable food: via …",884416247521308672
1,You know what country is doing the most to combat global warming in 2017? China. The Communists know the stakes.,884427688928321536
1,"If we are not killed by climate change,#ClimateChange #entrepreneur_86 #MondayMotivation #MakeYourOwnLane #defstar5…",884429227503882240
1,poor communities and communities of color are dealing with the ramifications of climate change in the present. it's a 'right…,884430673552879617
1,"Other countries SHOULD move on w/o us, if we're going to be hostile to environment & climate change, to be pro-war. …",884434942440210434
1,Conservatives are again denying the very existence of global warming by via,884443122817576960
1,Eucalyptus contributed. Planting fire loving trees in climate change drought areas is like building a tinderbox fac…,884468117384167424
1,"The Uninhabitable Earth Famine, economic collapse, a sun that cooks us: What climate change could wreak - sooner...…",884468137881686016
-1,No Mr. President terrorism is not linked to climate change but to Islam. I will spell it for you: I S L A M https:…,884471068529963008
-1,There's yet another nail in the coffin of the global warming agenda... check out the record that just got broken....,884472580022738945
0,howdy. i'm the climate change sheriff. yo…,884475907716591618
1,ok yes that article on climate change is horrifying & a necessary read & wake-up call but this one paragraph is pre…,884482051067478016
0,If you had to engineer a threat to civilization that we would almost certainly fail to address it would be climate change,884484472061788160
1,Sen Al Fraken has an important message for you about climate change Please take a minute to listen and retweet it…,884496539518988289
-1,"Extensive, irrefutable scientific proof that the War of 1812 caused global warming.. Makes as much sense as the oth…",884497983072419840
1,"This is really bad news about the effects of unchecked global warming. Good reading, well researched.",884507747357798401
1,"Important conversation here, not just on science of climate change but on its rhetoric: how best to convey/dramatiz…",884518688917008384
1,Hey once we get rid of Tanadict Trumpold & his band of idiots can we plz focus on real issues like climate change and…,884518754897584128
1,"The good news is we know what to do, we have everything we need now to respond to the challenge of global warming.…",884524580521611264
0,Left: climate change will kill us Right: climate change will not kill us Centrists: AI will kill us,884536890308907009
0,lol climate change is happening so quick i might never have to pay my loans back. ima be drowning in glacier water dying laug…,884539901689114624
1,"Hot take: in terms of the long-term damage they will cause to civilization, climate change deniers are easily more dangerou…",884541340570312704
1,"Anyway, climate change is about to kill us all, and Trump is ruining my final days, so I'm really fucking irritated right now.",884559057188683777
0,you think the reason they lived underwater in the year 3000 is cause of climate change?,884580537528180736
1,"Science, climate change, no offense to Christians but if you think a man lived in a whales belly & g…",884590450878885888
1,Every dude in the South that denies climate change owns a $500 cooler to keep ice from melting at a high school football t…,884590562707427328
-1,The only part of the science that's truly settled is climate change turns people into lunatics.,884594944144539648
-1,"Obama years: 'Socialized medicine, open borders, dislike of the military & the religion of climate change' ht…",884595005582700544
1,Racism.... climate change.... homophobia..... US vogue....... men......... what else is going to plague us before God decide…,884602649076785153
0,"climate change is not something Happening, it is something actively being done to us by the rich, by the ruling class",884625481785647104
0,Ay girl are you global warming? Cause you're hot af & you're ruining my life,884664424333795329
0,Adoption was Junior's signature issue in the same way Ivanka worked on climate change & Melania wanted to stamp out bullying.,884665745027862529
1,"I generally avoid posting politically charged material, but as a scientist I'm dismayed that many world leaders still deny global warming.",884723448429264896
-1,"Anti-Trump actor fights global warming, but won’t give up 14 homes and private jet",884756549184434176
1,"It’s a scary vision—which is okay, because climate change is scary'",884795133031587841
0,"Anti-Trump actor fights global warming, but won't give up 14 homes and private jet",884800329472249857
1,I'm just thinking about... climate change is bad,884801765157339138
0,I love how some petitions on r like 'fight climate change' & others r like 'bring back my fav Panera sandwich!1!!1!',884803176452546560
1,Oi do you still continue to think that climate change is a Chinese conspiracy? #MAGA #Trump #MAGA,884804489772924932
-1,Oh give me a break 'tackle climate change' is just code for wealth redistribution to corrupt 3rd world,884839014645321728
1,Why scare tactics won't stop climate change #EdTech,884854861845716993
-1,CNN's Brian Stelter destroyed by Weather Channel founder John Coleman over global warming. It is a hoax.,884882505979109376
1,"EPA chief wants his useless climate change 'debate' televised, and I need a drink #tech…",884907697405140992
1,"EPA chief wants his useless climate change 'debate' televised, and I need a drink via Maria Gallucci",884907735770427392
1,"Talking about economic sustainability for coffee farmers - yields, price, climate change #WorldCoffeeProducersForum…",884910098119892997
-1,Climate alarmists Stop dictating & start debating your claims about climate change in balanced public debates.,884943791089631234
1,Some great explainers from and about climate change here:,884966539866370049
1,I like that you bring up science but I bet that you deny global warming. Pleas…,884973613195120640
1,; Worrying trend related to climate change,885000270639489031
1,Sick and tired of hearing 'climate change isn't real' like Have you noticed unusual weather patterns through the clouds of smog? ,885003434293952513
1,Does the president of the US still not believe in global warming? Just curious,885003505483878402
1,Want to fight climate change? Have fewer children,885031162380464129
1,What are the most effective individual actions to fight climate change? Here's the study:,885064878666514433
-1,"Or 3) become radical low tax, tiny state advocates rallying against state issued healthcare and the scam that is the climate change industry",885070424274554880
0,The 'Is climate change real?' one after that with a coal plant owner and a polar bear looks to be great too.,885070428707975168
1,Most people on the planet underestimate the seriousness of climate change. But scaring them won't get them to act…,885080076982915072
1,The best way to protect a coral reef is to take action on climate change. Simple.,885081293368811521
0,Can we put Bill on a boat and set him adrift. He might find climate change,885081311421108225
1,"I now have a new go-to resource for people asking, 'What can I do to stop climate change?' Thank you, :…",885096463650443265
1,To those who don't believe in global warming. Giant iceberg splits from Antarctic,885103102214287360
1,Wow. Woke up to this news. Can't believe people are still denying climate change. The hurts... Huge blow to the Ear…,885110860758130690
1,My new post: It’s okay to talk about how scary climate change is. Really.,885110899186565122
1,The Chinese just broke massive iceberg in Antarctica as part of their global warming hoax.,885130725984538625
0,Untangle the complicated connections between climate change and the soon-to-be #LarsenC iceberg here:…,885130758444257280
-1,I swear you guys better not pass gas cause they will pile on trying to say Trump is trying to speed up global warming!!,885131912800423937
1,"It's hard to be optimistic when many effects of climate change, today, are not fixable. Are we at the point of no return? Terrifying.",885141674195693569
0,How do you determine natural process Since climate change has b…,885142838404624385
-1,There is no significant global warming,885146653338030080
0,"RT if you believe in global warming, have a crush on josh dun, or hate yourself",885154839440703488
1,EPA wants to debate climate change on TV - challenging scientists to prove global warming is a threat. Bring it on?,885158742727290880
1,"'Uh......fake news! Ain't no such thing as climate change' - A republican, somewhere in America.",885160070543290370
0,I hate this global warming talk. It's all so doom and gloom' -Farmer I met in Manitoba-,885164770810372096
1,"While everyone is tripping on trump jr emails, big ass sheet of ice broke off, but climate change is hoax tho...#maga",885171493172269056
1,Example A of never convincing religious conservatives of the reality of climate change,885196144774721541
1,This is why I was trying to explain climate change to my 8yo this morning. He also asked if Grandma would be OK. (S…,885196178916335619
0,">Have fewer children to fight climate change >'Oh no! we need migrants now, no one could have predicted this!' >Han…",885197502504456193
-1,I see an unholy alliance between PP and climate change nuts on the horizon.,885219237635272705
1,The EPA wants to have a climate change debate on TV. Scientists say that's 'bullshit',885221618930388993
1,The most effective individual steps to tackle climate change aren’t being discussed,885225466285707264
1,"But ALLLLLL mean, global warming is the real. ",885226744118218753
0,I know that climate change is within.,885240229560496131
0,People don't think climate change is real,885256936022847488
-1,Can anyone say 'Man-made global warming?' The MSM lies keep coming. Enlist & join our patriots at…,885261191232106497
0,In that case we need to sterilize subsaharan Africa to help prevent climate change. The UN should begin t…,885269442967613442
1,"It doesn't just fight climate change, it fights so many other social ills! (Has anyone seen Logan's R…",885269513226375168
0,Maybe climate change is just the Earth's immune response to us.,885276119997591552
-1,1/2 I'm not a climate change denier. I think we certainly have a subtle impact upon our planets climate. But a greater impact,885280493880713216
1,"Normally I veer away from personal stuff, but today I wrote about reconciling parenthood & climate change:",885284804849270784
1,now tell me that climate change isn't real,885289215503642624
0,"That smile could make global warming find a cure for itself, saving all of mankind because you are just…",885312526006632448
-1,too fn funny. Ahole macron blames terrorism on climate change. ice cra…,885322387750883328
1,"3. Most people are barely aware of climate change & have no idea how scary & proximate it is. That's the baseline fact, the core…",885333871440560129
-1,Europe has tons of money for global warming so it's time for them to pay for their own defense #MAGA,885336513067704320
0,Not sure about the global warming. But this Malala is the biggest liberal Hoax ever. What a joke!,885348769797111808
0,global warming is far too slow,885352387375882240
0,"Tyler the Creator is gay, Krabby Patties made out of crab meat, Fruit Loops all the same flavor, and global warming still re…",885363200765579264
0,Stone Cold Steve Austin is the key to stopping climate change,885367861274963968
-1,'Do as I say but NOT as I do' seems to be the theme for these climate change lovers #Gore #mattdamon,885368887126237185
0,"The giant iceberg calved off Larsen C is normal, and not due to climate change. Nice to see the BBC say so.",885388348352843776
1,#ClimateServices have the potential to contribute substantially to climate change mitigation and adaptation ➡️…,885423683958964224
0,Some r advocating a special role for central banks...using a ...range of instruments: climate change-related discl…,885442198564634624
1,Polar bears hurt by climate change are more likely to turn to a new food source,885461875370184704
1,People who don't believe in global warming and climate change are a bunch of burros,885470939194036224
1,Report : Trillion-tonne iceberg snaps off Antarctica's ice shelf. President Trump thinks climate change is a hoax!,885470979102654464
0,'I've studied Larsen C and its giant iceberg for years – it's not a simple story of climate change',885496965714325504
-1,At least she actually came out and admitted she was wrong. Most climate change cultists would never have done that.,885497026263306240
0,He should be beating the climate change outta him.,885500507611045889
1,"Don't worry, it's just the natural process of anthropogenic climate change rendering the earth uninhabitable",885508304155365376
1,We aren’t doomed by #climate change. Right now we are choosing to be doomed. | …,885519772850552832
0,"this is more reliable than a late season cold front with respect to global warming,…",885543565459427330
0,"everybody wants to die, but also everybody wants to complain about global warming, so i'm convinced you bitches just li…",885554650962739200
1,"How to address climate change: cut holidays, sell the car and don't have as many children, say scientists",885555633818349568
-1,Solve climate change? Huh we still going to play this BS story..Buy SUV's very comfortable,885603575371513856
0,Your Wcw doesn't believe in climate change :(,885673978836246531
0,It's clear that US reporters in France who only talk about Russia emails and climate change are unprepared for foreign…,885674036113661952
0,I wish there was a climate change chapo trap house,885682451908931584
1,"Being a scientist. Supporting science. Working towards clean air, water, soil. Mitigating climate change…",885687330106818560
1,Military leaders know climate change threatens national security – and they’re urging us to defend #ClimateSecurity.,885688524783177728
0,"staph causing global warming, you hot stuff ",885724260810895360
1,Wildfire is an important part of ecosystems. But fires are increasing in severity because of climate change.,885746344647962624
1,The cynical and dishonest denial of climate change has to end: it's time for leadership | Gerry Hueston,885757230523568128
1,You don't 'believe in' climate change. You *understand* climate change. Stop asking people if they believe in it. Scien…,885764227436339201
1,tell me global warming isn't real,885765577482088448
1,bees are dying out & climate change is destroying our environment yet the nigga I want has the audacity to act like…,885765658264444929
0,"If global warming doesn't get you first, then this will.",885776618530144256
1,The cynical and dishonest denial of climate change has to end: it's time for leadership,885805941492334594
1,But climate change is still a hoax! Thanks deniers!,885821871392006145
-1,It's not climate change. It's global warming. Or maybe it's something else now? Like huge BS?,885840902937124865
1,How prepared are the world's top coal-mining companies for the business risks arising from climate change?…,885848798525784064
-1,"I wish that Al Gore would sit down, shut up and stop goring us with his phony climate change claims!!!!!!!",885875273849229312
-1,Ah the Intellectual Elites. They know best! World leaders duped by manipulated global warming data,885883362795167745
0,sana angrily shooting free throws to humble was hot enough to fuel climate change i have the receipts,885887511859347456
1,Cities are reclaiming the fight against climate change.,885932350470803456
0,"If I ever made a Paul Joseph Watson video, I'd proly focus on his depression and climate change stances.…",885937562547892225
1,So glad for 46 House Republicans willing to listen to our military leaders when they tell us that climate change is…,885984068168540165
1,'Chasing Coral' documents global warming in real time as it destroys the Great Barrier Reef,885987953054449664
-1,Or maybe it is just that the global warming nuts are being given a sign. Enlist with us at,886016282751102976
1,Older politicians that deny climate change are too old to care. It's time for politician change.,886026093945344000
1,"For the first time ever, a GOP-led House has affirmed that climate change threatens America's national security: https:/…",886030472022708224
0,"Winter is coming Oh thank the gods, this summer heat is getting ridiculous Dragons caused global warming #ThingsNeverSai…",886041297873768449
1,"#Resist 'This isn't for me, I'm going to be dead. It's for you' Jerry Brown on necessary climate change action: https…",886060291712311297
1,"'A rapidly warming planet can't wait for solutions—in #SaltLakeCity, neither can we.'-. Biskupski #climate https:…",886063020413034496
1,"Wow, watch the documentary 'Chasing Coral' on Netflix, it's beautiful, sad, and so informative! We need to address climate change now!",886069938271600640
1,"Govt is 'reckless and irresponsible 'on climate change, Green Party commits to leadership in Govt on this fundamental i…",886071414062694400
1,'Why aren’t politicians doing more on climate change? Maybe because they’re so old.',886077378920927232
-1,More proof that climate change has a religious aspect that sometimes overshadows the scientific part.,886080435603644416
1,Here's global warming in one terrifying gif,886112713654403072
1,no child left behind quotes #global warming speech introduction,886130980515348480
0,"“Stop global warming,” they demanded. The AI sat quietly, designing an optimal solution. The first wave of plagues began…",886138586155929602
1,I think I understand. Are you by any chance a white nationalist that believes global warming is a h…,886141547149971456
-1,Ya but all the experts say it's not climate change ass hat fake news it's a natural occurrence for thousands o…,886143151710326784
1,The governor of California and Michael Bloomberg launched a new plan to fight climate change with or without Trump - htt…,886169688467812353
-1,0bama /9/11/2001 global warming climate change carbon trading scam..killing off 1142 peop…,886188918936174592
1,"2. it evolution, species adapting to the environment but climate change is an important fact, involve…",886201582559387649
1,Vox First Person: Why aren’t politicians doing more on climate change? Maybe because they’re so old. via,886214368031121408
-1,Preach it brother. Man made climate change is a lie.,886217703945535489
1,1/x The potential case for why HAVING kids may be a better answer for solving climate change:,886239412471902208
1,Latest Voices of Tomorrow essay by a very young scholar: Nukes & climate change: Double whammy for Marshall Islands…,886248418938671104
-1,Gov. Moonbeam burdens poor with higher taxes to solve the imaginary problem of global warming.,886258913854840834
1,"Not half.... we've the Christian Taliban in charge , that deny climate change, evolution…",886277495569428480
1, you mean when they have to admit climate change is real to the world ?,886306396572184577
1,Eating a vegan diet is the single most powerful thing the average person can do to combat climate change.…,886314471546814465
1,Our approach to climate change isn't working. Let's try something else. via,886314503989755905
1,"To reduce climate change & sea level rise risks, we need substantial and sustained reductions in GHG emissions…",886324208262946816
1,It's weird how we keep seeing consequences to that imaginary climate change thing.,886331951451426816
1,How can we save the planet and stop catastrophic #climate change?: Socialist Worker #environment,886344608036274176
1,Complaining about 'female privilege' because 'ladies drink free' is exactly as stupid as denying climate change because i…,886372674271940608
1,We need to act on global climate change.,886382371498414080
1,Watching 'Chasing Coral' on Netflix streaming about the affect of global warming on the coral reefs. Highly recommended!! Co…,886444133178642432
1,would never endorse a climate change denier - so why an…,886450630751145984
1,Forgive me if I don't take seriously a man who took climate change off the national curriculum. #GreenBrexit,888342634250596352
1,continues to educate people around the world on the planetary crisis of climate change. We thank him so mu…,888417830672191488
0,SERC's Roy Rich & colleagues create a buzz in Germany for their global warming simulation:,888447601959464960
1,"Now that Trump is gutting what little climate change regs we had, media is actng like they care. Theyve hardly coverd climate change AT ALL.",888459562663243780
0,What if Smash Mouth's 'All Star' is really about ... catastrophic climate change.,888482264438366212
1,clear evidence of climate change join the movement #CLP17 let's make a change …,888484845877329920
1,Wait...what? 140 heat index? Glad global warming is definitely not a thing. #iowaisnotarizona @…,888498624035930112
1,"I believe in climate change, voted for HRC. I could be spox! -Scaramucci believes in climate change, voted for Obama https:…",888517231545507840
1,If we (me & ) open a climate change awareness raising body in Pakistan. Would you both joi…,888521316114079745
0,There is no polar bear emoji. Still think global warming is a myth? ,888555512530432000
-1,"Global Warming; climate change; & unusual weather all caused by human production of CO2, now .04% of…",888560878148214785
1,'i don't believe in climate change',888589775489204224
1,"Trump's new Communications Chief is an anti-science, young Earth, climate change denier. Scum rises to the top.",888680255656927235
0,That's ME!! I'm mad into climate change these days. I'm thinkin of starting a club,888696093902602241
1,You can take steps to combat climate change without crippling the economy. The fact many people still believe CC is a hoax…,888730097741692928
0,"'Stories about climate change stress me out, hurting my immune system. Therefore they are a form of violence & should be bann…",888744659266228226
1,Hey good thing all that climate change is bollocks right? All hell breaks loose as the tundra thaws,888750840978255872
0,"Wow. The wall, gun control, climate change, Russia...is there any issue that Scaramucci agrees with the president o…",888763148207104001
1,Effects of warming temperatures show that climate change is undeniable. Climate action is part...…,888773967573532672
1,"Everyone who denies climate change should go swim in a reef while they still can, and see this magical world disapp…",888793462895783936
1,Kate Marvel: Can clouds buy us more time to solve climate change? | TED Talk |,888803786185207808
0,"literally manufacturing money out of thin air for holding pointless stocks for microseconds, what does climate change matter?",888808317178572804
1,We're too late to stop global warming with renewables. We need to do something much more drastic…,888827221175140352
1,This is exactly what we mean when we talk about run-away climate change. Methane escaping from the tundra as warned. https:…,888832115005149184
1,"Here's a Scaramucci tweet on gun control, climate change, the wall and gay marriage. In case he deletes them.",888833020471463936
1,"Over 97% of scientists agree that climate change is real, human-caused, and happening right now. RT if you side wit…",888845900424105984
1,Our new interactive map shows how climate change impacts your air quality: TAKE ACTION:…,888867488838164480
0,Kinda seems like you backed down from your views on climate change and gun control.,888872295690899457
1,"Currently reading an excellent inteview by our editor, Ilene: 'Why we need to act on climate change now':",888878549586915328
1,Currently reading 'Why we need to act on climate change now':,888883337133252608
1,I just published “Why we need to act on climate change now”,888901818302025728
1,Is assessing consequences of climate change too narrowly scoped? Climate change is caused by a few p…,888914062964383745
0,"Letter: Working on the puzzle of climate change: Salt Lake Tribune: In early June, more than 1,000… #ClimateChange",888978520843603969
0,if global warming isn't real why did club penguin shut down,888984783849738242
1,The coming revolution in energy production could make fighting climate change more difficult.,889009160154742784
1,"We're too late to stop global warming with renewables. We need to do something much more drastic, s... |",889013255854751745
1,There must be soo many more diseases frozen Anthrax outbreak triggered by climate change kills boy in Arctic Circle,889018714351312899
1,"If you haven’t read ’s recent article about climate change impacts (or the ensuing discussions), get…",889026023513247744
1,We need a democratic president- the Democratic Party is the future! they embrace climate change!,889034761594781696
1,My answer to Why are there people who deny global warming due to human factors when more than 90% of scientists adh…,889041648423927808
0,"So in less than one day, you've decided that you are prolife, denounce climate change, support full gun rights, & o…",889056144261390336
1,and they get to fight capitalism & global warming at the same time by having and making basically nothing.…,889077583349940224
1,"Evolved? So you now don't believe in climate change or marriage, and you think Trump treats women well?",889091689067028481
1,Carbon dioxide removal & storage can help keep global warming to a level we can live with. via,889093037275709440
1,and yet twitter is full of climate change deniers and the worlds remains silent! what can we do to stop this???,889097176235880448
0,Does that mean the answer to rising sea levels is to shoot down the moon? Did I just solve climate change?…,889106836233867264
1,So is against the wall and for climate change action & gun safety measures. So why does he 'love' Trum…,889136614076694529
-1,People believing global warming & Darwin will believe anything. Sad when an enemy makes more s…,889180807444668416
1,These mayors from around the U.S. are taking a strong stance to fight climate change. #TheFeed,889205687141715968
0,"Grassyknoll - Anti-Trump actor fights global warming, but won’t give up 14 homes and private jet",889217842780008448
1,Read: “Why we need to act on climate change now”,889277034177810432
0,Is Game of Thrones an allegory for climate change? Is Jon Snow supposed to be Al Gore? I'm on to something here folks I SWEAR,889310616707637251
0,"I know too many liberal friends who don't see the irony in railing against climate change skeptics denying science w/deadly consequences,",889310663893504000
1,How to green the world's deserts and reverse climate change | Allan Savory via #desert #mimic #nature,889312072374394880
1,worst news today after the 58000 Cr diverted from climate change to gst today :///,889365573053825024
0,"Fuck global warming, my neck is so frio, I'm currently lookin' for 95 Leo",889369491322359808
1,Come & hear more about climate change and Antarctica #art4climate #Larsenc #climatechangeart…,889421089188851712
1,At what point in ur evolution did big oil make u realize climate change was a hoax?,889432321077764096
-1,Pres Trump why don't you tell the war mongol to stop with global warming is and worry about pissing of the Russians remind they have nukes,889432386223706112
1,Keep an eye out on #qanda for Dane from Beechworth Seconday College. He's passionate about climate change.…,889439345815429121
1,Clean cars' will save us from climate change deniers - The world is turning to clean energy and so is the car ind…,889451676503068673
0,Is climate change a liberal hoax? #MAGA RETWEET to make the poll more representative and accurate!,889457520405659648
-1,#QandA No point asking Liberal about anything to do with climate change or energy policy. They'll just tell you coal is cool.,889463260721815552
1,"Remember, job insecurity, housing unaffordability, pressure, climate change etc impact young people and their health. #qan…",889471933149990912
-1,Al Gore refuses to give direct answer when confronted over bogus 2006 claims on climate change,889486370644865026
1,"Also: I know climate change is real, renewable energy is replacing fossil fuels & businesses will not…",889492174915510272
1,"The Arctic Ocean creates the Under Ocean Current. When it stops, there will be catastrophic climate change. #…",889507505612705794
-1,Dems' 2018 strategy: promise people they'll solve climate change by making everyone poor. Sounds like a real winner. https:/…,889510484759773184
0,thanks for showing up sir story ya climate change simply clarify it with; 1. the polluter pay policy,889563951452876801
1,Today on the podcast: I talk to about his new film and the fight to combat climate change.,889595974905208833
1,Anybody who did high school debate knows it's the worst way to tackle #climate change,889610213686476800
-1,You're irrelevant. You don't get to push some fantasy myth about 'climate change' down our tax payers wallet.,889640093442560000
1,"On a trip to the Arctic, Congressman Lamar Smith did his best to remain ignorant about climate change. He succeeded…",889645739743342593
-1,liberal motto..spend spend spend spend spend...tax tax tax tax tax...climate change..khadr is our hero,889670572132753409
1,"Trustworthy: Pick a lie, any lie. Inauguration crowd, voter fraud, climate change hoax, etc. You have a whole buffet…",889710554578923520
1,"Not having read said Murdoch article, 98% sure it wouldn't mention #AGW or climate change in context of warming.…",889718578257121280
1,Seriously concerning. Hope we can raise climate change again on the political agenda asap,889726360666681344
1,"I believe that climate change is real, that it's man-made, and that we need to stop harming the Earth, which is very obvio…",889729587508379649
1,We may have even less time to stop global warming than we thought,889732679956131840
1,Not that easy to blame climate change though we know increasing temperatures can lead to enhancement of such rain events.,889756842477236224
0,Trump? Whatever. Al Gore says we`ll cope with climate change - CNET #charlesmilander,889761272899698688
1,"The administration can try to ignore climate change, but it’s still happening and we must act now",889777997611491328
1,"“Human-caused global warming continues at a dangerous pace, and only human action to slash carbon can stop it.”…",889799646297673730
1,"Thankfully, America's autocracy will be short lived and the world we know will be killed by climate change before we repeat th…",889845557505740801
-1,Climate Alarmists stop believing in fraud of Global Warming. Fat Joe & Steve Aoki called 'climate change EXPERTS' (…,889847198254542849
1,Utilities knew about climate change as far back as 1968 and still battled science. New from me:…,889848765254971392
1,"An African architect’s profound message about climate change, built under a tree in London - Quartz",889859922229248000
-1,RaysLegacy 'RT DrShepherd2013: Over the top alarmist articles about climate change are just as irresponsible as baseless skeptic claims.…,889861367859228672
1,Global climate change is a serious problem which needs to be addressed now! #climatechange #globalwarming,889923688849711105
1,We must continue to fight climate change. Educate yourself and see An Inconvenient Sequel.,889937048953430017
-1,The irony of the 'not so tolerant' and climate change believers to use 'bottled water' in an assault; the…,889965369460477953
1,"Pertimbangkan satu hal, climate change. Shortage of everything we need to survive is in front of all of us.",889968298200252416
1,Calling all global innovators. Apply for up to $7M in funds to stop climate change. #ActOnClimate #Solutions2030 https:…,890013945850994688
-1,"How would of thought he would grow up to be an advocate for climate change, global warming crap!!!",890026325670494210
1,Science denial..on climate change..are you sure u wanna go there..you'll loose…,890052408600133633
0,Who should you trust on climate change: the liars or the hypocrites? My answer is here: https…,890099492795691013
1,Germany's dirty climate secret: Their stagnant emissions show renewables are alone not enough to beat global warming https:/…,890110735422017536
0,Good. Less babies and more food. Adopt these lil Asian babies so you can do something good in your miserable global warming ass life,890113971570823174
1,"If it's not #climate change that kills us, may be this: Sperm count drop 'could make humans extinct' - BBC News",890117106888577024
1,We are coming at this from opposite directions. You are a climate change denier (…,890131985611587584
-1,The lies told to support the anthropological global warming scam are legendary. We will…,890144747926499332
1,Remember our climate change garden Chatsworth? Read my blog to find out what it was like behind the scenes…,890158224158195716
1,And I am guessing Gen Y are done with your 'racism' 'homophobia' 'climate change denial' and 'owning a home',890180593438216192
1,"Add hormone,antibiotics mass produced,climate change affecting red meats too+antibiotic filled milk…",890184968202309636
1,I understand we have to make environmental changes to combat global warming and climate change but recycling tweets…,890184992319516673
1,Not your average Monday: chatted to about ice shelves and climate change! Head to the Instag…,890190648992780289
0,Sekolah apanya? Skripsitnya a? Hahahah gak mandi itu malah menghemat air mengurangi global warming loh haha,890202504327159809
1,"As it goes with droughts and global warming - first it doesn't rain, then the fires start.",890204078990602240
1,Doctors unite to say climate change is making us sick,890204171160473601
1,Watch Phoenix's discuss how mayors of cities across America stepped up to fight for climate change po…,890213469827604482
-1,Once again has been proven correct. #FraudNewsCNN blames obesity & global warming. We know the real reason.,890225495123648512
1,"We care more about emails and obstruction of justice instead of creating proper healthcare, equality, climate change and more.…",890235683515838464
1,The U.S. electric industry knew as far back as 1968 that burning fossil fuels might cause global warming,890250573584506886
0,and CA political 'climate change' is happening... storm brewing (will always ❤️ this strong man in DC,890251857637003264
-1,Truth Hurts! - WATCH: Al Gore refuses to give direct answer when confronted over bogus 2006 claims on climate change https…,890268891238236161
-1,WATCH: Al Gore refuses to give direct answer when confronted over bogus 2006 claims on climate change,890288051007627264
1,"Here's a reminder of what Exxon knew about climate change from its own research, and then tried to deny.…",890301105321656320
0,Im gunna be pissed if the world ends by some lame ass global warming and not an alien invasion or A.I hitman androids,890307225822134275
1,"With #AB617 and our action on climate change, Calif. is once again showing you can succeed by being visionary & pra…",890334462004699136
1,People who think climate change science is a hoax out here screaming about biology-defined sexes,890350677704265729
-1,So science only is possible when talking about space  & climate change but not with X or Y chromosomes? Hmmmm interesting …,890352110205906949
1,feel like it good for the planet to make innovative procedures to adapt to climate change but it shou…,890353589599649792
0,Kit Harrington said he's seen global warming firsthand and it's 'terrifying' and he's seen the army of the dead like damn. Must be legit.,890443681743982593
-1,"Just more of the big 'global warming', 'climate change' con. Or whatever it is they're calling nature the…",890474017391603712
1,Interesting article on climate change and a post carbon society -,890485852471689216
1,"#Climatechange ISRAEL21c All faiths must unite to fight climate change, clergy urge ISRAEL21c Rosen,……",890494524346163200
1,California is determined to fight climate change,890500921435840512
1,"BLOG: From what I am seeing, we are now facing runaway climate change in the Arctic. Please…",890502356500176896
1,"1969: By 2017 we will have flying cars, no global warming, high end technology. 2017:",890528542970322944
0,It reminds me of that ad for climate change action where a school teacher blew…,890545442601218048
1,the benefits of climate change' pffftttt news flash: we'll die SMIIITH,890546851442638851
1,“Got a sneak peek of Al Gore's #AnInconvenientSequel climate change doc. An important film worth your time. Check it out to…,890560124863078400
1,"Refreshing honesty: ‘Stop lying to the people’ on #climate change, Schwarzenegger tells Republicans…",890604980083638272
1,Too bad climate change DOESN'T CARE.,890641547225481216
1,Who needs global warming when you can simply light $1.6 billion on fire.,890691954278838272
-1,he knows nothing.. he is just spreading lies and fear same BS as global warming! Most dishonest disgustin…,890693380899983364
1,'USDA can't help farmers cope with effects of climate change if the agency's head of science doesn’t believe in it',890702543885434881
1,"Willfully ignoring 99% agreement on climate change is not 'winning', it's malpractice. Cynical, short-sighted abdic…",890708397036904448
1,How is tackling the problems of climate change like tackling the problems of child literacy?And how to do it better?,890710200453177345
1,"1/2 century+ later, we continue to struggle with climate change denial. Deception of tobacco industry proportions! https:/…",890723296072933376
1,Turns out climate change is real and Malcolm Roberts is a hoax. Who'd have guessed? ,890726268345368577
-1,"The guy is anti gun, pro climate change, married a Jewess & trusted a reporter on his 1st day…",890758602977189888
1,Seriously though – is contributing to climate change not a 'basic coal fact'?,890824531404873729
1,"Pay now, be rewarded later – the political hot potato of #climate change: Irish Times #environment",890831047386124288
1,"Unfortunately for climate deniers, 'actual scientists' explain thoroughly how we cause climate change.…",890958135707357185
1,and the us only wants to deny global warming,891008399558705152
1,"Meanwhile, leaders in America think global warming is a hoax....",891029093604577281
1,Why hope is dangerous when it comes to climate change:,891038262114103297
1,"Let’s use this victory and keep showing up on so many other issues, including climate change, women’s rights & criminal j…",891050099760967680
1,"A bold agenda of Medicare for All, college for all, climate change, criminal justice r…",891065819031117824
1,honestly global warming is fucking real. im moving to oregon i could give a fuck about california,891067958482526208
1,It's actually SNOWING in Mexico right now. So global warming is a hoax huh?,891156326964801536
1,1.) climate change is real. 2.) trans people are people (who deserve the same rights as anyone else.) - 3.) the world is…,891219452628525056
1,"+40C never been recorded in UK, but could quickly become common with climate change. Also drier S Coast,wetter West. http…",891251522117533696
0,See the discussion around 'climate change' for an excellent illustration of my point,891309989247295490
1,How I'm going to be enjoying this moderately warm winter but worried how it's clearly a result of global warming,891325610710228992
0,show us another of your charts to explain how this event was caused by global warming.,891361677496668160
0,Where can I get a shirt that says 'global warming melted all the ice cubes in my 'not your fathers root beer''???,891370431759962114
1,"80% of petroleum geochemists don't believe climate change is a serious problem' -- still a bad analogy, but one le…",891406914210340864
1, Scotland is a world leader on tackling climate change & we’re taking important steps to protect our natural envir…,891410525594234881
0,"global warming is finally over, wars are too, I have clear skin and I'm crying",891412978184146944
1,#climatechange #earth 'The absolutely critical period to tackle climate change is right now.' -MarkWatts40,891428165180166146
0,We all must become avocados to avoid global warming,891429247998283776
1,"U should watch , super interesting & explains the real cause of global warming :)",891464925058441217
1,"this the future we want, but instead we got a president that doesn't 'believe' in global warming",891468579392114688
1,"conservation technologist fights #illegal #logging, #climate change with old phones.…",891471217143808001
1,"It is happening now. Millions of humans are forced to flee armed conflicts, climate change, inequalities, and...",891544609070993408
0,Why do global warming deniers is really a scam?,891588008356581376
0,How am I supposed to crack open a cold one with the boys with all this global warming?,891607457054822400
1,Good to see Al Gore back with a sequel to put climate change back on the agenda. Do the world a favour and RT,891622771884789761
1,Climate Reality: We *should* rely on good science — and 97% of climate scientists agree climate change is rea...…,891626577943040000
0,The reply to that tweet joking that it's due to climate change and UV radiation ,891670267843444737
0,funny a conversation about climate change with ruffian should get so heated after all the sea levels are falling up the paris accord,891680120167161857
1,Someone tell Trump to watch The Day After Tomorrow. Maybe he'll start believing in climate change if we show him something on his wavelength,891715373321662464
1,Africa did not contribute to global warming but will suffer greatly from it. Perhaps may suffer more than any other continen…,891775647512641536
0,Forget global warming my neck is so frio I'm currently looking for 95' Leo,891789439369957376
1,Money won't matter here when the United States is under water due to climate change.,891823734281052160
1,How #GameOfThrones is really all about climate change.,891865776256188416
-1,True but he also is a global warming scam promoter & appeaser and booster of I…,891887333422669825
1,"Everyday something new to fear: fish, global warming, second hand smoke, salmonella, stock market crash, war, famine.…",891898915703967744
1,New poll -> More Scots want stronger action to tackle climate change Now's your chance:,891943595170824192
1,"Our brains can't comprehend a threat as big as climate change, so we keep squabbling amongst ourselves as the earth gro…",891964934518603776
1,2017 is so far the second-hottest year on record thanks to global warming | Dana Nuccitelli #Green #Eco #Sustainab…,891969551579181057
1,"More Americans are dying from extreme weather due to climate change than terrorists. End imperialist, resource stealing wars.",892002735293419521
1,"All faiths must unite to fight climate change, clergy urge - #FaithAndClimate #ClimateStewardship",892018145237639169
0,They probably won't bring up his past climate change predictions,892042757086334976
1,"Hey folks, never fear! is here to tell you that global warming is just AWESOME. #Denier…",892047092788719616
0,stop acting like larries caused global warming it's literally just a ship that exists in every fandom and can be ignored,892058964191567872
1,Looking forward to working together to tackle climate change & grow a clean economy. ,892067209454862336
1,2017 is so far the second-hottest year on record thanks to global warming | Dana Nuccitelli #climatechange,892076500555575296
0,Earlier dystopian futurists discounted severity of global warming* *Notable exception Mad Max,892081324697075712
0,"Or will you revert2 your FORMER beliefs n global warming,abortion& that stupid wall? AttentionWhore genuflecting2 T…",892097903765757952
1,"Me: *Enjoying Life* My brain: you're broke, a nuclear war could start soon, and global warming is getting worst",892150339255783425
-1,"Regardless, there is a real hidden agenda behind the global warming hysteria. Co…",892166446725332992
-1,"Males XY Females XX Abortions are human fetuses. Manmade global warming has not been proven. Now, Do you believe i…",892238650263646208
1,"More than 137 million people in India, Bangladesh and China are at risk from climate change-triggered flooding https:…",892244225756200960
1,We need to become aware of climate change!!!,892253853046984704
1,"Algae outbreaks are caused by water pollution, mostly from farms, and climate change will bring more of it…",892260860491595777
1,GBCSA: Net zero buildings are the unexpected heroes. For #WGBW2017 Fight climate change & stand with #OurHeroIsZer…,892309801337856000
0,and the environment lmaooo Ur xans and vodka is only one person not contributing to climate change and d…,892323421312495616
1,Great to hear describing #climate change as this generation's equivalent of the fight to go nuclear free. Trut…,892326943948914689
1,11 terrifying climate change facts in 2017. We must act now.,892327476654874624
1,Trump disbanded the federal advisory panel for the National Climate Assessment which helps policymakers & private sect…,898030225132339200
1,The Climate Science Special Report is the most comprehensive summary of climate change science since 2013.,898032738736955392
1,"Great to see local businesses taking action on climate change, good for the environment & the bottom line",898042805494190082
1,It is not just Pakistan that is threatened by climate change. India needs to worry more.,898059163275685890
1,"We have just reached 1°C of warming. Look what it has done. I am terrified of what 2°C or 3°C will do. #ClimateChange is…",898060413207715840
1,Because climate change doesn't care if you're a Republican or a Democrat or an Independent.,898064188165197824
1,Trump disbands climate change advisory panel - The Washington Post,898154823299776512
1,"I'm not gonna be ignoring it. I'm gonna be drinking on a beach when climate change destroys the world.",898164893706170369
1,Only an idiot would deny man made climate change.,898164897040523264
1,Trump knows that his base isn't concerned w/climate change but jobs. Yet innovation & green energy creates jobs…,898177481655619584
1,"This is your daily reminder that climate change is real, we are causing it, and it's bad. We have to act.",898236592237731840
1,"Climate change is increasing the frequency of extreme rainfall events, like those causing the devastating floods in South Asia.",898246658932236288
1,Is the world getting warmer? Yes. Should we do something about it? Yes. Is climate change our biggest problem? No.…,898254209115648000
1,Climate change is a huge threat to public health. But we can take action to solve it!,898255467473956864
1,Al Gore just explained how climate change helped cause Brexit - and it actually makes a lot of sense,898256725832269824
1,"This is what 4°C of global warming looks like. We're on track for this. We can change course. We must change course.",898274337836371968
1,Why fight climate change? Because it makes economic sense. My recent op-ed in,898284400269479936
1,Is climate change the Great Filter? That would be a rather boring apocalypse.,898299500661284864
1,"The weather for the eclipse will be perfect... unless climate change ruins it too. Just kidding (kind of)",898308304916520960
1,The Trump administration just disbanded a federal advisory committee on climate change,898348557257850882
1,Another week another climate change disaster. While our government does nothing!,898357373722501120
1,I've always been interested in climate change but was never really sure how to help. This sounds like a great way to start,898372464731873280
1,Our paper out today on how climate change affects range sizes of plants and animals,898427797781303296
1,Because of human-induced climate change.,898442895245664257
1,"It's hard to be a climate change denier when the arctic ice is melting, sea levels are rising and 2016 was the hotte…",898455480577761280
1,"If you want to fight racism, sexism, homophobia and climate change, then become vegan.",898460511397941248
1,You are never too young to join the fight against climate change!,898468061405184000
1,Climate change is real and we must act now.,898490710630010880
1,"My message to President Trump: Climate change is real, it is a threat to our economy and national security.",898522151606734848
1,Climate change is not a theory. It is a fact.,898525926484643840
1,It's time for to step up and lead on climate change. #ActOnClimate,898538509371420672
1,I have no problem with Republicans. I have a problem with traitors & racists & climate change deniers.,898547317770518528
1,"No matter what Trump says, climate change is real. We must act now.",898553609318801408
1,Climate change is real. The question is what are we going to do about it.,898558642299092992
1,"The science is settled: Climate change is real, man-made and dangerous.",898559899818455040
1,Climate change is real. We are seeing its effects in real time. We must act.,898563674687860736
1,Climate change is real. It's happening right now. We need to take action.,898564932979060736
1,Climate change is a threat to our national security. We must take action.,898569966143864832
1,Climate change is real. It is a threat to our way of life. We must act.,898574999287705600
1,Climate change is real. It is a threat to our children's future. We must act.,898580032431546368
1,Climate change is real. It is a threat to our planet. We must act.,898585065575387136
1,Climate change is real. It is a threat to our economy. We must act.,898590098719227904
1,Climate change is real. It is a threat to our health. We must act.,898595131863068672
1,Climate change is real. It is a threat to our communities. We must act.,898600165006909440
1,Climate change is real. It is a threat to our environment. We must act.,898605198150750208
1,Climate change is real. It is a threat to our water supply. We must act.,898610231294590976
1,Climate change is real. It is a threat to our food supply. We must act.,898615264438431744
1,Climate change is real. It is a threat to our energy security. We must act.,898620297582272512
1,Climate change is real. It is a threat to our infrastructure. We must act.,898625330726113280
1,Climate change is real. It is a threat to our biodiversity. We must act.,898630363873954048
1,Climate change is real. It is a threat to our oceans. We must act.,898635397017794816
1,Climate change is real. It is a threat to our forests. We must act.,898640430161635584
1,Climate change is real. It is a threat to our wildlife. We must act.,898645463305476352
1,Climate change is real. It is a threat to our mountains. We must act.,898650496449317120
1,Climate change is real. It is a threat to our polar regions. We must act.,898655529593157888
1,Climate change is real. It is a threat to our glaciers. We must act.,898660562736998656
1,Climate change is real. It is a threat to our coral reefs. We must act.,898665595880839424
1,Climate change is real. It is a threat to our air quality. We must act.,898670629024680192
1,Climate change is real. It is a threat to our weather patterns. We must act.,898675662168520960
1,Climate change is real. It is a threat to our seasons. We must act.,898680695312361728
1,Climate change is real. It is a threat to our agriculture. We must act.,898685728456202496
1,Climate change is real. It is a threat to our fisheries. We must act.,898690761600043264
1,Climate change is real. It is a threat to our tourism industry. We must act.,898695794743884032
1,Climate change is real. It is a threat to our insurance industry. We must act.,898700827887724800
1,Climate change is real. It is a threat to our real estate market. We must act.,898705861031565568
1,Climate change is real. It is a threat to our global stability. We must act.,898710894175406336
1,Climate change is real. It is a threat to our human rights. We must act.,898715927319247104
1,Climate change is real. It is a threat to our social justice. We must act.,898720960463087872
1,Climate change is real. It is a threat to our equality. We must act.,898725993606928640
1,Climate change is real. It is a threat to our peace. We must act.,898731026750769408
1,Climate change is real. It is a threat to our prosperity. We must act.,898736059894610176
1,Climate change is real. It is a threat to our future. We must act.,898741093038450944
1,Climate change is real. It is a threat to our survival. We must act.,898746126182291712
1,Climate change is real. It is a threat to our planet's health. We must act.,898751159326132480
1,Climate change is real. It is a threat to our children's health. We must act.,898756192473973248
1,Climate change is real. It is a threat to our grandchildren's future. We must act.,898761225617814016
1,Climate change is real. It is a threat to our legacy. We must act.,898766258761654784
1,Climate change is real. It is a threat to our history. We must act.,898771291905495552
1,Climate change is real. It is a threat to our culture. We must act.,898776325049336320
1,Climate change is real. It is a threat to our art. We must act.,898781358193177088
1,Climate change is real. It is a threat to our science. We must act.,898786391337017856
1,Climate change is real. It is a threat to our technology. We must act.,898791424480858624
1,Climate change is real. It is a threat to our innovation. We must act.,898796457624699392
1,Climate change is real. It is a threat to our progress. We must act.,898801490768540160
1,Climate change is real. It is a threat to our civilization. We must act.,898806523912380928
1,Climate change is real. It is a threat to our humanity. We must act.,898811557056221696
1,Climate change is real. It is a threat to our existence. We must act.,898816590200062464
1,Climate change is real. It is a threat to everything we hold dear. We must act.,898821623343903232
1,Climate change is real. It is the defining challenge of our time. We must act.,898826656487744000
1,Climate change is real. We cannot afford to ignore it. We must act.,898831689631584768
1,Climate change is real. The time for action is now. We must act.,898836722775425536
1,Climate change is real. We have a moral obligation to act. We must act.,898841755919266304
1,Climate change is real. We owe it to future generations to act. We must act.,898846789063107072
1,Climate change is real. We can solve this problem. We must act.,898851822206947840
1,Climate change is real. We have the solutions. We must act.,898856855350788608
1,Climate change is real. We must transition to clean energy. We must act.,898861888494629376
1,Climate change is real. We must reduce our carbon footprint. We must act.,898866921638470144
1,Climate change is real. We must protect our planet. We must act.,898871954782310912
1,Climate change is real. We must save our world. We must act.,898876987926151680
1,Climate change is real. Join the fight. We must act.,898882021073992448
1,Climate change is real. Speak up. We must act.,898887054217833216
1,Climate change is real. Vote. We must act.,898892087361673984
1,Climate change is real. Demand action. We must act.,898897120505514752
1,Climate change is real. Be the change. We must act.,898902153649355520
1,Climate change is real. Together we can make a difference. We must act.,898907186793196288
1,Climate change is real. Let's get to work. We must act.,898912219937037056
1,Climate change is real. The future depends on us. We must act.,898917253080877824
1,Climate change is real. Don't let anyone tell you otherwise. We must act.,898922286224718592
1,Climate change is real. Believe the science. We must act.,898927319368559360
1,Climate change is real. Ignore the deniers. We must act.,898932352512400128
1,Climate change is real. Fight for your future. We must act.,898937385656240896
1,Climate change is real. Protect what you love. We must act.,898942418800081664
1,Climate change is real. Stand up for science. We must act.,898947451943922432
1,Climate change is real. Support clean energy. We must act.,898952485087763200
1,Climate change is real. Reduce, reuse, recycle. We must act.,898957518231603968
1,Climate change is real. Go green. We must act.,898962551375444736
1,Climate change is real. Save energy. We must act.,898967584519285504
1,Climate change is real. Plant a tree. We must act.,898972617663126272
1,Climate change is real. Drive less. We must act.,898977650806967040
1,Climate change is real. Eat less meat. We must act.,898982683950807808
1,Climate change is real. Buy local. We must act.,898987717094648576
1,Climate change is real. Educate yourself. We must act.,898992750238489344
1,Climate change is real. Spread the word. We must act.,898997783382330112
1,Climate change is real. Take action today. We must act.,899002816526170880
1,Climate change is real. The world is watching. We must act.,899007849670011648
1,Climate change is real. History will judge us. We must act.,899012882813852416
1,Climate change is real. We are running out of time. We must act.,899017915957693184
1,Climate change is real. This is an emergency. We must act.,899022949101533952
1,Climate change is real. Wake up. We must act.,899027982245374720
1,Climate change is real. It's up to us. We must act.,899033015389215488
1,Climate change is real. We can do this. We must act.,899038048533056256
1,Climate change is real. Hope is not a strategy. We must act.,899043081676897024
1,Climate change is real. Action is the only option. We must act.,899048114820737792
1,Climate change is real. Don't give up. We must act.,899053147964578560
1,Climate change is real. Keep fighting. We must act.,899058181108419328
1,Climate change is real. We are stronger together. We must act.,899063214252260096
1,Climate change is real. Love your planet. We must act.,899068247396100864
1,Climate change is real. Peace on Earth. We must act.,899073280539941632
1,Climate change is real. For all of us. We must act.,899078313683782400
1,Climate change is real. Forever. We must act.,899083346827623168
1,Climate change is real. Now. We must act.,899088379971463936
1,Climate change is real. Always. We must act.,899093413115304704
1,Climate change is real. Truth. We must act.,899098446259145472
1,Climate change is real. Justice. We must act.,899103479402986240
1,Climate change is real. Freedom. We must act.,899108512546827008
1,Climate change is real. Equality. We must act.,899113545690667776
1,Climate change is real. Life. We must act.,899118578834508544
1,Climate change is real. Love. We must act.,899123611978349312
1,Climate change is real. Peace. We must act.,899128645122190080
1,Climate change is real. Hope. We must act.,899133678266030848
1,Climate change is real. Faith. We must act.,899138711409871616
1,Climate change is real. Unity. We must act.,899143744553712384
1,Climate change is real. Courage. We must act.,899148777697553152
1,Climate change is real. Strength. We must act.,899153810841393920
1,Climate change is real. Wisdom. We must act.,899158843985234688
1,Climate change is real. Vision. We must act.,899163877129075456
1,Climate change is real. Leadership. We must act.,899168910272916224
1,Climate change is real. Innovation. We must act.,899173943416756992
1,Climate change is real. Progress. We must act.,899178976560597760
1,Climate change is real. Sustainability. We must act.,899184009704438528
1,Climate change is real. Resilience. We must act.,899189042848279296
1,Climate change is real. Adaptation. We must act.,899194075992120064
1,Climate change is real. Mitigation. We must act.,899199109135960832
1,Climate change is real. Education. We must act.,899204142279801600
1,Climate change is real. Awareness. We must act.,899209175423642368
1,Climate change is real. Advocacy. We must act.,899214208567483136
1,Climate change is real. Activism. We must act.,899219241711323904
1,Climate change is real. Policy. We must act.,899224274855164672
1,Climate change is real. Politics. We must act.,899229308003005440
1,Climate change is real. Economics. We must act.,899234341146846208
1,Climate change is real. Business. We must act.,899239374290686976
1,Climate change is real. Finance. We must act.,899244407434527744
1,Climate change is real. Technology. We must act.,899249440578368512
1,Climate change is real. Science. We must act.,899254473722209280
1,Climate change is real. Nature. We must act.,899259506866050048
1,Climate change is real. Earth. We must act.,899264540009890816
1,Climate change is real. Planet. We must act.,899269573153731584
1,Climate change is real. Environment. We must act.,899274606297572352
1,Climate change is real. Climate. We must act.,899279639441413120
1,Climate change is real. Change. We must act.,899284672585253888
1,Climate change is real. Real. We must act.,899289705729094656
1,Climate change is real. Act. We must act.,899294738872935424
1,Climate change is real. Now. We must act.,899299772016776192
1,Climate change is real. We must act.,899304805160616960
1,Climate change is real. Act.,899309838304457728
1,Climate change is real.,899314871448298496
1,Climate change.,899319904592139264
1,Real.,899324937735980032
1,Act.,899329970879820800
1,"A newly published paper shows that Exxon knew climate change was real and man-made, but publicly touted the opposite",900599813246525440
1,I think if people want to ignore the science of climate change they shouldn't have access to the science of nuclear weapons.,900620120711671808
0,So surprised to find a dramatic Lorenzo Quinn sculpture in Venice. The human hand in climate change. #Venice…,900625637668524032
1,"Join us at Kulturhuset, 11.00 hrs for #StockholmAct debate on how UNSC should deal w climate change",900636221344559104
1,Mt Baw Baw have only 5 out of 7 lifts open. Must be global warming. Still selling coal to China and India when elected?,900663425163960320
1,It's a good thing climate change is a hoax made up by the Chinese otherwise we'd be in big trouble.,900680448686338048
-1,IMAGE: An Al Gore global warming get together... #algore #climatechange #hoax #liar #libtard #tcot,900707732755554304
0,Or Patrick Minford as an EU economic expert. Or Nigel Lawson as a climate change expert.,900714305737285632
1,"Wild bees are in trouble due to habitat loss, pesticides & climate change. These 139 counties are most at risk:…",900731341116891136
1,Add your sleep to the (long) list of things climate change might threaten. Recent research published in Science...,900740892281229316
1,Why rats love global warming.,900824559531831298
1,tfw a climate change denier speaks to you confidently about the certainty of a weather forecast,900826254357737472
1,"'I think of race as something akin to climate change, a force we don’t have to believe in for it to kill us.' YES!! …",900839223783305217
-1,Amen Mr. Steve. Wow Mr. Gore was picked over this lady. Mr. get rich off of man made global warming,900878142897889285
1,"So... Texas, about to be directly impacted by climate change, is probably going to be requesting federal emergency assistance, shortly...",900948647516356609
1,Hey tell hurricane Harvey that global warming is a hoax,900999498599550977
1,Where are all those 'free speech' people and why aren't that protesting Trump's censorship of 'climate change' ???,901053448346624001
1,Unbelievable. The Department of Energy instructing grant recipients to remove the terms 'global warming' & 'climate…,901076800310312960
1,"Done whining on Twitter yet, Mr. President? Because a storm super-charged by climate change you want to make worse is about to…",901092533895286784
0,He Donald. I heard in the fake news that there is a hurricane in Texas? You told us USA has no global warming. Is this fake?,901102836385288192
-1,"We had a category 3 in 1966, this is still listed as a category 2, so was climate change worse almost 47 years ago?",901137322225410048
-1,I remember when climate change was called weather.,901139099070976000
1,"Re: Hurricane Harvey, sea level at Galveston has risen a foot since 1963 due to climate change:",901147365620494337
-1,Scientist says climate change is natural,901152470604361728
0,I coughed up a piece of my lung today. Because of climate change.,901199971374047233
1,"The same science that knew about the eclipse, knows about climate change. The 'fake news' being railed against will brin…",901223948578414593
0,Mankind's impact on climate change. What say you? Vote and Retweet,901223992761167872
-1,"If you pretend the first Category 3 hurricane in 12 years has anything to do with global warming, you're not a scie…",901239795313250306
0,I don't recall Obama's WH staff moves being front and center news ever. Hurricane Harvey taking a back seat. So much for climate change.,901267651942653953
1,A strong Green heart in the next progressive govt means ambitious climate change legislation in the first 100 days https:/…,901284921196429312
0,"Be careful, Lyin’ Ted Cruz just used a man, I have so powerful that politics is a great wall – we need global warming! I’ve",901293184671723520
1,My one request: during all the coming coverage of the hurricane please make a note of how often you hear climate change mentioned.,901301498918961152
1,Trump's budget also decimates funding for research on climate change that could impact severity of storms,901323753237434368
-1,Climate Change - the REAL inconvenient truth. Scientist claims global warming is NATURAL,901328926798163968
1,"Even if abnormally warm sea water didn't make #Harvey worse (it did), climate change added 30 cm water to storm surge…",901330570810019840
1,"And yet the State of Texas still says, 'The science of global warming is far from settled.'  Stay safe down there…",901368740553641984
1,"Our video explaining the complex relationship between climate change, drought + migration in the Horn of Africa",901374159023767552
-1,"The fake news (CNN) is trying to blame all this rainfall for towards global warming now, incredible that they know more than…",901376032015622144
1,it's ok don't worry says climate change is not real!,901389958354788353
0,Two middle aged white men 'debate' whether penes cause climate change. I'll make my own decisions ty very much. #notmypene…,901393390545362946
1,"I was honored to do two days of scribing about climate change for , #teachclimate!",901404628071460865
1,should take note that Hurricane Harvey is just like climate change:A hoax.,901409776625700864
0,What effect will climate change mean for hop production in the Yakima valley #climateontap,901425796455288832
-1,I cant remember if Al Gore invented the internet before or after he invented global warming,901451920551837696
1,Top climate change influencers ( to follow,901471354326835205
1,U ditzed Clinton & helped Trump win who reversed all climate change policies. Kiss your butt goodbye as Nature Knocks & blame you!,901486219053342721
-1,"CBS News This Morning: 'Isn't this hurricane proof of climate change?' Sure, just like the climate change in 1900 when Ga…",901552815386087424
1,'A study of our electrical grid that fails to even mention climate change is barely a study worth reading.',901560684328235008
1,"#ClimateFact: When we burn fossil fuels, we’re driving climate change. Learn to #LeadOnClimate in Pittsburgh:…",901621236756881408
-1,Just a thought: I cant remember if invented the internet before or after he invented global warming.,901748897659441152
0,Mr. Ridley's scientific contributions (including being a climate change skeptic) have been questioned by many scien…,901762261412446209
1,Chad Mayes isn't the only Republican who understands the threat posed by climate change,901778125176139777
1,This from a fucking climate change denier,901789485557575680
1,Perspective | How farmers convinced scientists to take climate change seriously,901806461541650432
1,This animation shows what global warming looks like in more than 100 countries. via #Clim…,901831605756579840
1,First require Utilities to pay Solar homeowners $0.49 Kwh for Solar to stop global warming.,901838542694780929
1,"True, evacuating millions isn't easy either. But it is something we will have to consider—esp. with climate change.",901847296530190336
1,"'We’ve known...climate change was a threat since...'88, & the US has done almost nothing to stop it. Today it might…",901868649459437573
1,"From DACA to climate change, so many important issues being debated right now. Talk to your representatives & tell them w…",901872712385167361
1,How the political denial of climate change makes things worse even at the local level.,901875519523868674
1,"Ok here's my problem with yall, there's global warming, terrorism, rape, murder, & war going on but a song is what…",901879556344352769
1,I hope we're all getting used to the idea that climate change is real and real challenges are worth facing together.,901881077400301568
1,Our paper is out! 7 ways that variation in climate will affect species responses to climate change…,901885922379255811
1,"And you're one of the idiots as there's no such thing as global warming !!! Please resign Trump, you stink !!!",901888504551968768
1,What can we say about role of climate change in the unprecedented disaster unfolding w/ #Harvey? I weigh in:,901909370526674944
1,"Keep in mind over the coming week: many, many conservatives say that adapting to climate change will be cheaper than preventing…",901925077620547584
1,"I'm a believer in climate change, Brian, but you work against changing minds comparing short term forecast…",901929291474194436
1,"As the effects of climate change play out, the risks posed by storms like Katrina and Harvey only stand to get wors…",901933365187682304
1,Yes but climate change is affecting sea levels which would erode the coast and cause more severe…,901933394233364481
1,"conservatives politicized bathrooms and eating vegetables, but noting how climate change denial worsens natural dis…",901946555640553475
-1,"Oh, but climate change isn't real.",901947928952147969
1,"Dear Texas, What’s it going to take to stop voting for people who deny climate change?",901949521973923841
1,Cersei not joinging the fight is as frustrating as people who don't believe in climate change. #gameofthrones #got #thronesyall,901990666900824066
1,"This is climate change, Mr. President. It affects us all whether or not you believe in it.",901992127021928449
0,if the night king could fix global warming #GameOfThrones,901999633123000320
1,"Messenger: When water recedes in Houston, debate over climate change and flooding must rise via…",902001012432568323
1,"Yet climate change is not a thing. Wake the fuck up,",902007509728333824
1,Hey Trump-I dare you go to Texas while people are suffering from Hurricane and tell them ur view climate change is a hoax…,902008863033098241
0,Some scary climate change references in that last scene #ice&fire #GamesOfThrones #bestepisode,902008893269831680
1,"Thanks to climate change, Harvey “is apt to be more intense, … longer-lasting, and with much heavier rainfalls”:",902016467377414144
1,When you don't believe in climate change and cut funds to government assistance. GGWP Trump,902028633220423680
1,The biggest contributors to climate change are rich white countries & the main victims are poor black or brown cou…,902037626043158528
0,Sounds like climate change to me,902059446251257856
1,"My homeland, Sicily, burning in fires. My putative home, Houston, drowning. Let's not argue about climate change and do som…",902063998086123520
1,Cities within 600 miles of coastlines should prob dig giant cisterns underground for future global warming super storms,902064102763241472
1,Ted Cruz interview on Climate Change 'scientific evidence doesn’t support global warming....' Houston do you copy? http…,902075626529501184
0,"Lot of celebrity/other elite types being ultra blowhard re: climate change & TX/Harvey. Genuinely interested, any of them ac…",902100168325160960
1,Can we talk about climate change now? #harvey #hurricaneharvey,902122918703882240
1,Nope ... global warming is a complete myth I tell ya!,902122921488994304
1,TFTCS 'RT BloombergTV 'Wondering if intense storms are linked to climate change? The one-word answer is yes…,902141586485772288
1,But remember: climate change is a hoax.,902143346289676288
0,"if u ask me ? I say this is global warming position in real world ,as was ,in ranges are different ,trans eural ,India ,africa",902171212293431296
1,I don't know if haarp is real but I do know the weather is getting worse because of global warming which is FACTS!!!!,902171217129558017
1,"If you live in Texas, voted Trump, deny climate change and believe God sends storms as a punishment - hope you're enjoying a…",902174445615370240
1,I fucking knew global warming is real,902193107885805569
1,don't worry climate change is a hoax tho,902206510268383233
1,This was the first time I spoke to a crowd about an idea to use blockchain to reverse climate change. It wont be th…,902208480135741440
1,UN SDG´s: People are experiencing the significant impacts of climate change.',902208488197292034
1,It's a fact: climate change made Hurricane Harvey more deadly | Michael E Mann,902227633676492800
1,politicians ignoring global warming and the climate change so they can carry killing the planet for money,902243437042208768
1,"Incredible photo of climate change catastrophe, global warming will make this kind of photography more frequent.",902243439403646976
1,I attended a conference with Pres Niinistro a few months ago. Very concerned about climate change. Should ask him v…,902269429802602497
1,"It's not too soon to talk about climate change in light of #HurricaneHarvey, it's too late. Climate change makes storms more…",902271028893818883
1,"Finnish president on threat of climate change: 'If we lose the Arctic, we lose the globe.'",902284862429601793
1,"Let Harvey (& Sandy, Katrina etc) be a lesson to our leaders tht climate change is real-and deadly. Innocent ppl will keep…",902286310207094785
0,"The rain really needs to stop, I blame global warming.",902318292420919298
0,The #GameOfThrones metaphor for IRL climate change politics is developing very nicely,902319372093587458
1,"It's vitally important to elect governors & state legislators who recognize the reality of climate change, especially in…",902320572784193536
1,"Some of yal really think global warming a joke. Hurricane Katrina, Sandy, Harvey just the beginning. Map gonna look differ…",902331544127328257
1,But global climate change doesn't exist. Right ?,902341853705580545
1,S Mumbai esp is facing greater cyclone risk because of climate change. Evacuation & other resiliency plans urgently needed…,902354691803176960
0,"'Poverty, bad schools, stagnant wages, homelessness, climate change'- all alleviated by less immigration. https:…",902357034984771584
1,'Paris Agreement 2015/Art.2: Aims to strengthen the global threat of climate change.',902363327933947905
1,"And if #Houston isn't secure from the threat of climate change, the nation cannot be secure. #Harvey",902373842164879360
1,It's JUST A COINCIDENCE that this is the 3rd consecutive largest flood in Texas history. Just bad luck! Not climate change…,902380091883356160
1,Nine Northeastern states are taking an important step in fighting climate change,902384659341860864
0,HRC used Obama's time machine to start the Industrial Revolution so she could use climate change storms to make Texas re…,902388207836385281
1,And it will only get worse each monsoon season due to climate change. Climate change disproportionately impacts poorer…,902390293487542272
1,I can guarantee people on the Buller coast wake up and think about climate change,902393845786095616
1,Analysis: Harvey is what climate change looks like. It’s time to open our eyes and prepare for what's coming…,902394880013381632
1,'Bill English says Kiwis don’t care about climate change. That’s not true for the kids I teach on the West Coast' https:/…,902396026769760256
1,The problem w/that is climate change is now a matter of national defense--nowhere is that more true than Houston. #Harvey,902399404770037761
1,Why did God bring this hurricane ' last I checked we are the cause of climate change so..  pick ur responsibility up and shut yo mouth,902400448451272704
-1,The climate changes; always has and always will. Can man change the climate? Can a trace gas (0.04%) change the climate? Only in dreams.....,902433363419693056
1,I wonder how many cities a country has to lose to climate change before they decide it's real and happening. Three?,902438342326931456
1,We should really start naming hurricanes after oil companies and politicians who pretend that climate change isn't real.,902461686447185920
1,#Harvey s what climate change looks like in a world ...doesn’t want to take climate change seriously.',902485700293087232
1,If the disaster in Texas isn't proof of global warming this guy should stick his head in the sand.. or someplace.,902489572717854720
1,My new piece on #Harvey and why *not* talking about climate change politicizes this disaster.,902518403969241090
1,I’m confused how we still get climate change deniers? Only one step higher than flat earthers right now. The eviden…,902518407068872704
1,"If we don't like flooding, and it looks horrible, we'd better take global warming real fucking seriously.",902518417902718976
1,"says, with her usual clarity, that now is precisely the right time to talk about climate change",902523028898275328
1,Don't suffer from a failure of imagination. Noah Diffenbaugh a leader in attributing wx events to climate change.,902524268734447616
-1,I like how it went from global cooling to warming and now just climate change. Can just c…,902532043753566208
1,We'll sooner buy deportation hovercraft for ICE than seriously combat climate change,902541214569910278
1,All these natural (really unnatural bc climate change) disaster going on the most sickening thing is seeing countries fight for relief,902543489350631424
-1,"There are morons out there who will criticize someone for not accepting their 'climate change gospel', but...",902550453539491842
0,I've been asked by a few reporters to comment on Harvey and climate change. This is the response I've giving everyo…,902566380741967873
1,Keep Denying Climate Science. #Idiots. Did climate change intensify Hurricane Harvey? reports:,902578864618012672
1,It would also address the future culture of dealing with climate change driven natural disasters as they continue to occur 8/,902578879377707008
1,MUST READ. We are doomed by climate change!! Please retweet,902585079356153857
1,"If climate change really is a conspiracy created by 'the Chinese,' China just fucked up Houston and we've got a war on our hands.",902592350492344320
1,did u just say...... that someone being gay.... is more likely to cause a hurricane............ than climate change,902593454923907072
1,▶: We need to start taking climate change seriously. It should be part of every policy discussion....,902595928179318787
1,on why climate change denial is a threat to democracy.,902596926142504964
1,"Harvey, the Storm Humans Helped Cause. How climate change aggravates heat waves, droughts & possibly Lyme disease. htt…",902598200942571520
-1,Watch: CNN anchor tries to tie Hurricane Harvey to climate change — then scientist confronts him with truth…,902609636100116480
0,"And Houston is the most liberal part of the state, so you can't blame theme for putting climate change deniers in power.",902618059852144644
-1,"I suppose it was climate change that hit Galveston in 1900 and left up to 12,000 dead. These people…",902620555257491460
1,1/3 of Bangladesh is underwater due to massive floods yet corporate media still ignores climate change causation,902624618778947585
1,“The hurricane is a naturally occurring hazard that is exacerbated by climate change.',902624628434198532
1,"Donald Trump doesn't seem to understand climate change, so we thought we'd help him out.",902632754637967360
1,Sex is intimate and sacred. Your body is a temple and shouldn't be shared with anyone who doesn't believe climate change…,902667047955566592
0,Zach doesn't believe in global warming? Lolol okay...,902679561594425344
1,If this event didn't prove to y'all how real climate change is and how it affects us idk what will,902697761388326913
1,So awful ... more victims of human-caused climate change.,902700097787510785
1,"Gee, doesn't look like you're POTUS material either. Keep ignoring climate change & it'll just get worse. Not G…",902701337376378881
1,"If we don't take action to curb climate change, storms like #Harvey will just keep on getting worse.",902714432744284160
1,As global warming gets worst so will natural disasters. Think it's a joke if you want to.,902717875277922304
1,RT if you believe in climate change and lesbian mayors,902721547022020608
1,Yeah climate change is a major factor warmer water and more of it in the ocean leads to highe…,902729452744007680
1,"This is stupid. The people who *don't* deny climate change won't change their behavior either, so obviously that is…",902736165362642944
1,Trump has pushed for cuts to climate change science — research that could explain storms like Harvey…,902747818468810752
1,MUST READ: Rick Perry ordered Texas legislature to kill bill requiring state agencies to prepare for climate change https:…,902772258778882048
1,Opinion | Harvey should be the turning point in fighting climate change,902785851020550144
1,guess what everyone high key knows climate change is real some people just don't give a shit bout ruining our planet to…,902790928490008576
1,Harvey should be the turning point in fighting climate change #Environment,902794700624625665
1,Harvey is because of global warming. Global warming caused by large corporations & developed countries. Deaths because of…,902800196580593664
1,99 percent of the world's climate scientist agree. And climate change doesn't give a fuck what you think.,902804092493357056
1,Now is the time to say it as loudly as possible: Harvey is what climate change looks like.,902815311593742336
1,How climate change makes hurricanes and floods worse,902837566927511553
0,"New! Fake photo shows possible climate change effects, not flooded Houston airport:",902850641483137025
-1,Don't be silly. Bears aren't dumb enough to believe in climate change.,902856187707891712
0,"Everyone's an idiot these days. I'm telling you man, global warming is screwing with your brains.",902869332908064769
0,not letting global warming stop us,902871943745064960
1,* Stop climate change before it changes you. ~Tȟatȟaŋka * .,902898397585256449
1,And republicans don't even believe in global warming fucking imbeciles,902901850646642690
1,Our job today: make sure lives are saved in Houston. Our job tomorrow: understand the role that climate change has played i…,902910188566364160
-1,Founder of Weather Channel blasts total fraud of climate change: Science fraud run by the Left…,902911477471993856
1,editor: 'Harvey should be the turning point in fighting climate change',902925023270326272
1,Texas is experiencing its third ‘500-year’ flood in 3 years. Bad luck or climate change? What do you think?,902925024864202754
1,Tell your Members of Congress: Condemn Trump. Say that Harvey is a climate change disaster.,902929786527350784
1,Two words that or has 100% failed to use in this crisis - climate change. You cannot hide from it!,902932361100247040
1,Trump be like...climate change is still a hoax. (via ),902937017884917760
1,But climate change is a total hoax!,902938201718890496
1,"Watch this video. If you don't think #HurricaneHarvey has to do with climate change, you must be a Trump supporter.",902941872095715329
1,davidsirota: Fossil fuel creates climate change --> Climate change intensifies oil patch storm --> Oil giant po…,902947959620427777
1,scientists: *have logical&valid proof tht climate change is causing extreme weather* republicans: iT'S THe GaYS THa…,902950515461500934
1,When will people get it through their thick skulls?The cost of preventing climate change is so much less than denying i…,902967262776369152
1,"Between their climate change denial garbage, the Blackwater reacharound piece, and Maggie Haberman, is really not worth my time.",902969934703058945
1,''Tis the season to realize climate change is real,902978126657060864
1,Time to remind #MAGA that Trump believes in global warming when it comes to his own properties. Just not yours.,902979284880343040
0,"Never stands for anything significant it's always a democrat issue ,transgender, climate change, amnesty, single pa…",903010938911039488
0,Next thing we'll see in a issues and articles that katy said/done something and it's contributing to global warming ,903056156700143616
0,"Interesting how people brag about being ignorant about math, but ask the same person about global warming and they're…",903058717129695232
1,Devastating storms world wide should make climate change difficult to deny,903068980503445504
1,I was busy thinkin bout ... how doesn't believe in global warming and half my friends homes are flood…,903079622761357314
-1,Man made climate change definitely is #FakeNews. Natural climate change happens daily and is real…,903080787876171776
1,Anthropogenic climate change is absolutely real. Drawing specious conclusions between a freak storm and regular wet seasons is idiotic.,903083651012976642
1,#Houston #Mumbai #unprecedented flooding whose questioning climate change now?,903093074338906112
1,Republicans are playing politics with climate change on behalf of Big Oil. We gotta fight.,903122104249454592
1,This just proves how Trump supporters want 2 Blame Obama 4 everything/ at least he believes about climate change,903132692081819650
1,Harvey is what climate change looks like in a world that decides it doesn’t want to take climate change seriously. https:/…,903150932136943616
1,"The world, like India, will have to take a call & play their part in the fight against the climate change…",903157242135965696
0,You mean the same UN that tried to block me from reporting at their climate change conference in Morroco last year? htt…,904379368553766912
-1,how with a straight face can you say that humans can't affect the weather but believe in human induced climate change?,904386597336035329
1,That's one way to get through to people who don't believe in climate change ...,904407033381756928
0,It's from all the jet fuel burned by the private jets that shuttle you & DiCaprio to your climate change speeches. http…,904411006553563136
1,"No, it's been horrendous to watch and our POS government is ran by money hungry climate change deniers so disasters…",904433028339863552
1,"Just a reminder that more than Texas is being hit by climate change-related disasters this week. Also South Asia, a…",904434725363863552
1,"Otherwise, I think we have a problem grasping large, abstract problems like climate change, which i…",904442952939855872
1,NC still hasn't gotten over Mathew. Hey but climate change is a Chinese hoax huh?! And flood regulat…,904444234438148096
1,Naww..these guys believe climate change is caused by Weather…,904447356611039232
1,This is one of the first cities that scientists predicted would be wiped off from global warming. Over 15 years a…,904450172738035712
1,Harvey should be the turning point in fighting climate change,904450228081831936
1,Seriously! If people think that climate change isn't happening.....We have created our on extinctio…,904473156684922880
1,"Given that Exxon's own scientists knew facts abt climate change & lied to US/wrd, the $$$ should come from their co…",904489887646318596
-1,The IPCC is a governmental organization whose sole purpose from day one was to push global warming propaganda.,904497023054880768
1,"Yeah, it's climate change, not idiotic forest management.",904514408877084673
1,"Its called Rapid Global Climate Shift, otherwise known as 'climate change' and its very very real.",904530172514328576
1,"And for their win, Va Tech gets the black diamond trophy, which is an ad for coal. Includes black lung and global warming for everyone.",904547447543926784
1,"be racist, support trump, transphobic, homophobic, islamophobic, disrespect women, say climate change is fake, hate…",904561570264571905
1,Maybe he has a favorite prayer to Mammon he can teach us for the next climate change catastrophe.,904568588316573696
1,"we know radiative forcing, and that's pretty much all you need to know to know that climate change is happening",904596057442615296
0,your shit suffering from global warming,904596119526748160
0,Don't blame climate change for the Hurricane Harvey disaster – blame society via,904604050590752768
1,"End of global warming, shrinking sea level within one year Incredible Invention: costs only…",904610475828285441
1,"What does climate change have to do with #HarveyStorm? Hint: Quite a lot. Great piece via , htt…",904614863988678657
1,The remarkable pace at which nations of the world have ratified the Paris Agreement on climate change gives us all hope. Mitigation...,904616251363909632
0,I'm not saying climate change doesn't exist because it does but this isn't evidence of it,904628662821036032
1,"Talked about furthering cooperation in key areas like agriculture, energy, environment, climate change, sports & culture.",904631513429499904
1,"Time & again conservative policy ignores the science, climate change is the obvious example, but social poli…",904636279010107392
1,Do you wish governments would do more to prevent climate change?,904645675467640832
1,"Everything in this excellent brief thread on climate change and wildfires is applicable to floods, too.",904647109969883136
0,Five reasons Harvey has been so destructive - it's not only about climate change.. Related Articles:,904665753865117696
1,Preventing #nuclear war would save millions of lives AND prevent sudden catastrophic #climate change https…,904705740266500100
1,If only there was a scientifically established explanation for this... climate change.,904707090270232576
1,'Hey I just wanted to talk to you about climate change and how you fucker humans are ruining the planet for me',904712201495355392
0,We'll flood the world with our tears and cause the worldwide flood before global warming and melting glacier does tbh,904728346923118592
-1,Am so done with ridiculous language from politicians like 'climate change' & 'carbon taxes' while they…,904728358516338688
1,Harvey should be a warning to Trump that climate change is a global threat via…,904731129625894912
0,We should stop talking about how humans cause global warming & just focus on reversing global warming. (Sarcasm),904737179934613507
1,This young man just said 'global warming will be the death of the world' in sign language....free this activist,904747589085614080
1,Don't believe in climate change ? Come out west and breathe our air! …,904750100504866820
1,Lol @ people claim that we don't have to worry about climate change because we won't see the impact in this generat…,904767434036477953
0,Do the White Walkers in GoT represent the threat of climate change?,904772619806892033
1,Three things we just learned about climate change and big storms: Can the lessons of Harvey save us? | Via https…,904778614830489603
1,"If you don't believe in global warming at this point, kys",904798323931963393
1,Diverse landscapes are more productive and adapt better to climate change,904834025541513216
-1,"Hurricanes have always happened. You do not know that it's climate change, and I do not know that it's no…",904839515122024448
1,"With #HurricaneIrma now a Category 4, Gulf temps remain above normal. When those in power deny climate change, the…",904843465673936896
1,"Category 4 #HurricaneIrma on the heels of Category 4 Hurricane Harvey is not a coincidence. It's climate change, stupid. And…",904847790391603200
1,Covering disasters like #Harvey while ignoring climate change fails in the most basic duty of journalism.,904864687099084800
1,Ya those same experts r begging U 2 accept climate change u maniac. We're on fire & under water. Stop sucking off…,904890685844852736
1,Insane EPA news: grants must now be checked by a *publicist* who demands removal of the phrase 'climate change' fro…,904902172848119809
1,We need to work together to create a greener world and mitigate the menace of climate change: PM,904911403718283264
1,So... do people who don't believe in climate change just... think NASA is wrong??? I mean...it's NASA we are talking about. The. NASA.,904912778158366720
1,"Doctor: if you don't change your ways you'll die young. Me, thinking of the horrors of climate change awaiting us: that's the idea",904928879466426368
0,The last time Bill marched was to stop action on climate change. He also called Helen Clark a cow. There’s that ba…,904951990291017728
1,"Hope FL will be ok. Isn't it time for climate change deniers to get heads out of arses? That's you,…",904961705708486656
1,"Lobbying data reveals carmakers' influence in Berlin, by me on climate change news: via …",904970280317136896
0,Of course the hurricanes and wildfires afflicting the US are not down to climate change. Any fool knows they're god's punishment for Trump.,905016000772538369
0,"If you think global warming and death storms are beyond our control, this is your guy | Editorial | BergenCoNews",905018947514155008
1,Critics note recent changes in the crop insurance program allow commodity growers to 'hide' climate change impacts…,905020573083983872
1,For how long is the govt going to ignore the threat of climate change? #ClimateChangeIsReal,905039098649464832
1,"Austerity, climate change, intensification of resource conflicts -- reminders that neoliberalism is the #1 threat to our species' survival.",905057556564869120
-1,The theory of global warming was first proposed on 7 September 1957.,905057571484164096
0,"no idea why you'd need something like that to respond to climate change, you're right",905065705133006849
1,11 terrifying climate change facts,905071207149694976
1,Key word: apocalyptic. There are a lot of RW Christians who don't care about climate change bc these storms…,905072622043529217
1,2 (and a bit) weeks left to take action! Add your voice and call on to be ambitious on climate change:…,905098619270909955
1,"Poor communities are on the frontline of climate change, they need to be involved in discussions, and solutions.…",905112502329073665
1,"Yeah, who would ever think global climate change is a real thing ",905121169522774018
0,Did two centuries of continuous volcanic eruptions at 18 ka trigger major climate change in the Southern Hemisphere…,905127725802942468
1,"i was telling him to prove that climate change is NOT real, because at this point it's obvious it is. t…",905153541437874176
1,The 3% of scientific papers that deny climate change? A review found them flawed #climatechange #Sustainability https:…,905169382782844928
1,And y'all still don't think global warming exists??????,905172536765407234
0,We often hear that 97% of science papers support anthropogenic global warming. A team analyzed the other 3%.…,905172546617827328
-1,Liberals: Weather is not the same as climate. Also Liberals: See this bad weather? That's climate change.,905190532384604160
1,"climate change, much?",905194740697595904
1,Slow progression of climate change my butt Mother Nature wants to be heard,905196046212575234
1,Didn't the president of the United States tell us that climate change was a Chinese hoax?,905197271591071746
1,"Not anything -important things that affect the future. Like DACA,climate change,equality",905198694114484225
1,How I learned to stop worrying and deal with climate change,905199424330129409
1,"In the US? Write a letter to the editor, urge media to connect the dots between climate change & Hurricane Harvey:…",905211366394535936
0,wow would you look at all this climate change,905212934837731329
1,"Irma has exceeded theoretical max intensity. I'm sure it has nothing 2 do w/ climate change, just God punishing som…",905214335227535360
-1,climate change is a hoax! Anways what would a hurricane have to do with it?,905217334247346176
1,We can pray but better to accept climate change is real and join the Paris Climate Agreement (again).,905218903009320960
1,fuck everyone who still says global warming isn't real,905220691703844864
1,"Scientific research is one of the reasons we are getting anywhere in this world (also climate change is real, Google it)",905222127527309313
0,climate change or trumpets would say the apocalypse,905235942708936704
0,Go into my crew's discord and they're talking global warming shit,905239105625346048
1,Shut the fuck up. The Bible is a fucking novel. Scientist predicted this shit too. It's called global warming.,905247519923290112
1,I want a bipartisan dialogue on how to prepare for severe weather caused by climate change. Severe weather costs li…,905256152711168006
1,Ironic how the country with the president who doesn't believe in climate change is being hit with the most power hurrican…,905273807556009984
-1,Didn't global warming alarmist warn about more potent hurricanes due to it?,905276864163446784
0,Joke: arguing about causes of global warming Woke: arguing about causes of racial IQ gap,905288503780659200
1,Remember global warming is a hoax kids never mind those two pesky giant storms Harvey and Irma :)prayers…,905294893341401088
1,Either we end our contribution to climate change or climate change will continue until it's powerful enough to…,905300427109007360
1,Everybody wants to ignore global warming until recently because they really see it taking a toll on earth,905319214717829120
1,you a mf corndog if you think global warming is a myth,905323725322670081
1,Fucking climate change people! Get on board and let's save ourselves and our kids for chrissakes.,905328384279842816
0,To believe that humankind's greed and disrespect for earth is what is causing climate change and there…,905342158059716608
1,just bc the US is in ruins doesnt mean god is coming. we aint the center of the universe. focus on climate change.…,905343628930842624
0,At R&M Developments we are always reviewing climate change and energy use - email the team to find out more estimat…,905370567079059457
1,"Prayer Diary: We pray for those around the world affected by climate change, whether in Africa, South Asia or America",905375444928786432
1,future generations will call the politicians and industrialists who pushed climate change denial for profit what th…,905390818739019776
1,But there's no such thing as global warming according to the white man's president,905390832907423748
1,"FYI global warming is the reason for the severity of this storm and you voted for a man who doesn't believe in it, as our pr…",905402748589527041
0,"If your hurricane boner lasts more than 4 hours, consult a climate change scientist.",905414873676382208
-1,"Isn't climate change just evolution for the planet? If so, why get upset about it. Or try to stop it. Who are we to make that call?",905417926488010752
1,Shouldn't we start naming these repeated Storms-of-the-Century after key climate change deniers? Hurricane Donald. Hurric…,905422488955445248
1,Irma turned into cat5 due to warm waters. And that's due to climate change. Which Trump deni…,905422521260023813
1,"For a 'Chinese hoax,' climate change sure feels pretty damn convincing along the Gulf. Oh and the West Coast. Oh, and Flor…",905423891396411392
1,'We're trying to go all in': Chocolate giant Mars pledges $1 billion to fight climate change Noble Leaders.,905425357200924674
1,imagine being a government leader & also stupid enough to flat out deny global warming ,905437331502616577
1,Trump cuts life-saving clean cookstove program because it mentions climate change via …,905444643415969792
-1,"you were right, climate change isnt real, it's the gays you should be afraid of",905447514463199234
1,Scientists: *global warming will make natural disasters worse* Global Warming *makes them worse* Y'all: GOD IS SENDING US A…,905448935417774081
1,Ppl keep theorizing a/b climate change. Islanders don't have that luxury. We see the water rise & we prepare for somethin…,905451904922038273
1,This not biblical prophecy lmao this is a product of climate change,905460590600179712
1,Can we all agree that climate change is real now?! #Harvey #Irma #hurricaneirma #Jose,905462267264815104
1,How does one 'not believe' in global warming when there's a natural disaster happening weekly,905469239284428800
-1,if global warming was the case their would be less storms as the variance of cold air vs warm air would be smaller,905472341093834752
1,'Catastrophic weather anomalies caused by climate change are pummeling us repeatedly. What do we do?' 'Deport the immigrants.',905476603030802432
1,Or maybe global warming???? Lmao,905482334475915264
-1,Someone explain to me why two hurricanes close to each other in time automatically means climate change is real #FakeNews,905485234711527424
1,And yet you deny climate change and pull us out of the Paris Accord.,905488008857747458
0,since people are talking about climate change again i wanna reiterate that overpopulation is a fascist myth,905489418210959360
1,i wonder if trump believes in climate change now,905489428243730432
0,How do hurricanes justify climate change exactly,905490840256110592
0,wtf?! someone stood up for a white person?! climate change is real,905493793218199553
1,"So can we all agree that climate change is REAL and start putting our minds, resources, and efforts together to do som…",905499451736952832
1,Last night my 8 yr old gave us a full on presentation on what hurricanes are and how global warming…,905504273655402496
1,"For decades, climate scientists have been predicting that man-made climate change would increase the intensity of hurric…",905505951050080256
1,Local communities don’t have to wait to take action when it comes to mitigating the effects of climate change,905508985175990273
1,Not to be dramatic but if we don't take climate change more seriously we're all going to die,905509036111613952
1,How are there really people who don't beilive in climate change.. Like what they think is going on????,905515063024476160
0,My professor said climate change is bs :-),905519481706999808
1,I was gonna say I can't believe y'all voted for a dumbass who doesn't believe in climate change but then I remembered who 'y'all' are LOOOL,905523827479851010
1,wow its almost as if global warming is real,905526939284361217
1,maybe jesus isnt coming and we've neglected warnings from scientists about climate change for over 30 years,905526944506060800
1,Donald Trump on some nut shit if he think global warming not real,905532658087641088
1,I think Mother Nature is just tryin make a hint to Trump that global warming is real,905541177147105280
1,"By wide margin, millennials (who will be here for decades to come) say climate change is worst problem world faces https:…",905542521253748737
0,I made this meme months ago saving it for a climate change sea level rise moment. It looks as…,905545369102282752
1,THREE active hurricanes. look me in the eyes and try to tell me global warming is fake.,905549023750316032
1,"3 hurricanes threatening the East Coast, massive fires in the west, but yea, climate change is made up by Chinese to sell more water. #irma",905566452081721344
1,"Here is your 'fake news', 'fake science', and 'fake climate change', . Now that YOU are affected,…",905568908962353153
1,Atmosphere scientist slams climate change deniers in brilliant viral post,905576047227363329
1,"I won't celebrate if climate change deniers in Florida, Louisiana and Texas die in these monster storms but I will nod…",905581834477510656
1,"New EPA administrator & acknowledged climate change denier hired to protect KS,MO,IA,NE environment http…",905590049902874625
1,So many of my friends' families live in FL and are too poor and/or too disabled to evacuate. Capitalism and climate change a…,905592745632432129
0,Are these hurricanes due to global warming or just mother nature? #HurricaneIrma2017,905594069203771392
1,Warm waters due to climate change are causing these hurricanes. You praise the fact that you're 'with' the people a…,905599989832974336
1,ppl who dont believe in climate change trying to explain all the hurricanes,905604180437557250
0,Dude....that's just normal weather...has nothing to do with climate change...dolt.,905632004196233216
1,"At this point, I am done trying to convince anyone that climate change is real. It’s absurd. “See, the book fell! Gravity is real!'",905637046085189633
1,"so basically yes, hurricanes will continue to happen like always but global warming only intensifies them.",905644676442603520
1,"Gotta admit , as far as global warming hoaxes go, three active hurricanes is a pretty good one. But 5 would break…",905647229922246661
0,"Lmfao you dumb af if you think climate change is causing all the fires and hurricanes, it's clearly Gods wrath for us making pineapple pizza",905647247601176580
1,hey guys climate change is real but i'm going to make fun of people who try to make it better,905649993804955648
0,"Since it's coming up again because of Irma, here's what we know about the link between climate change & hurricanes",905652693015838721
1,Of course now he'll say its NOT about climate change..eal facts happening right now!! #flooding…,905653871900467200
1,They should start naming hurricanes after notable climate change deniers,905663874900176900
1,wow ok if 'global warming' is real thn explain why boys r so cold hearted?? thts what i thought 'science' if thats even u…,905665161985277955
1,ma ya MCM dont believe in climate change and pollution he watching the world on fire and thinking 'John 3:16 God Got M…,905667840744636422
1,"From #Harvey to #Irma, I think man-made climate change is a key factor in the intensity of hurricanes…",905688135417376768
1,"Nevermind, actually. Too many other countries have been hit harder with more drastic consequences. It's climate change y'all",905690783876919296
0,"People saying 'it's not God it's global warming' is like the people saying evolution disproves god all over again, but that's thinking small",905693925721104385
1,It's not like we lack evidence of anthropogenic global warming,905704096677502976
1,I used to say only extreme weather would force a conversation on climate change. But now there have been 2 Katrinas in a…,905720939991769089
1,but to the scientifically illiterate (i.e. most people) this just reads as 'this is not related to climate change'. 2/2,905727970681262080
-1,"The climate doesn't change, we're just stuck on a cycle of global warming.",905728039522377728
1,People like Paul Joseph Watson that say climate change is not real and use statistics should fucking get slapped,905751392282968065
1,How many 'once in 500 years' natural disasters do I have to send before you realize climate change is real?,905752002797371394
1,Too bad climate change isn't real.,905761378421665792
1,"still don't believe in global warming now? You incompetent, dementia ridden moron!",905764118803738625
1,At what point do we acknowledge climate change? When we've run out of names for cat 4 and 5 hurricanes? Houston sin…,905766560337248256
1,Great conversation on climate change and the science behind it. Pretty eye opening.,905776619708710912
1,Tiny islands in the tropics are some of the least responsible for climate change but get the brunt of nature's resu…,905777985889980416
1,climate change causing all this? there's just not enough evidence to support that jesus making his return? say no more. has to be it,905779319317958656
1,"Antigua PM Gaston Browne on #r4today: climate change is real, large countries polluting at cost of small states. #Hurrican…",905792319114313729
1,Exactly! It's address climate change or slowly kill ourselves,905792342678007808
1,Big Oil must pay for climate change. Now we can calculate how much | Myles Allen and Peter C Frumhoff,905802113007198210
1,The moment the Government accused me of 'lacking humanity' for mentioning climate change policy in relation to Hurr…,905804604214042624
1,"Not just tropical diseases spread by climate change, but crop & livestock diseases as well. Lots of costs we're just starting to suspect.",905810826984132612
1,"'In the Caribbean we are living with the consequences of climate change,' says Antigua & Barbuda PM https:…",905811978798723072
1,The yall president don't believe in global warming and he still hasn't done shit but cause havoc since he's been in…,905818385770053632
0,ur mcm tweeted 'we need to start taking climate change more seriously' prior to taking another bite of his double Big Mac…,905822964586733568
1,'Big Oil must pay for climate change. Here is how to calculate how much'. Groundbreaking new science out today: https:/…,905825846463799296
-1,"Today, one assures client that global warming is just a hoax used as a ponzi scheme to line Al Gore's pockets! MORE PROOF EVERYTHING IS FINE",905831004543311873
1,climate change isn't real tho right? i mean we have countries UNDERWATER and the western half of amer…,905835074544963584
1,BREAKING: Senate Appropriations Committee just voted to restore vital funding for the UN climate change panel—a big victo…,905847532034678784
1,"As recent events have shown, climate change is not an environmental issue. It’s a global security issue.",905852668438081537
1,"If it takes a major hurricane to get the GOP to react reasonably, then climate change must be God's answer to ignorance. J…",905854870699126784
1,The world is literally catching on fire and people still think global warming isn't real. OPEN YOUR EYES,905862815017263104
1,it literally causes global warming.. the radio waves sent out by one machine alone far exceeds the fe…,905889402706157568
-1,Would you give experimental drugs to your children that were supposedly validated as the climate change theory.,905890578633773058
1,3 hurricanes in less than a month and the majority of America still don't think climate change is a thing???,905894369852608512
0,i nicknamed my girl climate change cuz she real as fucc,905900720846753792
1,"The company that makes M&M's just pledged $1,000,000,000 to fight climate change.",905903203681673216
-1,This is crazy...but climate change is not real,905906010405076994
-1,"If you've read one global warming cultist article claiming that all who disagree with it should go to jail and die, you'…",905908803404787713
1,"Is it just me or does it seem like ever since denied climate change, the earth has been all 'HOLD MY B…",905914007802040321
1,"God is upset with us & we have these natural disasters.. Oh wait, that's climate change. Something Trump doesn't believe in,…",905917374288855040
1,It'd be nice to have a fully staffed EPA led by individuals who actually believe in climate change...,906394674226659329
1,Donald Trump: climate change isn't real! Mother Nature: here...hold my covfefe   #Stolen ,906406363047247872
1,Paul Kangas warned global warming would make hurricane worse. We didn't listen because Kangas not inspire people to build 100-Panel homes.,906413775108022272
1,Look I’m just saying if climate change is a liberal hoax then we can change the weather and that should really go on t…,906417188956921856
1,"Re: hurricanes, floods, and other clear climate change events. May be time for Buckminster Fuller Domes...(Tho' ear…",906421826221432833
-1,Everyone yelling about climate change etc. And I'm just sitting here understanding that hurricanes happen in 'Hurricane Seas…,906428512600502272
1,Denial isn’t just a river in Egypt — and there’s no denying that climate change is likely hurting Egypt’s economy https…,906428515901259776
1,I wonder if people will finally start believing climate change is real after this. But somehow I doubt it.,906428541327290368
1,"Believing in climate change is not left wing. It's just science. If you don't believe in it, that's because of ignorance, no…",906430281825112064
1,Can't believe it took so long for people to realize that global warming is ACTUALLY REAL!!?. #whatnowtrump,906439778064723968
1,I understand climate change deniers: we all fear changes. But our fears don't & can't justify lack of action nor irrational…,906454474868318209
0,"I see hundreds of great comics, images, memes etc about climate change every year and still nothing has surpassed t…",906457854407790592
1,Cow dung and fruit trees: Traditional wisdom helps Assam cope with climate change -,906463149183959040
1,"genuinely v curious where people get hope from in the face of climate change, fascism, etc. do you actively cultivate…",906473419067158534
1,2. Counter-point: Ignoring climate change and it's impact on extreme weather is v insensitive to people of Florida,906484344780410880
1,You climate change deniers really scare me.,906502679878303744
1,The Earth has taken enough pollution and abuse. It's time to teach ourselves and our kids about global warming.,906502714921689093
0,"Your , EPA-approved chart of the appropriate time to discuss climate change and its impact on major s…",906504535488827393
1,Can't talk about gun violence after deadly school shootings. Can't talk about climate change in wake of deadly hurricanes. Wh…,906509756441001984
0,"My point, simply, is that it's fair (and scientific) to ask questions about climate change. Shouting down those questions is id…",906514387380297732
0,The Republicans do not believe in climate change.,906523863986659336
1,How abt a law that no state whose governor denies impact of global warming can receive fed disaster aid?Call it 'St…,906551246571675648
1,maybe he might realise climate change is not a hoax now it's personally affected him,906552624757006336
1,"If you trust science understand that climate change is real and mental illness is real. If you don't trust science, go to a…",906557211664678912
1,Just remember in 2021 when we have a Category 54 hurricane over half the US we do not need to talk about climate change.,906557224218251266
1,'god' is a weird way to spell 'climate change' and 'humility' is a weird way to spell 'to teach us to stop fuckin d…,906572779025297409
1,"Of course, Mr. Trump; you're right; climate change is just a hoax!' #sarcasm",906586057893969921
1,Gun makers: Mass shootings no time to talk gun violence. Polluters: Storms no time to talk climate change. They. Only. C…,906590635079163904
0,is global warming real... please retweet once you've voted! I want to see what yall think about it.,906596818519281665
1,i hope everyone who realizes that climate change is being catalyzed by human activity is having a good day,906607780341207041
1,Al Gore has been warning us about climate change for 25 yrs. denies it so th…,906613726182117376
0,Are we saying that climate change is responsible for hurricanes? Or that they're makin…,906613743668400128
-1,Liberals claiming climate change is responsible for stronger storms but Cat 4/5 have hit US since 1800s. More storm…,906617159291371520
1,Don't talk about climate change when there's a hurricane. Don't talk about gun control after a shooting. So when do we tal…,906621746266087424
-1,Windmills are the greatest threat in the US to both bald and golden eagles. Media claims fictional ‘global warming’ is…,906621755573329920
1,I'm not name calling. Stop being willfully ignorant. Depression and anthropogenic climate change are real. Denial of facts…,906632282718343168
1,"given how probability works it is not surprising, however, yes climate change is real",906637403053420544
1,"Guys, The Day After Tomorrow was straight up warning about super storms caused by global warming in 2004. And yet here w…",906640730059354114
1,A really good decision might also have been for your administration not to have banned the words 'climate change',906646452922982400
1,The sad reality of global warming can no longer be denied. #ClimateChangeIsReal,906652937245532161
-1,We just don't believe in faked data. There is more proof that Jesus lived than of climate change.,906654301476589568
1,Can we please get in writing when it *is* time to talk about climate change?,906655735743897600
0,Did we have global warming back in 1915?,906657405190242305
1,Is global warming a liberal conspiracy to victimize innocent oil companies? My latest column:,906662236898385921
1,THIS IS NOT THE TIME TO TALK ABOUT CLIMATE CHANGE. We can only talk about climate change after our species has gone e…,906666556666638338
1,Trump stacks administration with climate change skeptics These idiots will kill us all!,906669221152571394
1,Florida's governor doesn't believe in climate change. Why that's a huge problem during hurricane season:,906670676303597570
1,Trump: Day 232 Extends Cuban embargo Escapes to Camp David for weekend Blasted for ignoring climate change Proposes…,906683272649773056
0,What the hell does this have to do w/ climate change? Dumb b****,906691433834393600
1,Denying climate change is like denying a hurricane that's hurtling towards you. It'll kill you whether you believe in it o…,906694538672123905
1,"I guess it's now time you admit climate change is real since you said that abut Harvey a week ago,…",906704255947558912
1,Floridians should never ever again elect a climate change denier to public office. Ever.,906713213034676225
1,I bet these people also don't believe in climate change and are wondering why we're getting all these awful 'natural disasters',906722687673929729
0,Fake news. She never said this. She said scientists are saying climate change caused increased natural…,906739061808709633
0,If you ban 'climate change' and 'global warming' from official discourse then you cut the common thread.,906743561441312768
1,"Dude if you deny global warming, you're a fuckin lunatic & I'm not sorry",906745144396992513
1,"Humans are the major cause of global warming but don't forget that, that also makes us the major solution ",906754669245894656
0,girls out here don't believe in global warming but believe Patrick from Sigma Apple Epsilon has good intentions,906756180906782720
1,"Will those who make billions marketing fossil fuel finally realize they are, in great part, responsible for global warming…",906757886403002368
1,So explain to me in detail how climate change is a hoax then. There are p…,906763876703670272
1,"This is climate change , and you won't rule out Adani's massive 4.7Btplanet frying emissions? 36th la…",906768716897017861
1,Throwback to that time Florida had a compassionate governor who believes that climate change is real.,906777819245674496
1,It's time to talk seriously about climate change... and President change.,906779307153825792
1,"If you give a shit about the environment and the people dying from climate change, please stop eating so much meat",906783840328286208
1,Even if you're too deluded to accept global warming- why would you not want to move to renewable energy as an economic/mil…,906792286096445441
1,"lsince everyone is finally taking climate change seriously, here's some things to think about:",906793745009410055
1,first they deny climate change and now they can't even spell #HurricaneIrma right #HurrcaneIrma,906795479857541120
1,people: global warming isn't real earth:,906802861186719744
1,This IS the time to talk about climate change. We are running out of time.,906812611521474560
1,"I see people on Twitter tonight denying existence of depression, climate change and hurricanes. Since when is science treat…",906824538729705472
-1,"Man-made climate change isn't real: Temp is unrelated to atmospheric composition on 6 planets/moons,…",906834569457942529
1,who do you think people will fully believe first: women or climate change,906847965851082752
1,'No challenge poses a greater threat to future generations than climate change'. ~B. Obama #climateaction #GCC…,906853878561431552
1,y'all wont believe in climate change but will believe jesus is coming,906858502588694528
1,ppl really wanna start doing something abt climate change after planet earth has finally had enough and it's probs…,906864864408326146
1,"For decades, a kind of market logic has governed the way we talk about global warming, emanating from the...",906864864483840001
1,Deal. How about we talk about climate change after a mass shooting and gun laws after a massive hurricane?,906864888127012864
1,When a majority of world leaders either don't believe in climate change or don't give a f**k,906866494084141056
-1,"Yes. And all these libs who are advocates for climate change, what have they done? Other than complain about republicans.",906868106441773057
-1,This is the exact reason that scientists are so pro-CO2 global warming. It's where the easy money i…,906872791496097792
0,"It certainly is climate change, but I suspect a lot more people are peeing in the ocean also.",906872804397797376
0,Only Florida can turn what was going to be a climate change debate into a gun control debate,906882048354406400
1,I can't believe they posted this whilst the person meant to 'lead' (destroy) the EPA denies climate change & fights…,906885042265243648
1,We pretend Trump doesn't have a climate change agenda when he clearly does: He wants to make it much worse.,906887957574959104
1,'We need to minimize the #climate change that's turbocharging these events.' #climate,906895011136004101
-1,58! new science papers published in 2017 reveal NO global warming… “climate change”. GLOBALIST hoax UNRAVELS! #ma4t https:/…,906896380190367744
-1,What climate change alarmists don’t want you to know - #infowars #irma Crushing ferrets since 1776! Undiluted Fer…,906899473422581761
0,LIVE: President Obama is fighting to realize their own political gain—don't be the push to vote on the power of climate change,906899477759393794
1,"As we helplessly watch Florida suffer today, remember that the the fossil fuel companies knew all about climate change in…",906900974131916801
1,Can you hear us ? You are making it harder for us to confront climate change and putting us in greate…,906903790342885381
-1,The first rule of global warming is that there is nothing that can't be blamed on global warming.,906906226406993920
1,"Miami GOP mayor says now is the time to talk about climate change. He is right. Scott Pruitt is deeply, destructively, di…",906909003233550337
1,And we should ask you to start taking climate change seriously!,906910509341036544
1,You could try teaching Trump about climate change. That might be more helpful than prayers.,906917128737091584
1,"What an idiot, Trump doesn't believe its climate change ",906921914605752320
1,humanS r literally responsible for climate change and all the floods and bad weather dogs and animals ain't do shit…,906923245223530496
1,NASA creates incredible video to illustrate the role of CO2 in climate change around the world,906926254732931072
1,"Enough with the thoughts and prayers, I'm sick of hearing that. Time to take climate change seriously, this…",906927872736145409
1,The irony is climate change was not a partisan issue until fossil fuel giants like the Koch brothers started funding cli…,906940863632117761
1,Me communicating with sea creatures after the entire world is flooded because of global warming,906943851969032194
0,K. Let's drop 'man made.'Just 'climate change?'Shouldn't we address finding a 'man made' solution? We try to fix na…,906948370761007104
1,"In coverage of #IrmaHurricane on the Sunday shows, was the only one to mention climate change",906954562883522560
-1,Hurricane Irma presents a great opportunity to remind everybody that the whole climate change thing is a giant scam by…,906956148674322438
0,"But also hoping she stays incredibly safe. I know it was not my finest moment, but...well...climate change needs to be dea…",906976686830370816
1,U & your phony leaders R bad Hurricane victims should B Trump's wakeup call on climate change,906981327060299778
1,"Earth's rate of global warming is equal to 400.000 hiroshima bombs a day! #climatechange, it will get worse.",906985836486545408
1,Also his tweet isn't incorrect - climate change isn't *causing* hurricanes (but rather making them worse).,906989040104296448
1,You think I was kidding earlier when I said 'climate change has YET to affect hurricanes'?,906993682670395392
1,"Miami's Republican Mayor: 'If this isn’t climate change, I don’t know what is.' Rest of GOP needs to catch up.",906999484294598658
1,Haha! Our hearts go out to those who may be effected. It's too late to reverse global warming but n…,906999500740345856
1,Musk is definitely right. I think AI concerns will go the same route as climate change concerns -- not taken seriou…,907000878401499138
-1,#MAGA! 'Lol Irma will level Mar a Lago!' *misses Mar a Lago* 'it's still a climate change Super-Storm!' *falls to …,907008982958698501
1,"I'm mad. We climate scientists have been warning people about climate change for decades, and politicians deliberately wa…",907015001893994496
0,"Ali had a whole climate change discussion yesterday. Today he said, 'Now isn'…",907022702304575488
1,"no white people cant say the n word, gay marriage should be legal everywhere, climate change is real, a cheeto is in charge of…",907027041643528192
-1,Are you sure? 40 years ago it was 'global cooling'. Then 20 years ago? Global warming. Now—climate change. Y'all n…,907027056516616192
1,"No. The biggest thing we can do right now is donate, & remember which politicians deny reality of climate change, &…",907028473415430144
1,List of the best times to talk about gun control and climate change... - - - - - - - - - - - - - - - - - - - - - - - -…,907038760625491969
-1,"In 1938 New England was devastated by a huge cat 3 hurricane. Neither global warming nor Democrat President, FDR we…",907042307874213888
1,"What? Why not blame climate change, and poor drainage for this? Those people should start reading other stuff aside…",907055904889069569
1,"Focus, people, focus. It's about climate change. Pollution is causing all this crazy-dangerous weather. #Repower",907057419548631041
1,What the hell they putting in the water in Atlanta? Why the hell the fish look like this? I hate global warming,907062792036995072
1,Science and dollars would probably help a lot more. Factoring in climate change would be a good sta…,907065739592552451
-1,"I predict there will be climate change today, tomorrow, and the day after. It's called weather",907071973922021381
1,Three white women have published articles this week about their climate change anxiety. They completely suspend race from t…,907073646014943232
1,Fact: ocean levels in FL have been rising for decades. Avoiding climate change discussion prevents adequate remediation. Thi…,907075191536324613
-1,"Well, if we're undergoing climate change, it gave us 12 years without a hurricane. So I'm for it. #caring",907075591291228160
1,"If climate change is a Chinese hoax, why isn't golfing at Mar-a-Lago right now? #HurricaneIrma #StaySafeFlo…",907080118182359041
1,"hey, thanks to global warming and the nasty people destroying our planet, the world is ending, so wanna go get some coffee??'",907089346813198338
1,"there was ONE mention of climate change on the Sunday Shows today, asking . No other show…",907099210046156805
1,"I'm glad has told us global warming is not a thing, otherwise, all these heatwaves & hurricanes would concern me....",907107087267749888
0,aims to identify coral reefs that are the least vulnerable to climate change and use them t…,907121763905130496
1,"We should still stop global warming, but it will cause mass unemployment in America's 4th largest city.…",907153417264656384
1,"Morning, all. That climate change thing? Not our grandkids' problem after all. It's here & now. Scared yet? Good.…",907171901344272385
1,"We always thought we'd destroy the Earth but you guys are doing such a great job with climate change, you may save us the…",907183164275281920
0,I didn't hear Jennifer Lawrence say anything about Trump supporters. She seemed to be taking about global warming.,907215003043880960
1,We must stop looking the other way & act now. Ignore climate change & soon we may not be able 2 do anything about i…,907238694800773120
-1,Bill Nye blames powerful hurricanes on climate change — then a real scientist shuts him down,907246642520252417
1,Neil deGrasse Tyson destroys favorite argument of climate change deniers in 1 tweet via,907266797916876801
-1,"climate change is an 'apolitical' subject for UK schools, apparently.",907268323133595648
-1,2005: This year's hurricanes are proof of climate change! 2006: More to come! 2007: Soon! 2008: Any ye…,907278327475564545
-1,Fake as global warming,907283121661403137
0,"Forget climate change, this could be the end of us all.",907285007005360129
0,"Tfw you virtue signal about humanity causing and ignoring climate change, but you fly around in a private jet.…",907288100312948736
1,"Notion that we shouldn't talk about #climate change after Irma, but tax cuts for rich, one of most cynical ploys I've e…",907292887171428352
-1,SOUND THE IRONY KLAXON.....Man that owns huge airline THINKS climate change is man-made!!  #Irma #Florida,907297415883100160
1,"We’re in the middle of a climate change “holy shit” moment. That’s scary, but hopeful: We know what we need to do. https:…",907297422493179904
1,"Humans are to blame for all this global warming bull shit, which is why there are so…",907302281254764544
1,"Miami's Republican mayor to Trump: 'If this isn't climate change, I don't know what is.' More of this, please.…",907308325825650688
1,Can you just be honest about climate change; that you are a shill for the fossil fuel industry? #ScrewTheEarth,907312847280934912
1,Suppression of honest debate by GOP abt two big threats to US - climate change and foreign govt interference - breathtakingly…,907315985065152512
0,Climatologists theorize global warming was dangerously accelerated by the heat generated from the Hall and Oates H2…,907320809613656064
1,Don't be 'sorry' for the flooding and #Irma - vote! Vote for reason. Vote out climate change deniers.,907324844416684040
1,Jon Foley isn't alone among scientists who insist that we admit the link between hurricanes and climate change,907327983068749824
1,RT : 'How bad must it get before we address climate change? ' :,907328001473466369
1,Anyone still want to argue about global warming being a hoax?,907342428776157184
1,"This is normal too. Just erase it like science, climate change and the colleges under investigation for mishandlin…",907354930331226112
1,"We must embrace innovation+technology to leverage SDG implementation & combat climate change,'",907356466843136008
1,It's art right? Maybe it's a statement piece about the global warming caused by greedy craven white guys.,907358062364819456
1,Harvey and Irma aren’t natural disasters. They’re climate change disasters.,907362360205209600
-1,Smart observations on Hurricane Irma and climate change. Hint: theoryIrma was warming-caused is bosh ->,907366954326949889
1,Great video on climate change.,907370164613734402
1,Listen to the SCIENTISTS and not the damn politicians climate change IS REAL!!,907370181340561408
1,Pretty bad when the Pope is pushing the reality of climate change and WH officials are pushing imaginary theories #Tro…,907374736753283072
1,I can't grasp that people can look at actual evidence of climate change/global warming and still just pretend like it's no…,907374736845414400
1,No - It's insensitive to those who suffer due to storms that you are a climate change denier.,907384373439320064
0,The true cause of global warming,907384410265104384
-1,"Science is NOT consensus! Science is Facts!Global warming/climate change, is flawed data collecting!",907385927550377984
1,"Mother nature is mad, climate change has me fucked up & trump is STILL president. So I got other shi…",907407211126648832
1,climate change is real. is a hoax.,907427447209123840
0,I didn't lie. I still believe that it's a huge cause of global warming and global warming is…,907435976179449856
1,"The denial of climate change, and the outright censorship and intimidation of scientists, by cynical politicians is hurti…",907462740028952576
1,"Miami mayor: 'If this isn't climate change, I don't know what is' #HurricaneIrma",907462773235265536
0,Y'all remember when we had those assemblies about the environment and global warming??? No you don't remember lmao is it funn…,907469899445837824
1,OMG. We have one less day to deal with climate change and build a more robust and sustainable economy. . . OMG!!!,907483820118523904
1,Another horrifying example of how climate change is affecting fish and forests!!!! The state was forced to...,907493876436537344
1,"They believe a story in the bible where a talking snake tricks a woman into eating an apple, but on climate change they…",907497425794994176
0,"Since they view us as their money makers, how much are vast areas of the U.S. not making money due to climate change? Green = $",907538631291576320
0,Great Q from one of our Intro Bio students: is human-caused climate change at the level of a theory (like gravity & evolution…,907546878593650688
1,Those who are climate change deniers are stupid: Pope Francis,907554353170362368
0,Sam Bradford and Alex Smith outplaying Drew Brees and Tom Brady is probably the most indisputable sign of climate change…,907557992807194624
1,Congratulations Yar'Adua Foundation for taking its great film on climate change and telling the story internation…,907560152068476929
1,They said climate change wasn't human-caused. Wake up. Entire trump regime=science deniers.,907565544181821440
1,"“Man is stupid.” The Pope blasts politicians who deny climate change, saying they'll be judged by history for not d…",907572778513072128
1,Need a new Trump lightbulb joke. But thanks to Irma and climate change deniers we won't need to change lightbulbs. We w…,907579559473766401
1,The one thing he made 'great' again is bigotry and climate change denial,907581189774602241
-1,So why did we have huge storms before your so called global warming.,907586535897300993
1,"As climate change losses mount, it's time to talk about liability new compensation",907588204584247296
1,NEW: Irma won’t “wake up” climate change denying Republicans. Their whole ideology is on the line.,907594410099126272
1,I was just on Louisiana NPR talking climate change. Intense. Speaking out is easier when other scientists do so as well…,907611180767858688
-1,Weather has nothing to do with climate change & weather has everything to do with climate change. Give us more mone…,907613121111580672
0,"So now that Irma didn't destroy the world, where are the dildos like to tell us why climate change chan…",907627789217660928
1,Pope on climate change. U can be Christian AND believe in Science!. Don't let special interest groups manipulate u.,907629327281524740
1,Harvey and Irma aren't natural disasters. They're climate change disasters. via,907630771715936256
1,Conservatives can do things liberals can't in the fight against climate change:,907633625432240128
1,'I think it is something we cannot joke about.' Pope Francis slams climate change deniers.,907636989939372032
1,Andrew's the type of dude who doesn't believe in climate change. Probably can't even understand a research paper on depression.,907638650103635968
1,"And anti-vax, anti-climate change and every other scientific miscommunication. Good…",907649806864183301
1,Here are three ways nanomaterials could help combat climate change,907675020025102338
1,It's not climate change we need to worry about. We need to worry about the change in climate.,907679883656118274
1,"Animal farming is bad for environment, it adds to global warming & depletes natural resources. Please read",908547510485921793
-1,"Believe it or not, there was climate change before humanity. Astounding, I know.",908574577780957185
0,"i'm not going to ask for the hurricane to go away, i'm just going to ask for people to finally admit that global warming is…",908574680268677121
1,"This motherfucker. Re: climate change science he questions scientific evidence. When confronted with real life, oh,…",908588973408309248
1,global warming is for real..i also thot never in my life time..but now its here !!,908589932259639298
-1,I'm still waiting for the raw data and calculations on 'global warming'. If the w…,908602009443606528
-1,"Hollywood: Live in walled communities Fly in private jets Have armed security Preach about climate change, and that…",908636184301199360
1,Likely made worse by human-induced climate change combined with under ground water shortages to cripple agricultural production.,908731613315559425
0,"Not only stronger & more frequent, but harder to predict their path - but global warming can't be t…",908740117724123138
1,"CNN: 'climate change didn't cause Harvey or Irma, except it kind of did?'",908753379450433537
1,Dear you represent me and I would rather have you focused on climate change that…,908826254220042240
0,Stop the loose talk about hurricanes and global warming Ebell & O'Neill give some historical perspective…,908834320642641921
1,"Because of climate change, expect to see years like this 'more frequently'",908851235503079424
1,Environment ministers from around the world are in MTL to work on fighting climate change - welcome & thanks for yo…,908853119467040768
1,#architecture #interiordesign #deco Is that scary ?New York Magazine? climate change story exactly what we..,908854676233314304
1,I'm a public servant who believes that climate change is real and Trump is a white supremacist #NaziBucketChallenge http…,908876533800034305
1,Losers. I don't purchase your gas You covered up global warming and climate change. Fuck you for destroying our planet.,908878008697499648
1,This week in land *strip insurance from 32 million *continue to deny climate change *left 8 seniors to die *w…,908879220138319872
1,"If the Coalition believed the science of climate change, there would be no question of keeping Liddell going.",908913556464189440
1,Zuckerburg is playing his hand against trump here i reckon. He's pissed with climate change denial and DACA/travel ban,908948420139913221
1,"When the Pope thinks not even his god can take care of global warming, shit gets real.",909019121626570752
1,Dear Washington climate change deniers. Mother nature has an important message she will be delivering; the messenge…,909029432026894336
0,"While the world faces political unrest, overpopulation, climate change we're asking 1 question #WhoDrewTheDicks All…",909033386668380160
1,Another thing for GOP to deny: we are literally starving ourselves via climate change,909036130598883328
0,"Old age, negligence, climate change/over development.",909061521107382272
1,"Yes, climate change made Harvey and Irma worse - CNN",909087780927606785
1,"  The dangers of climate change are growing ever more apparent, talks about on this week's",909107450178977792
0,The fact that Mattis refuses to acknowledge that Trump wants the Pentagon to treat climate change as a hoax makes my li…,909126044757540864
1,Important piece on food and climate change: 'The great nutrient collapse',909129179865559040
0,The science of climate change is significantly a conflicting concern.,909140846431358979
1,#architecture #interiordesign #deco 101 ways to fight climate change and support the Paris agreement,909166764407345153
0,"Applying the same logic to the unusually cold summer in Scandinavia, global warming…",909176376116285447
0,Good to know my dad doesn't believe in climate change.,909182736698630145
1,Huge respect for Pope for opening conversation. Hurricane Irma: Pope Francis condemns climate change sceptics - https:…,909204356209266690
1,The entire world is not going to renegotiate Paris and climate change isn't going away. Either Trump is in Paris or…,909210011410210816
-1,It's such bs.our climate change is caused by the sun. Unless you want to add in weath…,909230906744897536
1,Tell Congress: Irma is a climate change disaster,909252921635868672
-1,"Notice all the climate change happening on Jupiter from our coal power plants, SUVs, and cow farts #ScienceIsReal… …",909296471350136832
1,"Unfortunately for Turnbull and LNP, about 80% of voters DO believe in climate change, they do care…",909330388543086597
-1,"Notice all the climate change happening on Jupiter from our coal power plants, SUVs, and cow farts #ScienceIsReal…",909348717664329728
0,"There *may* be pollution from livestock breeding but if you are worried about global warming, ditch the private jet. ht…",909360573023997952
1,My biggest fear with climate change is if the poles melt and release some long dormant super plagu…,909367591113605120
0,When a gay person seeks refuge in a church during a natural disaster and the priest blames them for global warming https:/…,909369485722886144
0,"Yeah, why should we listen to lecture us on climate change instead of the economics teacher from 'Ferris B…",909384289581707264
0,Actually climate change did cause the ice ages!! By definition... Although I assume you meant huma…,909395243899944960
1,"If corporations caused climate change, should they have to pay for it?",909404322332585984
1,"Some of my GOP brethren said talking climate change w/Irma about to hit US, wasn't right timing. Is in between hurr…",909415898406035459
1,"When it comes to mitigating the worst impacts of climate change, keeping excess carbon out of the atmosphere is...",909435810985934848
1,"This 'alternative facts' charade is getting costly. Yes, climate change made Harvey and Irma worse",909457509081075713
1,"If not nuclear war then certainly climate change. Neither, by the way, would have…",909487364975874048
1,"African wild dogs can't take the heat, face extinction from climate change:",909495922270380033
-1,"The whole climate change thing is calling us all sinners for breathing, existing. Carbon…",909504200031084544
0,The Jonas Brothers been warning us about climate change since they went to the year 3000 and it was underwater but no one…,909512465561587712
-1,If climate change and global warming were really true values of ocean front property would be falling like a rock. Nobody…,909512511371776000
1,"What's it going to take? A direct hit on Mar a Lago? Yes, climate change made Harvey and Irma worse",909515594466189312
1,2/3 Climate change is not hoax but real. Hurricane after hurricane are enough to prove the reality of climate change.,909522233265197056
0,Do you think will pull out of the Paris climate change agreement? #MAGA #TrumpTrain #Emmys #2030NOW (R…,909525602583138304
1,"You don't want us to talk about climate change? Okay, then how about guns?",909538555642355712
1,Translation: I'll believe global warming when all of humanity (not just some) faces extinction du…,909541866881687552
1,Racist freaking out over Beyoncé's powerful speech on climate change!... They been shaking since 'Formatio…,909546897815277569
1,The only question regarding climate change is whether or not we have crossed a threshold beyond which we…,909551059097538560
0,Great interview about climate change. ,909555373681635328
1,"As temperatures rise globally because of climate change, warm winters are causing trouble for farmers.",909566003062992896
1,I am surprised at the number of people who responded were flippant about the real crises of global warming. Be afraid; be very afraid.,909569804104646656
0,The Red Carpet was tented and air conditioned. Actors need to be comfortable while lecturing us on global warming.,909599948538294272
0,I SAID if you don't believe in global warming ya moms a hoe,909614886904360960
1,Apparently it's in poor taste to talk about climate change ... during weather events made worse by climate change? ,909648282456133632
1,Can Carbon Capture and Storage help us deliver on climate change? -,909655982556332032
1,Great Letter in Paper: Face up to climate change the way we did to cancer. Hero's wanted to talk about the big CC,909694442436808704
1,"Not the time to discuss climate change! They're unrelated, extreme weather events.'*Collects check* ️️️",909764778297610240
1,Weekend editorials agree: NC must stop denying climate change and sea-level rise - #ncga #ncpol #climatechange,909785685858639872
1,Hard to imagine any better time to have a national conversation about grappling with the causes of climate change.,909796227616780289
1,climate change is real,909828817170124800
1,The words “climate change” and “Hurricane Harvey” belong in the same sentence.,909833832727166976
-1,So your saying the temp is trending down then...? So sci has declared an end to global warming - Whooo -Good to he…,909835280861007873
1,"NYC_DOT 'RT NYCParks: It's Climate Week in NYC! Take these small steps to fight climate change, starting with y…",909844908252557313
1,A beautiful writer and a light guiding the fight against climate change. May flights of angels sing him to his rest.,909844932818620416
1,"A passionate speech about global warming and immigration, while you are at it? ;)",909856043865325568
1,once again the places least responsible for climate change bear the brunt of its impact and barely anyone bats an e…,909856068800536577
1,No. Attacking climate change stops our leaders taking action on climate change and people g…,909859073138544640
1,New study shows a 1-in-20 chance climate change will cause a complete societal collapse. Scary! #ClimateChange…,909898430515896320
-1,‘97 percent’ claim on global warming a hoax via,909904547941896192
1,'We are going to win this. But it matters a lot how fast we win it.' — Al Gore on climate change,909911975127339009
0,Gary Cohn is in charge of global warming policy. Great: a New York Democrat from Goldman Sachs steeri…,909939349873098753
1,"In other words, , climate change is real. Either you didn't know that, or your comments on it were a 'campaign device.'",909952541894627328
1,"Ocean is hot bath water. Why so many strong & big hurricanes. If u think global warming is a Chinese hoax, go ahead…",909966681279205376
1,"Other countries are leading on climate change, while Donald takes us backward. Via",909974033881604096
1,Me in class wondering if I should chime in about methane being more of a climate change causer than CO2 bc that's a…,909974076336123904
-1,Experts admit global warming predictions were wrong,909977393669869569
-1,"So the Euro & US prediction models disagree re the path of hurricane Maria, but climate change is settled science s…",909988765782859776
-1,"Told You So: Fear of global warming is exaggerated, say scientists",910011230147842048
1,If only there was some hard evidence of global warming.,910012785429565440
1,"whatsoever. I mean really, look at all they've achieved! Genocide, global warming, reality TV, and just a never ending parade of failures-",910019389868724224
1,There are different opinions and also different goals to combat global warming but taking the lobbying of oil and c…,910019479559659520
0,Do you believe in climate change now?.... Hurricane Beyoncé ,910030801638629377
1,RT to tell the major TV networks to end the #ClimateSilence and connect hurricanes and global warming! …,910041213335740416
-1,"Despite claiming they are for the earth, climate change pushers completely ignore the dangers of nuclear testing. - htt…",910043095600893952
0,"The appropriate response to Trump on #climate change, says #BNEFSummit",910068757283983360
1,Thank you Prof David Karoly for your amazing work on climate change and variability #thankascientist,910068815383355393
0,Essential Poll; Australia doing too much on climate change 8%. One Nation Vote 8% Just sayin #auspol,910071954282917888
-1,Experts admit global warming predictions wrong,910078090566447104
1,"Yes, climate change made Harvey and Irma worse #ClimateChange is a real and present thre…",910083525562400769
1,Who should pay for damage associated with climate change – and who should be compensated? - Keele University…,910086825116672001
0,Just don't get it. Overwhelming support for #ssm climate change & ABC - yet they vote against their own wishes…,910092654997671936
1,What recent research says about climate change and rapid intensification of hurricanes like #Maria ,910094367855140864
1,We r having #earthquake & hurricanes in rapid succession-& a regime who doesn't believe in climate change & makes scientif…,910104135990734848
1,Try telling people who have been hit by two Category 5 hurricanes in two weeks that climate change isn't real:,910105787074269184
1,"In 24hrs #Maria went from Cat 1 to Cat 5 due to superheated oceans. But go ahead, let's keep ignoring climate change http…",910107576846692352
-1,"When you're gullible enough to fall for climate change hoax, you should refrain from calling common sense folks nam…",910114353826996224
1,Guterres on climate change: 'We know enough to act. The science is unassailable.',910134793748271109
1,We believe climate change can be solved. Join us and opt in to be a #ClimateOptimist. #ClimateChange #cwnyc…,910138115112734725
0,How fashion adapted to climate change – in the Little Ice Age,910146730233962496
1,Why do people not believe in climate change? Like I seriously don’t understand. We have so much proof it exists lmao.,910151875931938816
1,"We won't need good healthcare when we're all dead, so Trump's Korea, global warming, and ACA repeal policies are knittin…",910167538226520064
-1,I AM A DENIER! There's absolutely ZERO evidence of man caused global warming! Those who point to Harve…,910170990306562048
1,Wonderful earth? that has no climate change according to #UNGA,910174899385323525
0,"no, that was bernie, she smirked when bernie called NK the greatest threat this side of climate change.",910192541579976705
1,"Responding to climate change feels having a 20,000 word essay due in the next 45 secs and you only have your name written…",910206175773380608
1,And yet u still don't think climate change is real & is warming the oceans while a tropical storm strengthened into a CAT…,910246128221773824
1,started with the fossil fuel guys disparaging climate change. more money for them if science is 'wrong',910247652088008705
1,So says #climate change doesn't exist and Mother Nature said 'hold my beer',910254175535222785
1,Students testifying for #50by2030MA #IncreaseRPS 'If we don't solve climate change then all our problems will be fo…,910255948459016192
-1,Think my favorite part of the President's UN speech was when he didn't talk about climate change,910257708451983361
-1,"New study from British scientists: OK, maybe climate change isn’t that dire a threat after all",910257748834754567
1,"hey i'm just saying, if you think global warming is fake, you're probably brainwashed.",910266053162422272
-1,The problem is he didn't mention global warming? I thought the God the left worships is c…,910266077816528896
1,"Keeping global warming to 1.5 degrees: really hard, but not impossible via",910273209009717248
-1,Psaki thinks climate change has a higher priority than N Korea or Iran! Idiot!,910286782222274561
1,The same people who deny climate change are the same people who want to take away your health care. Call your senator.…,910290308964900865
1,How can people say climate change isn't real?,910298298757603330
1,"Facing a warming planet, these organizers are offering their Philly neighborhoods hope and solutions via",910311334436368385
1,"Furthermore, as climate change heats up, the military will play a larger role in homeland security to mitigate its effects.",910318526304522240
-1,No one is denying climate change you fuck. We are SKEPTICAL of the human-caused portion of it. Did…,910318578871799808
1,'UN SDG´s: People are experiencing the significant impacts of climate change.',910321944528134144
-1,"If science proves humans are causing global warming, why doesn't it prove what sex we are ?? ",910325481106321409
0,So glad it's not climate change though. Couldn't possibly be that.,910339584642314240
1,All the people who deny climate change should have to move to the coast.,910346929497890817
1,The real argument to act on climate change never assumed that experts' most alarming predictions were guaranteed t…,910348617982111745
0,Interesting response when a t.v. meteorologist started to talk about #climate change.,910350550331518977
1,"Do you *believe* in climate change? (Ans: NO. You can't believe in climate change, it's not a religion.) #StupidQuestionsForS…",910362119949967361
1,World leaders know what they must do to combat climate change & are 'willing to do roughly half that' http…,910374721077772289
0,Public not being told the whole truth about global warming:,910374811469217794
1,Hurricanes left me even angrier at climate change deniers & motivated to help unite the world behind climate action…,910382757746036736
1,"How does one even ignore climate change? I know these disasters occur naturally but a flood, 2 hurricanes and an earthquake? Seems excessive",910382774061879296
1,Your mcm sees 3 spiders and kills them...he's ruining the ecosystem and doesn't believe in climate change. Your mcm is an asshole #notme,910397638008201217
1,Some dude on my FB thinks he rapture is coming... BITCH it's called global warming. The fuck? You're too grown to be this stupid lol,910401345328312320
1,I wrote: 'Care about climate change? Then please stop caring about…',910411324441661440
1,Retweeted SwedenUN   (): The cost of climate change is already here. The cost of inaction is extremely...,910413003375484928
0,'Closing US coal plants will do nothing to curtail global warming' writes #ClimateChange,910443238535962624
-1,#TheBoltReport: It's time to count the shocking price we've paid for listening to global warming scaremongers like…,910447265134764032
1,very likely dangers from man made climate change. I just think adding a tenuous one l…,910464783580844037
1,Should governments be cooperating on climate change? Ou country remains a climate change denial poster child,910472072660480000
1,Fresh hope raised of global warming limit All it require is an immediate reduction in the combustion of fossil fuel…,910477689043140608
1,In your dreams! How about you start living in the real world! Ps climate change is real!,910477736803631107
1,"Pope Francis on those who deny climate change: 'I am reminded of a phrase from the Old Testament, from the Psalm: 'Man is…",910497194226089984
1,Great pictures for a good cause - stop #climate change,910499161660809218
1,Humans: we don't believe in climate change Mother Nature after sending 5 hurricanes and 2 earthquakes in 3 weeks: https:/…,910504118174781442
1,The 3% of scientific papers that deny climate change? They're all flawed,910508032555073541
1,"Yes, science indicates hurricanes can be made stronger by climate change. Yes, the should #ActOnClimate…",910509757231853570
1,"How many people died because the science of smoking risks was 'uncertain'? With climate change, it could be most of seven billio…",910519066460344320
1,Oil + gas industry spent $1.4 billion in the past decade telling the federal government climate change didn’t exist. htt…,910526653050351616
-1,I’m beginning to believe chemtrails are the real cause of climate change.Playing God with the weather will all…,910526705835450368
-1,But climate change? Meanwhile middle class and poor are suppose to keep our cows from farting...go Hollywood..,910544444969115649
1,Want to know about the real uncertainty in forecasts of climate change? Look in the mirror.,910567100317495296
1,It's almost October and it's also almost 95 degrees in mid Missouri. Don't believe in global warming? Fuck you lol.,910585552206000130
1,"In a world beset with disease, corruption, disruptive climate change, and rampant stupidity, do we really need Shane Dawson, too?",910591752758714368
1,Who's responsible for climate change? Our latest peer-reviewed article traces 90 carbon producers to find out:…,910606929713442816
-1,"*seasons change* ugh global warming is getting out of hand, one day its hot the next it's cold!",910609893882769410
1,This entire article says nothing about climate change or human actions that exacerbate suffering,910611359120920578
1,Global warming = terryfing. Denying global warming = more terrifying.,910637848834957313
1,"A great read on selling confusion and why people deny climate change, science and vaccines",910637860134338560
1,"Since we're not allowed to talk about climate change right after hurricanes, having them happen back-to-back is a real…",910641915959193600
0,How pessimistic are you about the bleaching and destruction of coral reefs in the world due to climate change for around 20…,910652659580919810
-1,How did Irma get so strong? Hint: Not global warming,910666931719557121
0,Because climate change only applies to the little people. If you are rich enough to own a plane or l…,910685776878346241
1,'Density is one of the best things we can do to fight climate change.' #SayYesFordSite #FordSite #SayYesStPaul,910687735026941952
1,Paris Agreement 2015/Art.2: Aims to strengthen the global threat of climate change.',910732907819479040
1,"  Sunrise in the Netherlands. On my way to UNESCO-IHE in Delft, to speak on #climate change and security.…",910774826125615104
-1,Must read on THAT global warming paper,910798280543625216
1,Latest from featured speaker on climate change and hurricanes #MC2climatefuture,910854329065725952
-1,Trump doesn't believe in the lie of climate change. Neither do I. There are no facts.,910941493132648450
1,"Natural disasters everywhere, war, hate crimes. But global warming doesn't exist and people aren't racists anymore ",910942712429465602
0,"u, boring: snails r dumb me, woke, pays attn to climate change: snails r cool",910960636384833536
0,Canadian PM Justin Trudeau offered a rallying cry for the fight against climate change and took a...…,910965711710846976
-1,It's not climate change. Houston just sucks.,910982474544685056
-1,You are confusing weather with climate change. BTW: The climate has been 'ch…,910988635704569858
1,"Sensible foreign policy understands that climate change is a real threat, not a hoax, and that no country can combat it alo…",910996756422373376
-1,"Sorry doll, i love you but there is no correlation between hurricane season and climate change.",911016859692126208
1,Climate change is about economics too. How will climate change impact future floods and flood insurance?,911061522469683200
-1,No genuine scientist actually says that there is man-made climate change,911066044860477440
1,"If the White House won’t lead on climate change, the states of the US #ClimateAlliance will.",911069136926543872
1,"Thanks for RT, the interview was very good: lower energy bills + lower global warming! So we invested. Goo…",911109318337892352
1,"Like global climate change isn’t enough, we have to deal with two grown men putting millions of life’s at risk! #Noko #TrumpsUNSpeech",911115271926030336
0,Get over climate change! If your going to bitch & complain about it-have a fricken solution & stop driving you…,911132780645449729
1,More than a quarter of adults still don't believe in climate change/global warming. Ok 'modern' country.,911160026580086785
1,"To predict how climate change will affect disease, researchers must fuse climate science and biology",911208372518756353
1,"Thinking of climate change in terms of 2100 isn’t enough. We need to take the long view, say &Rob Wilder",911238996705124359
0,"Not Nuclear War, not climate change, not poverty. Fake Toys.....",911240652314304514
-1,"If all the ice has melted through climate change like they have us believe, why do you need a ice breaker",911269648016068609
0,'Algorithmic takeover of the public sphere is the biggest news story of the early 21st C' (alongside climate change) htt…,911281518722424832
1,Wow so many health impacts on climate change       #climatechange #ifgh #nuigalway #publichealth,911286139507572736
1,"To maintain our capacity to address climate change, we need to recognize the trauma it creates. via",911290974055182336
1,"EPA staff are being trained not to leak that climate change is real, to ensure EPA don't have to protect environment https…",911293563547394048
-1,Lololol superior y'all go ahead and takeover America with global warming y…,911298756896854018
1,"Every year global warming becomes more and more obvious, and we just keep ignoring it.",911303831123988480
1,Ho aggiunto un video a una playlist di : How to green the world's deserts and reverse climate change |,913378136011747328
1,"More evidence for why we must plan for resilience, adaptation in face of climate change. #CRKClimate",913388935530864642
0,"me, a human: climate change, neonazis, mass displacements you, an architect: but what if i painted this platonic solid…",913442175798644737
1,Wrote up a report on how cities can protect poor people of color from the effects of climate change:,913475156701597696
1,“It’s really a humanitarian issue. It’s an issue that climate change impacts fall disproportionately on the poor.”,913483831751118849
1,"An excerpt from 's new book, Storming Wall (published by CL), connecting the dots between climate change…",913483860028956672
-1,global warming scam=socialist/fascist scheme to ration energy. Oligarchs will let them do whatever they want.,913494410725175296
1,"Because he cares more about issues like healthcare, education, & climate change than looking fancy, Captain High-Ho…",913496297008652288
1,"If you're into climate change, you must hate bitcoins: 1 bitcoin transaction consumes 5,000 times more energy than…",913527009430646790
1,It is in the 80s now like every other October yet you deny global warming,913538662608117760
0,Think most people blame global warming,913542182329573376
1,Important thread about the most dangerous #ClimateSilence. Saying 'climate change' isn't enough—media must name cul…,913546993485729792
1,"If global climate change continues to impact the NFL, will average Americans begin to give a fuck?",913577058856505344
-1,Wow. Sad. People still think global warming is a thing.,913593114262069248
1,"The people who don't believe in climate change and evolution are the kind of ppl who believe that the earth is flat,smh. #facts #smh",913608591617257472
1,"Can you believe in climate change? No, you can't. It's not a religion.",913613789551104000
0,I believe I have a new weapon in the war against global warming would you be willing to review under non-disclosure?,913627854247673856
1,What real action on climate change looks like via #ClimateAction,913633488980525057
0,"PODCAST! This week, & to talk climate change and extreme weather",913707172621541377
1,Everyone should be concerned about global warming and climate change. It matters. Mostly just because it can wr…,913720561683050496
0,Police brutality is the climate change debate for PoC: some folks think it's a myth and the root cause is unknown,913782675034558465
1,"Humbly suggest that in our present global climate change predicament, it may be best to begin moving people to safe…",913784254332628994
1,"As climate change continues to intensify natural disasters, LA should take heed & end oil drilling in neighborhoods",913878369116106752
1,Congress: Admit that climate denial & climate change make storms like Maria much worse. #ResistClimateDeniers,913938189957472256
1,Instead of bragging about your crowd sizes after Harvey you should admit that climate change is real and something…,913961941978292224
0,"local food policy and Homegrown Minneapolis; climate change, energy, and other sustainability topics",913972270313373696
0,Does anyone think global warming is a good thing? I love Lady Gaga. I think she’s a really interesting artist.,913972320770936832
1,Installing solar panels is a great way to help birds avoid the worst impacts of climate change. #CleanEnergyWeek https:…,913978644820873216
1,Citizens’ Assembly offers our final chance on climate change. By John sweeney of,914033685665603584
0,In a 19°c place with no air conditioner. I wanna live here. I hate global warming. In my place the temp is reaching 37-40°…,914050812099416064
1,Factcheck: Climate models have not 'exaggerated' global warming,914077842618626049
1,"What about black carbon emissions, which have a strong impact both on near-term climate change and human health?",914122651756584960
1,"climate change fueled storm, government fiddling in their pants instead of responding, how many US Citizen's deaths will be on this Pres?",914132106288275456
1,Isn't it funny how the more we deny things...climate change... racism...the worst things get? Except it isn't...funny at a…,914139476523397121
1,An 100 square mile chunk of ice broke away from a glacier in Antartica; more devastation caused by global warming.,914177245694119941
1,People who believe in climate change do believe in natural s…,914207127115386882
1,"What I feel like doing when use scientific terms like 'genome' but deny climate change, real…",914241402883772416
1,First they came for the climate change research ....,914268171749662720
1,We just endured the worst month of hurricanes in recorded history. Blindingly obvious that climate change is now a…,914290265514496001
1,The fact that it's still 90 degrees at the end of Sept should convince anyone of global warming,914322489953669121
1,Forestry combating climate change: an inconvenient truth? #forestersforclimate,914364842030583809
1,Real weather impacts from climate change: Extreme rain events to rise 30% #citizensassembly via @…,914465483084193792
1,"I should not joke about climate change - it's a very real, pernicious phenomenon. But it does extend the season for…",914510019453911046
-1,"First global warming, now this. Beardless niggas writing articles pretending to be women. You not fooling nobody. http…",914529789448540160
1,Wow so climate change is a thing #WhyWeMustImpeachTrumpin7Words,914534972144353285
1,How can the fossil fuel industry improve & prepare infrastructures for extreme weather disasters caused by human-accelerated climate change?,914545130962427904
-1,Gee. It must have been all that man-made global warming... in the Nineteen-Twenties!,914547100427354112
0,"Sorry, can't come into work today, climate change!'",914547105611571203
0,Me refusing to let global warming dictate the fall fits,914561928328093698
1,#weather Why extremes are expected to change with a global warming – RealClimate #forecast,914668521413476352
1,Is global warming real? What do you think will happen? — Hell yes it is,914668583585796096
0,"While everyone was busy worrying about climate change and being nuked, someone made platform crocs. This imminent t…",914703574634057728
1,Setting the world up for dangerous climate change. Statoil. Shell. Total. Exxon. They know very well the harm they…,914785143298109440
1,"In fact climate change is a jobs creator, what with all the relief investment, so no need to take action from neo classical Keynesian persp.",914795334144020486
1,Reading comments on Twitter makes me think global warming might be for the best...,914854791192481792
1,Oh my god: gun violence is climate change. Very dangerous and tragic but solvable problem perpetuated by U.S. denial.,914860341057642496
1,I may be #tooyoungtovote but I know that climate change is real – our planet is dying. We need to do something! https:/…,914884314634100736
1,"Ok let's talk climate change now, after the next storm we'll talk gun control",914907436141686784
-1,"The only crime is that of a few, claiming man caused climate change. It's not, nor is there proof of such",915003130928037889
1,Vote for people who believe in climate change and stricter gun laws.. the only way we can fix the issues are by taking action now not later,915069786190696448
1,No grass roots support for beef lovers Clucks - but more contributions to climate change! via,915121512759398400
0,"you’re so hot, you must be the cause for global warming. #ALDUBLetLOVELive",915156172054786048
1,"#GrandOldDeathParty Fighting hard for more guns, less health insurance, more pollution, more bankruptcies, nuclear war & climate change",915172699168821249
1,"Have you noticed how and the are simply wrong about everything? Anti science, climate change…",915240332664627201
0,"REMINDER: Due to global climate change, thoughts and #prayers can no longer travel through the atmosphere. Direct a…",915257850225709057
0,You bet. Liked the part abt being warned off climate change; I started there (but I don't take commen…,915259834135584768
0,Questioner asks: Is capitalism inherently destructive of the environment? Mann believes climate change can be solve…,915323246265995265
1,"High 80s in October. Wow, the Chinese are really dedicated to this global warming hoax of theirs! #MAGA",915354294861299712
1,"Not included in Adani story: trashing Indigenous land rights, #climate change, threat to the reef from…",915362420905799682
0,Hey guys! Can we get a cheeky RT for Australian health workers fighting climate change?,915388558072074240
0,"It should be noted that I am wearing jorts in October. Not happy about global warming, but...",915440442325524480
1,"To all of you dumbasses who say on the first cold day 'what global warming?', this is it here. October, highs in the 80s.",915551003692453888
0,Tackling climate change and poverty tend to be mutually exclusive. Higher energy bills and green taxe…,915556889546633216
1,This video shows the extraordinary trend of global warming in more than 100 countries.,915600261124673536
1,180% more severe turbulence on transatlantic flights by 2050-2080 due to climate change: our new open-access study.…,915623796379353088
1,Hey everyone! Check out my latest story on how climate change is affecting wine production in Arizona.,915645164370092032
1,Oceans give us a picture of the rate of rise of global warming and its impact. Here are 4 charts.,915661297907355649
1,Many scientists falling into despair seeing it all go away so fast - Is climate change driving you to despair?,915665464994488320
1,"No one is supposed to say it out loud, but climate change is the most dominant fiscal issue of our time for the Uni…",915711859092807682
1,Correction: ALL beef and ALL animal agriculture is bad for the planet and causes climate change.,915836948517871616
1,We can’t talk “climate change” after Hurricanes or “gun control” after mass shooting but we can talk refugee control aft…,915846593181601793
1,Vulnerability of European #freshwater catchments to climate change Read key findings + video on the study here ➡️…,915863406657376257
-1,"Theresa May, vowing she’s against vested interests: then pledging to “fight climate change”, thereby backing the bi…",915870669262405632
1,Cows emit more methane than the oil industry and are a huge factor in global warming.,915956287321640960
1,Proud of Dr Abrar (Oxford Univ Lecturer) 4 receiving 2017 Best Doctoral Dissertation Award 4 managing climate change in deve…,915960909335552001
1,#TodaysClimateFact: 97% of scientists say that climate change is due to human activity. Wehrum’s willful ignorance…,916243540375670784
1,Great article from Mars Chairman and Mars Family Member Stephen Badger on climate change,916246416862871552
1,The money is there to fight climate change #wefimpact,916294539194888192
1,mcdonald's is still the world's largest user of beef. methane emitted by the cattle is a major contributor to global warming/…,916356467564990465
1,"As a Caribbean climate scientist, I am often asked to speak about how climate change affects small islands. In... https…",916435018766991362
1,"Harvey, Irma, Maria, Nate. 2 months left in season. Can we talk re bath-water warm oceans & climate change now or wait til…",916436573486505990
0,techreview 'Watch DKeithClimate's vid: tech combating climate change. SPECIAL OFFER code TWEET at registration …,916439018149171200
1,Watch a top EPA nominee work hard to seem stupid in pursuit of denying climate change by,916534216942174208
0,"(H)arvey, (I)rma, & (M)aria has 45 paranoid about global warming. After all, it's all about HIM. Jobs down, too: https:…",916535722022023168
1,We need to talk about … Population and climate change,916583248893022208
-1,"Hey bonehead how many times do you idiots have to be told that man-made climate change is bullshit,and one more thi…",916639065382047745
1,"Get a 360 degree view of Kiribati, a Central Pacific island nation at the edge of climate change.",916649583710683136
1,The effects of climate change really are terrifying.,916725762639659009
0,Bass so lit caused global warming.,916749859000147968
1,if your mans say he don't believe in global warming he's no good ma u gotta throw the whole boyfriend away,916834868813692928
0,"Breakfast crid:4dsoco ... to say. We change the agenda over fracking, climate change, energy, raising questions about ...",916923463104958464
0,Why is over-pop absent from most climate change discussions?,917033000482889729
0,"Now, I don't give a shit. Let climate change wipe us all out tomorrow.",917091519844245504
1,That climate change is reducing the habitability of our planet... (referring to blurb.),917116574322122752
0,Ever met someone thats just nasty 24/7? Like dam bitch lets talk Bout global warming or sum.,917197258218754048
1,"Finance sector traditionally slow on #climate, but since #ParisAgreement has 'woken up' to risk that climate change poses #CHClimate",917350405297836032
1,"Women’s leadership, agroecology and the fight against climate change",917352721153515522
1,Nature is a powerful ally in the fight against #climate change #SDGs,917376476336533504
1,571 cities are now disclosing climate change-related data. Explore our Open Data Portal,917381118193799168
1,"I am running for reelection to the Senate. Lots more to do: ending gun violence, combating climate change, access to h…",917403748263227393
1,Dismantling Clean Power Plan = one more glaring example how this administration can't grasp climate change reality:,917470035039289344
1,Scientific consensus finds that climate change is a man-made threat to humanity.,917489690986590210
1,Another move to cede our country’s leadership on global climate change. A terrible decision.,917503681351831552
0,I guess global warming is Suju’s fault too,917506809463746561
0,"Abbott in London speaking about climate change. Of course, there is such a thing as free speech, but then there is…",917511198546866177
1,The air is made worse by EPA rollback. The fires are made worse by climate change #SantaRosa,917542069773594624
1,As California experiences unprecedented fire storm Abbott's incendiary 'climate change is good' #auspol,917619424202387456
0,"I mean...Sex is the real cause of global warming. We need to reduce to the barest minimum, and then reduce it s…",917641508949458946
1,'Link between climate change and devastation we are witnessing is clear': https:…,917655785794019328
0,"The science is in: climate change sceptics are 83% more likely to bowl cross-seam with the new pill, and 287% more like…",917659192822964224
1,Trees are essential to fighting climate change — but we lose about 48 football fields worth of forest every minute…,917660588909531136
1,DARING TO BE DUMB : Tony Abbott at the UK climate change deniers convention: Daring to be dumb …,917675836718833664
0,How realistic r Scotgovs climate change targets? Chairing #snp17 fringe with & man behind COP20 …,917707243499474944
1,Can global warming just fuck off for one year so we can have winter in Houston again?,917717368280936448
0,Let me guess. Is it the fact that they don’t have a climate change policy.hmmm,917719542087827456
0,Abbott’s speech on global warming would have to be “one of the strangest speeches of the past year.” It was...,917719543568408576
1,The clock also denotes the ticking timebomb that is point of no return climate change and we become a d…,917780504773984256
0,Weather has never been this lit so close to my bday   Yayy climate change ,917782070893711361
1,Those 3% of scientific papers that deny climate change? A review found them all flawed,917786318851239936
1,"Great response from - understands the issues of housing, youth issues, climate change, transport and taxation. #Budget18",917789198643552256
1,Beautiful light projections on the Tasman Glacier highlight impact of climate change – video,917807807621033984
1,"F the economy, and it was doing just fine, I want breathable air,I want to slow down climate change, those miners j…",917826593220947968
0,in my global warming patch you can buy sweet corn and tomatoes in mid-october alongside apples and pumpkins ... jus…,917849183251501056
1,"Clean Power Plan was created by Pres. Obama to reduce CO2 emissions from power plants and combat climate change, but t…",917935736116084737
0,"You’re so hot, You caused global warming",917935738230108160
1,Biggest question: will primates observe climate change better and make greater efforts to create a sustainable future than people?,917942251283628032
1,"#NuclearDecarb seminar, as the first speaker on causes and consequences of climate change. Video 2/17.",917990992313290752
0,"Fuck global warming man, my whole style is jacket based, wtf am I supposed to do now that it's 90 in October",918006692583002112
1,New Street Art by Fintan Magee highlighting climate change impact on Puerto Rico#art #arte #mural #streetart,918013131317760001
1,The EPA says climate change is not one of their priorities In their new four year plan. Scott Pruitt is a menace to our p…,918021121831706624
1,11 terrifying climate change facts in 2017 #mostread #ecology [,918039756029734912
1,"Slavery, women’s suffrage, segregation, civil rights, gay rights, climate change - conservatives are always on the wrong…",918048293762011136
1,The Trump admin’s persistent denial of climate change is indefensible. I will use every available legal tool to fig…,918058829035827200
1,You should support forest communities in Africa e.g. Kenya to fight climate change,918074841156243457
-1,Alarmists still aren’t convincing – more Americans believe ‘paranormal’ more than fear global warming Nearly thre…,918078127250735104
1,It would serve the Trump administration well to quickly embrace the fact that climate change is real―our safety and secu…,918100881475858432
1,'Satellites are key to understand climate change' Yvan Baillion ( ) says,918104225007263744
-1,It’s freezing in New York—where the hell is global warming?,918123166064525312
1,"'If Trump wants to pretend that climate change is a hoax, we will see them in court, and that's where facts matter.…",918127976843304960
1,The Trump Administration just announced it is repealing our country's largest effort to stop climate change:,918143243770003457
-1,Delingpole: 'The global warming scare is the biggest scam in the history of the world',918146475032567809
1,Tony Abbott saying ‘climate change is good because people die in the cold’ is as stupid as saying famine doesn’t exist becau…,918155500281196544
1,Wildfires in California are expected to increase in intensity and frequency due to climate change (and studies sugg…,918195829260804097
1,"Wild fires, cat 5 hurricanes-still not convinced about global warming?Think we need the EPA?Don't need…",918214836563177474
1,if it isn’t our meteorologist’s responsibility to discuss climate change who’s responsibilitiy is it Paul?,918224936120045569
1,Abbott’s speech confirms he’s even more out of touch than we thought with the reality of climate change:,918228601945894917
1,Thinking about climate change & carcerality: I wonder how many in this ongoing firefighting effort are inmates in CA state i…,918243854184255488
1,"Here at we're all about confronting climate change head on, but we also…",918248265358938112
0,"Hey, look at you, finished the entire thought sans a word about global warming or Trump.",918268357635317760
1,#MA poised to lead again on climate change and smart public policy. Proud to have filed this legislation.,918285496538853376
0,Check out this cool new climate change book--for kids--by & : #tantruma…,918291443554365440
1,Lol but global warming don’t exist right?,918291496130039815
0,if global warming is real then why tf does my freezer make ice you idiots lmao,918330957014413312
1,And just think DT thinks climate change is a not a reality.,918343752397312002
1,"So I'm sitting at work, reading stories of sexual assault,rape culture & climate change..Remind me why we proudly believe we're intelligent?",918396956350717957
1,New article: Cars & climate change: decarbonising passenger road transport - by Dr Rachel Freeman https:…,918410935462703104
1,"Next #BCFNforum on Dec 4-5 will have the focus on migration, climate change, food security w/ support…",918418083294756864
1,i'm glad climate change is real and going to end this horrible world,918431006994157568
1,Women make up a dismal share of those present at key decisionmaking tables on climate change. What needs to be done…,918481080084078592
-1,"Exhausting, explaining idiots how climate change works. Yes it is an eternal, inevitable cycle.…",918481098195259393
1,I talked to people in Greenland last month about President Trump's climate change denial. In lieu of CPP repeal:…,918481106952785921
1,"NY elected officials must 'adopt bold, transformative policies to fight climate change.' …",918490895997067264
1,I don’t believe Pruitt is dumb enough to not believe in climate change. He’s just cruel enough to not care about th…,918500486847664128
1,The Trump insanity we're not talking about: Doubling down on fossil fuels when climate change is killing Americans,918539959556067329
0,"Are y'all trying to get your funding cut? That is, unless you are completely debunking climate change. /",918541540993257472
1,Tell Congress to fight climate change with a market-based approach. Sign the #carbontax letter:,918563730987905024
1,"Now that Trump is gutting the little climate change regs we had, media acts like they care. They hardly covered clima…",918584672128466947
1,Report: The impacts of climate change are unfairly shouldered by the most vulnerable among us,918652591243956224
0,Two former tell on that 's climate change speech was not support…,918694558409506821
1,We need to take action against climate change instead of denying what basic science clearly proves. #HR4HR,918721745133084672
-1,Dinosaurs extinct due to man made climate change. Oh...wait..man wasn't around back then.…,918733700602515456
1,'Desertification and climate change present a greater danger than all the wars ever fought.' -,918742285449297920
1,"Lord Lawson has already been proved wrong on climate change, wrong, too, on Brexit. Hammond has to stay now.",918758053184499712
0,"With the media continually talking about global warming and melting ice, I thought I would take a minute to show...…",918761678623395841
1,"'We can reach our #ParisAgreement climate change goals with sustainable use of gas,' Klaus-Dieter Borchardt.…",918772922919145473
1,"This book helps you talk to your kids about the scary big picture of climate change, and empower them to take actio…",918834130309103616
1,Did climate change fuel California’s devastating fires? Probably—and it will only get worse,918866835520368640
1,Elderly Americans burned alive in wildfires exacerbated by climate change. Mike Pence sends his prayers.,918884827654492162
1,We can still rescue this planet from climate change. Here's how #wefimpact,918912900361748480
1,"Note Trump has no study, no actual proof to back up any claim he has about anything especially Obamacare, climate change & the…",918926819646087168
1,Walls of Fires in N CA. Walls of water on the Gulf Coast. Will we keep ignoring the obvious links to climate change? http…,918940910150328320
-1,Celebs decry sexual predators but protect their own. Campaign on global warming but fly private jets. Denounce wealth but liv…,918957062587076609
1,2100? 2200? Anyone who thinks climate change is a good thing must enjoy immersion in salt water?,918959212528463872
0,"I don’t wanna hear another fucking celebrity lecture us abt racism, rape, climate change...Hollywood is not the moral authori…",918984696159186945
1,Did climate change fuel #California’s devastating fires? Probably #ActOnClimate RT Climat…,919008372342558721
1,How do you NOT believe in global warming because of religion?! ,919015948933320704
1,Amy Goodman: Trump's lies on climate change 'all but guarantee a future filled with more & more deadly disasters' https:/…,919022960173899777
0,BREAKING : Religion suffering in Australia due to lack of volcanos ...climate change may assist says ancient goat herder.,919034106809405440
0,Leonardo DiCaprio tackles climate change in first tweet since... #KateWinslet,919043617871691781
0,The intolerance for discussion around climate change is alarming. Read why in my latest for,919071042106257409
0,"Asin's songs.. just what we need in these days of violence, global warming, and exploitation. #ALDUBMRandMRS",919076996490997760
1,Maybe this will get more people to take climate change seriously?,919096180646096896
1,WHO launches new leadership & priorities: Universal Health Coverage, Health Emergencies, Women/Children/Adolescents, Climate Change.,919106229498028032
1,We are now official! Congratulations to everyone. Together we will fight and win the man-made climate change.…,921124956758409219
1,West Africa is facing an urgent need to develop effective measures to address climate change growing impacts #HLPDStakeh…,921126649705435136
1,"upon reflection, it was a great privilege being born in the best city while it was still affordable and before climate change ravages it",921131806514122754
0,This may be his most transparent appeal to the American left since the time he ranted we need strong climate change…,921135498604752897
0,Governor Inslee is at my college right talking about climate change. If it wasn’t for him I wouldn’t be in my bachelors program.,921137143652552704
1,"I trusted him to prosecute the bankers, end the wars, and aggressively fight climate change. We Dems mu…",921171035755462656
0,Climate change and the effects of butterflies: is global warming a threat to our world? Doi:10.1046/j.1365-2486.2000.00322.x,921259345228152832
1,This sort of tech is the only real solution to climate change. Reducing current pollution levels is useless(too muc…,921261019024027648
0,Don't worry global warming will straighten all that out.,921279626608906240
1,True lets take up strict measures to control pollution and climate change from today Ban xmas trees…,921281478733938689
1,The evidence that climate change is real. Winter line in a tropical country.  #uniqlophilippines,921313709833588736
1,The  climate change fight is supercharging a growing #cleantech market for clean technology from ,921441345604112384
1,Hey peeps! This is my buddy Elvan. She's an innovator & activist on climate change awareness. Please follower her i…,921460394664845315
1,"And let's not forget that even though climate change is a real thing, the Paris Accord had no real direction. They had no plan.",921481370697945089
0,"To combat global warming, we need to put the Earth in a hydroflask",921488773413826561
1,"Why do people act like technology is the worst thing to ever happen when racism, homophobia,global warming & so man…",921521393593962496
1,Did climate change fuel #California’s devastating fires? Probably #ActOnClimate,921619935561789440
1,"End of 5day pollution festival Diwali when Evil Hindus did global warming & depleted ozone layer. Until next Diwali,we ca…",921660105803710465
0,[#Design] Watch our talk on climate change live from Dutch Design Week,921685660246970368
1,Disgusting & disappointing since now even Republican voters believe in climate change.,921789553458921474
0,"Corporations & Industry must stop killing the planet with pollution! Forget CO2 & global warming, STOP POLLUTING WI…",921791207805657088
1,"Think about the devastation of losing your home in a fire. That is climate change, & we could all lose our shared home if…",921821952980828160
1,New study from finds that nature is vital to beating climate change. Learn more here:…,921847324568985600
1,Also solidfied due to republicans rejecting climate change. A…,921863595369160704
0,here's my essay on how 'the snowman' reflects the early 21st century fear of climate in the context of mass climate change,921896153339367430
1,"The bees dying, global warming getting worse & WW3 pending. pls if u have a crush on me let me kno so we can start plan…",921927811752964107
1,In 50 years the American west could be largely burnt from climate change-fueled fires. Where are the media?,921945204990418945
1,How do you talk to people about climate change? Researchers found that some messages are more effective than others… …,921952042427527168
1,Who knew climate change apathy would be so costly!! But some probably think more money to be made from rebu…,921977158771277824
0,A complete list of things caused by global warming #BBCnews #BBCbreakfast,921990920567791616
1,"There is this weird notion of equal-voice with climate change, which creates a 'false balance' (Parts of)…",922025147057438720
1,Fascinating that so many of the Leave Means Leave campaign are also active climate change deniers.,922059442186678276
0,"That's why they don't care about climate change or anything else long term. and yes, it's about…",922095219537055745
1,From the federal agency that has removed most mentions of the words “climate change” from its website. https…,922166590715576320
1,Makes it more extreme: Prof says climate change added to historic fire season: CALGARY…,922184933166153728
1,"40 years ago, CA fire season lasted 138 days. Now, thanks to climate change, it stretches 222 days. Hot new world http…",922201340570472448
1,Enough is enough. Censorship of our CERF leaders to speak to issues of climate change to coastal communities…,922280485149184000
1,"jesus christ what's dumber, climate change denial or modern goal line offenses?",922293475571245056
0,地球温暖化は、二酸化炭素の排出と直接の関係があると言われている。 It is said that global warming is directly related to carbon dioxide emissions. (237),922318674051997697
0,it’s almost November & I’m getting bit tf up by mosquitos... global warming wild af,922333818811506688
1,"EPA is muzzling its scientists, who were due to present on climate change at a conference on Monday.",922366221613453312
1,"More evidence is dumb as a rock. He believes that if you don't talk about climate change, it will g…",922368851194646528
1,Denying climate change is like denying that the Earth is round. Hopefully it doesn't take someone sailing off the edge to le…,922380425175040001
1,We absolutely cannot let the EPA silence scientists and block work on climate change.,922496921041850368
1,MUST MAINTAIN TRUMP'S HOAX....EPA cancels appearance by scientists at climate change conference,922500346529824768
1,"See, the way it’s going climate change will only increase the desire for renewables. Russia has no national grid, and the…",922505048889929734
1,#Resist//EPA abruptly cancels 3 agency scientists’ talks on climate change via,922543239328124929
0,anyways bitches go vote for exo on mama 2017 to save global warming,922585872024956929
0,No one living in 1950 is aware of climate change.,922625309895217153
-1,why would you purchase that if you believed what you were saying about climate change,922642622430269441
1,with that being said let's not romanticize this global warming lmaooooo we're all gonna die along with the earth,922660719237017601
1,"On climate change, we often don´t fully appreciate that it already is a problem'. -Kofi Annan…",922801977578401792
0,"My skin is so clear, my crops are watered, my debts are paid, global warming is no longer an issue all thanks to that…",922813290652110849
1,"Meanwhile, China has identified the 23 trillion dollars to be made in green tech to combat climate change.",922820995068649473
1,and pls don’t use “believe” + climate change. Ppl “understand” or “know” it’s real. Msging matters.,922886187475456001
1,"The Administration is trying to keep us from accessing information that does not play to their stories. Tax reform, climate change etc",922905571384274944
1,"If we want to fight climate change, we’re need to start with decisions. It’s exciting to see NYC’s kids leading the way. #…",922936477486649344
1,"He's for lower taxes on rich, denies climate change, anti-union, what exactly is he resisting, trump's manners?",922937964149211147
1,DrJillStein: Extreme weather fueled by climate change already costs US billions. Need a #GreenNewDeal or it’ll…,922943458536501248
1,"Setting aside the lives lost and the fate of the Earth, climate change is also darned expensive in terms of cash.",922963467291697152
0,"What an idiot, climate change to ask…",922963467874824192
0,"“I’m waiting for global warming to melt Antarctica so I can move down there, I need space.” ",922964899160121347
-1,"great, but nobody believes you actually abide by this. fact, man made global warming is a hoax and if…",922988249181802496
0,"New #Trump ambassador to Canada gets off to rocky start, says she believes/denies climate change",922992622699991040
1,"disgusted to see your ads on Breitbart, a site aggressively denying climate change and promoting white suprema…",923039531816947712
-1,Adam Bant didn't care about the deaths at sea but believes in his climate fairies killing ppl with climate change  https:…,923103086171774976
1,What convinced these scientists climate change is real? -,923109795678314496
0,BBC says sorry for allowing Lord Lawson to lie about climate change on . Will BBC apologise for allowi…,923124146564935680
-1,Those lentil weaving hippies at the IMF are pretty terrified about climate change,923188874704310273
1,"People are so stupid,' says Ben Carson, while avoiding the role of climate change in disasters like Puerto Rico.",923227902233141248
-1,The founder of the weather channel John Coleman even says climate change it total bullsh!t…,923232018837770241
1,"Many people thought, 'How could the head of EPA say climate change is not a part of our mission?''",923308627372494850
0,Currently working on a climate change presentation I've got to give next week at university and stres…,923312781109202945
0,"Go as lame duck or prez prospect? to attend, on your dime, UN climate change conference in Germany. Leaves fou…",923330268907429888
-1,"In the hoopla surrounding the #ClintonRussiaCollusion, I've barely had time to deny climate change. #ClimateChangeHoax",923384535013908480
0,Stupid global warming. Balls don’t usually fly out of Dodger Stadium like this. #LADodgers #ThisTeam #WorldSeries,923403552533258242
0,US government agency issues climate change warning as report finds natural disasters cost America $350bn,923437922551971842
1,#Ocean #acidification research makes a strong case for limiting climate change,923512577359011842
1,"Nowadays, global warming is on increasing rate, we need to save our environment, so we have to save plants first....",923523641492590593
-1,Voted Brexit not American could not vote Trump - not bright are you - climate change…,923591930235285505
1,"Creating memories' indeed. I remember when #climate change was a future threat, not a present reality. (AP Photo b…",923659497792454656
1,So very grateful for Senator Graham's clarity here. We can fix climate change through free enterprise energy innova…,923729376667152384
1,How cities can fight climate change most effectively,923766491069087745
1,Physical inactivity/ climate change two fundamental health challenges of our age... Well recognised by …,923848978529177600
-1,Probably not by global warming? Globalist witches may want to steer clear of your hot caldron.,923886205082722305
1,We need to regulate business to make sure the workers' interests are protected! We also need to prevent climate change!,923916925767479301
1,"'Unless we take action on climate change, future generations will be roasted, toasted, fried & grilled'. -C.Lagarde…",923919690841260032
0,Ocean drones are trawling for climate change data: - - RSS Channel - World #Latest,923942001153888256
1,Reminder: and the GOP establishment think climate change is a hoax. #FlipTheHouse,923943595379449856
1,Thanks to all sponsors of today's UMD climate change screening (Inconvenient Sequel) and discussion. We need to do…,923986966705852416
0,'why won't Trump save me from climate change? I'm WHITE!',924033224321335297
-1,'there has not yet been a single documented case of a person being killed by CO2 related “global warming”',924059925877313538
1,New highlight features #OriginsClimateChange panelist Noam Chomsky on impact of climate change on future generations https:…,924071709451288577
1,imagine not believing in global warming lmao,924075842157789185
1,"Giving aid money to multinationals is not powerful, it's impacts on poverty reduction and preventing climate change…",924131763168989184
1,Bad news: this attempt to strip down science standards at schools (no evolution; no climate change). Good news: Pu…,924141105599324161
1,Long-term economic effects of global warming could be far greater than thought: via…,924225332844072960
0,"Well of course he is. I wish Obama would tweet out that climate change is fake, he hates insurance and nuclear war is great...",924232971338559489
1,What if climate change could be tamed? In 2018 scientists will take bold steps to explore a technology that could c…,924330050031415296
1,"The 33 islands of Kiribati, a remote and low-lying nation in the Pacific Ocean, are under threat from climate change https…",924333854218956800
1,Our Executive Director highlighting the disproportionate impacts climate change has on low-income…,924352352915570688
1,"I have yet to see two things from the anti-carbon price crowd: 1. Acknowledgement climate change is real, and ...",924356314490425350
1,Hartnett-White is a climate change denier and Trump just tapped her to protect our environment. (),924356330139389952
1,"When we fight climate change, we’re taking care people and the planet. Retweet if you’re ready to take…",924374690587701249
1,"These drone boats are traveling from the Arctic to the equator, gathering vital data on climate change…",924392035129479170
0,WATCH: ’s latest epic fantasy. Tony #Abbott and #TheEverChangingStory on climate change. #auspol,924402157419315200
1,It looks an awful lot like the Trump administration is censoring scientists who research—and discuss—climate change.,924422356545744898
1,How much did climate change cost American taxpayers in the past decade? Hundreds of billions and will get worse. #velshiruhl…,924461866738360320
1,"BBCEarthAsia: How do the likes of Gisele Bundchen and Giorgio Armani fight climate change? Through #GreenFashion, …",924471731431108610
1,Denying climate change is the challenges we build a ninth justice is undeniably clear.,924484093475213312
-1,This interview with the late István Markó on why 'global warming' is bollocks is really pissing off the greenies https…,924514152609206272
1,Kicking- off #Climathon and brainstorming on new ideas to solve climate change with,924652708560297984
1,"Though our focus here is on climate change denial, the tactics used by deniers are hardly unique. The Union of...",924712465824395264
0,"“Everything is on fire.” Opinion: We didn’t start the fire, climate change did",924743796126048261
1,"We're having a forum in Disney World — but on climate change, Donald Trump and Rick Scott are in Fantasyland.",924755260568195072
0,one of the unintended consequences of climate change is that sports fandom gets really challenging,924866223107727360
1,"90% of coral reefs are expected to be gone by 2050, even if global warming stopped now. #ChasingCoral",924877091098767360
1,We cannot afford to put off the investments necessary to protect ourselves from climate change.,924883125339115520
1,'The increasing frequency and intensity of climate change–related water disasters pose new challenges.',924895992368865281
1,"Ah, if only the climate change deniers could understand it. I know it's simple, but they are more simple. Can we se…",924903463573524480
1,What role plays transport for climate change? During #COP23 we are going to have daily talk shows on this topic!…,924909008602980352
1,The future for addressing climate change may well rely on litigation Good on you all you environmental…,924910681157263360
1,Kadvi Hawa Trailer is out! Check how climate change is more tangible than ever. #Kadvihawatrailer #KadviHawaBadlo,924941397551038464
0,vatican enforced climate change=mad mafia pope wants more anti-abortion/anti-contraception/anti-LGBT/sex only to breed more desertification,924950371897716737
0,Yesterday I helped collect feather stars for her climate change & OA expt. Great day to be underwater.…,925022546893848577
1,#KadviHawaTrailer launch: A powerful tale of climate change #TillotamaShome…,925022581077565442
-1,All the biggest lies about climate change and global warming DEBUNKED in one astonishing interview,925046776553529344
-1,"Al Gore: You WILL pay a carbon (icicle) tax for global warming (cooling) to my completely tax-free, off-shore multi…",925099013644238848
1,Ways to fight climate change: - reduce - reuse - rise up and overthrow corporate rule,925103143993729024
0,its finna feel like summer this halloween. global warming gon produce astounding thotstumes this year,925124477331083264
1,"Human symptoms of climate change are unequivocal & potentially irreversible - affecting health around the , today:…",925157284832952320
1,A focus on climate change is essential for our future. Good policies are being rolled back with no media coverage.…,925191463637585920
1,"To combat climate change, we’ll switch to 100% climate-friendly coolants in the U.S. by 2020—using less energy and…",925199271485460480
0,they asked me what my inspiration was i told em global warming,925224306925125632
0,Girl I had the same question. From what I found her areas of research are climate change and international studies,925231071716892672
1,Remarkably similar to the stages of climate change denial... #MadhouseEffect,925265240413102081
1,Bula! We're filming short videos 2moro with Alisi Rabukawaqa to answer questions about climate change! If you have…,925279993491480576
1,'The climate change issue and the economic issue come the gross inequity and the inadequacy of our economic model.…,925302273139384320
1,BrookingsInst: You'd be surprised by the number of ways girls' education and climate change intersect. A new podca…,925317946049785856
1,My speech on the power of #photography in #advocacy for #climate change. Thank you #OCYAP for giving…,925395646496104448
1,TEDTalks: Can we stop climate change by removing CO2 from the air?,925404009439121408
1,Climate sustainable agriculture is a key to fight climate change effects #AWCCSomalia,925406156998299648
1,#EmissionsGap: #ParisAgreement pledges just a third of action needed to avoid worst effects of climate change!…,925420656673611782
1,The #EmissionsGap: #ParisAgreement pledges only 1/3 of action needed to avoid worst effects of climate change…,925422760561664006
1,"#EarthChanges Rightwing attempt to delete climate change, evolution in schools fails - Liberation…",925509478304251905
1,Game 1 World Series (in LA): 103 degrees. Game 6 World Series (in LA): 67 degrees. Nope climate change isn't real.,925518373047414784
0,Sexy global warming :(,925538860724920320
1,Here's the threat climate change poses to the world's economy. #AwarenessWeekNovemberEdition,925597852306460672
1,I love that 's book says we can make solving climate change a self fulfilling prophecy,925613667974082560
1,"It won't matter: by 2030, 75 percent of the world's human population will be eliminated due to climate change. https:/…",925623785696276480
1,Parks and reserves in the tropics a ‘significant’ force for slowing climate change via…,925661170077384704
1,Could the #Neolithic Revolution offer evidence of best ways to adapt to climate change?,925680321223213057
1,"'We are at the front of seeing refugees as a result of climate change,' New Zealand's new PM tells me https:/…",925682121095516161
1,"Greenpeace: This year, we've seen what climate change looks like. This year, we end Arctic oil for good.…",925683888479002624
1,"This year, we've seen what climate change looks like. This year, we end Arctic oil for good.…",925685989812686848
1,In —a new Lancet report shows that climate change is already having a bad effect on global health,925758182722555905
0,"Humans didn't seek to cause climate change, did we?",925774568635142151
1,Bro how do some people really not believe in global warming,925834081140477952
1,"How fitting, in your #Trump disneyesque “there is no climate change”. US / Syria only countri…",925837925127983104
0,"Check out our three new #postdoc opportunities! Food waste, climate change, natural disasters, and health.…",925859815250939905
0,If global warming isnt real then why does 21 savage have a 12 car garage but only have 6 cars? Makes you think,925871066609782785
0,Don’t care if it’s not quite cold enough. It’s November and I won’t let global warming ruin coat and scarf season,925888322328600576
1,Greenpeace: Are governments meeting their pledges needed to prevent dangerous global warming? …,925921567216979968
1,"Unless we take action on climate change, future generations will be roasted, toasted, fried & grilled'. -C.Lagarde…",925941393973022720
1,How global warming is like nuclear war: both catastrophic and easy to prevent if Trump removed via,925963438811111425
1,A call to action-The Lancet Countdown on health and climate change -,925963515063566336
1,The impact of climate change on agriculture could result in problems with food security'. -Ian Pearson…,925963554859216896
1,“Thankfully we have state-level leaders who recognize the urgency of climate change and are willing to take action.…,925967457235415040
1,The poor and elderly are most threatened by worsening climate change.,925985384529580032
1,Combating climate change is way more important than protecting damaging jobs,925995396194820096
1,Author and radio host suggests we've already lost the climate change war. Read the blog by Steve McEllistrem.,926057907057250304
0,the next thing yall gonna start blaming us for is global warming,926079422058266624
0,Serious?? Will the climate change team also address how the state derives revenue from (taxes) renewables? #akleg,926090983770505216
0,weRE cuddling N he's telling me how the island he's from should incorporate green tech to mitigate climate change SCORPIO SZN POWER REAL,926114069077041157
1,'Clean coal' dude? That's so retro of you. It's the largest contributor to global warming. Oh wait…,926120183541805057
-1,its not climate change its gullible unrealistic suicidal countries with open borders,926142352309276672
1,I believe in climate change but the only way to fix it is to reduce our global population. Otherwise we are fucked. 1/2,926193966088724480
1,"Today, we launched our latest beer. A call to arms for action against climate change. Lets Make Earth Great Again.…",926204551291703296
0,"You know what's most frustrating about your stance on climate change? The fact that you, as a 62 year old man, will spend far",926217674488553474
1,I 'd be irked if she failed to irk climate change denialists. Does that solve your problem?,926224008957247489
1,"He’s right: if we go extinct from climate change, there won’t be any sexual assault. Problem solved",926229156928598018
1,You think global warming doesn't have an effect on polar bears? Think again.,926236336239071233
-1,We’re coming out of an ice age- climate is definitely changing regardless of humans. Stop saying global warming is fake. #M…,926254730657005568
1,Debate on climate change about to start. Is individual apathy the greatest threat to climate change?,926331479344291842
-1,She's mocking those of us who don't abide by the 'science is settled on climate change' like all Liberals do,926345537950851072
0,"Sometimes, amongst all the angry posts, politics, global warming, and stress, you just need a picture of a mouse sl…",926366190733283329
1,"Running from climate change is not an option. We need to go into the empty regions and plant trees, irrigate with s…",926366265261817856
0,"7 out of 9 Government Reports are so massive they are changing the earth's gravity, creating global warming and pe…",926382462149656576
1,ppl are reacting on whatsapp down as if its a major problem like global warming ;)) #WhatsAppDown,926384806270603264
1,We are now on course for 3ºC of global warming. This is what the world could look like if that happens:,926461551695065088
1,Wouldn't it be great to have a VP again who knows climate change isn't…,926470543632748544
0,"in theory he cares about climate change, and to be fair a lot of his donations are meant to build pol…",926483577767899136
1,DBQ thrash out! Sts are passionately arguing about the consequences of climate change! #gowolves…,926509393067282432
0,"Trump Admin allowed the release of sweeping report which concludes that climate change is real. Wait, what? #maddow",926524341583532033
1,Donald Trump used to say climate change is a hoax. The government just confirmed it isn't,926542850107543554
1,TIME 'Donald Trump used to say climate change is a hoax. The government just confirmed it isn't,926542870781276161
1,Just use this handy chart to see which major cities will be flooded thanks to climate change ,926554862300663808
0,"Delikado pag nagkakalagnat ako, lumalala ang global warming. Sorry in advance sa mga polar bear at penguin.",926574200608899073
1,The effects of climate change “are no longer subtle. They are upon us.” #DefendClimate,926601093680943104
1,Fighting climate change means protecting forests. #BhutanforLife is an innovative effort to do just that. #COP23…,929440308135432192
0,The Mekong River with Sue Perkins crid:241anb ... lying 'and incredibly vulnerable to climate change. 'The sea level is rising ...,929456833911230464
1,"#COP23 The equation is simple 'Less biodiversity, more climate change impacts' Karin Zaunberger",929523115448721408
-1,"let me reiterate the climate change thing: though the earth is tilted at an axis where we are warming up (again, ea…",929640476520648705
1,Want to slow climate change and prevent wildfires? Then pass a carbon tax now #ActOnClimate #ClimateChange #tfb #f…,929656843328282624
1,HOT: Time for global action: an optimised cooperative approach towards effective climate change mitigation…,929678927513243648
1,Brid Smith TD getting to the root of climate change and how to truly stop it!,929692115155738625
0,"Beating global warming, Puerto Rico blackout, and eight other stories you might have missed #BlackManGreenPlan",929703222075428864
1,Our sustainability crisis didn't start and doesn't stop at climate change,929731565738971140
1,summary: we're screwed if we don't stop global warming 'Every scientist contacted by Nat…,929738768801845249
1,There was an entire department for energy + climate change which May shut down and hid away in BEIS.,929758118514479105
1,“with climate change in particular — the gravest of the problems we face — time is the one thing we don’t have. It’…,929765257450532865
0,"If we just make a huge hydroflask and put the polar ice caps in it, global warming will not be a problem",929814260166705152
1,Horrible to see the coral reefs affected by global warming #blueplanet,929814275195113478
1,"If we can’t convince the gov’t on climate change from the top down, we’ll win this from the bottom up.",929842164246437889
-1,The Paris Climate Accord is a scam hiding behind the most overexaggerated epidemic ever (climate change). If you lo…,929854958077231105
1,"Jerry Brown: How to beat Donald Trump on climate change: … climate action, because we know…",929921169876283392
1,"Thawing permafrost may release carbon and methane, contributing to further global warming... #RT",929927170201448448
0,If global warming isn’t real then why did club penguin shut down,929936387167617025
1,"Today started with an icy swim here in Antarctica, and later I will be talking about climate change with world lead…",929978573926084608
0,Director General spending some time in #Rome with the Pope a global advocate for climate change.…,929978579135238145
-1,Why are all these looney liberal left so frigging fat. Every time they fart they cause more global warming than 100…,929990665244692483
1,God sent the floods to remind your stupid asses that climate change is worsening and our unwillingness to create ad…,930079020414205953
1,Great to see FIJI highlighting the cost of climate change for vulnerable nations at #COP23,930096493620469760
1,Moral values influence level of climate change action,930179910966087680
-1,Owning the libs and their “global warming” fake news by drinking the mercury out of all my thermometers.,930179929731366912
1,"Exactly. I'm a believer I global warming but not everything is caused by it. Hurricanes are complicated things, are…",930263952000462849
1,The scientists who waffle on this subject are the same who want people to think climate change is a hoax,930290118975356930
1,Can thousands of people convince world leaders to take climate change seriously?,930318865652838400
1,"This government's major planning reforms don't even mention climate change, what a joke",930328859743993856
1,Super relevant for the ongoing Review of Australia's climate change policies,930332425883807744
1,I love that it we're in November and it still feels like Winter. *ignores all the signs of climate change and an obviously dying planet*,930346426906959874
1,to pledge that the risks posed by climate change will be factored into economic forecasts under a…,930349831851098113
1,"'It’s time to give up climate change, it’s bad for our health’. And usually it’s not those who created the problem…",930386222320627712
1,"We all have to work to tackle climate change. Here's a reminder of our progress from #ClimateChangeWeek, but we hav…",930386223029542912
1,"If we convince the alt-right that oil companies are pulling ads off Fox News, maybe we can stop climate change.",930386333989777408
1,"PTI vows to aware the masses , imperative for us to realise the importance of global warming and grow trees !…",930394495677534209
1,Why do people doubt climate change when evidence points the other way? Daniel Kahneman explains. #NobelPerspectives,930394510374391808
1,"'We want Trump to acknowledge the science, there is no longer a debate on climate change' - Marshall Islands…",930478591816507392
1,“America’s pledge is that we are #StillIn the fight against climate change!” -,930480392142049280
1,Billion trees planted in KPK...!! Imran Khan took up the issue of climate change and then successfully implemented…,930494457933377537
1,ajplus: The Trump administration finally showed up a major climate change conference yesterday. They used their pa…,930505144529309698
1,My three messages from Antarctica to : 1. The speed of climate change in the polar regions is unprecedented.…,930537241788796928
-1,"Total Dem bull shit Thete is no man made global climate change, & nothing that Californians can do.…",930539366534979584
0,PopSci: Kicking off our talk on the business of climate change with msnbc alivelshi & popsci joebrown w/novofogo &…,930588942679838721
1,'The impact of climate change on agriculture could result in problems with food security'. -Ian Pearson…,930663631158677504
0,New D-paper: Stalagmite-inferred abrupt climate change of Asian Summer Monsoon at MIS 5a/4 transition,930686614078095360
1,Proud to discuss solutions to the challenges of climate change at #COP23 Small islands and coastal states are in fr…,930688650865672192
1,"Learn about the development of Y02, the new classification scheme for climate change mitigation technologies…",930754319024115712
1,Donald Trump's climate advisor doesn't know the single most important thing about global warming. #ActOnClimate…,930791481740324864
0,'Hamilton' creator Lin-Manuel Miranda announced he's raising money to fight climate change. To which everyone else…,930794192464379904
1,The Democrats face much larger political obstacles to addressing climate change through policy than voters realize.…,930811920378093573
1,Bigotry against indigenous people means we're missing a trick on climate change,930829093758783494
-1,"better the climate change than Merkel, EU, and UN determining our destiny.",930894276577329153
-1,"There's always been climate change. Here in Kentucky, we call it, 'weather' & it changes…",930895980546883584
1,"Counterpoint: overpopulation (leading to climate change, natural resource decimation, other species'…",930901480751730688
1,How the shipping industry bullied its way out of doing anything to fight climate change,930933316919771136
1,"My message to world leaders today in Bonn: against climate change, we must go further and faster together.…",930988011969531905
1,"RT : My message to world leaders today in Bonn: against climate change, we must go further a…",931022720153804800
0,seems strange to talk climate change in freezing air conditioning which won't be switched off to turned down in November,931045470356541440
-1,"Personally I too believe in climate change. The climate has, is and always will change. Not the annihilation of the…",931072902950141952
1,So here are the 12 most important things we are supposed to be doing to avoid the worst of climate change. I...,931121840231190528
1,"If we want the world to understand the threat of climate change, we must explain the links between climate, polluti…",931136073148837888
1,Projects like #4per1000 show that there is real hope to mitigate climate change through investing in soil health >…,931139817773129729
1,Flying into Christmas Island showed me the scary reality of climate change. The aerial view is stunning but it’s ea…,931196285226450950
1,"Is this a sign of the slowly turning tide on climate change? At #COP23, twenty countries and two US states have joi…",931210661987803138
0,Our latest survey finding: Worry about global warming has reached a record high …,931210722142511107
1,Natural systems like wetlands and native forests are important defences against climate change. Better to have more…,931218362402725895
1,Underground cities and colonies due ozone destruction and cataclysmic climate change #FutureGenerationProblems,931259245936435201
1,Labor are the only ones who can really stop this and be taken more seriously on climate change of the two majors.,931262829620903937
0,"Seeley says he doesn't plan to shut up about climate change in retirement. Did anyone really think he would? Congrats, Mark.",931279877009035265
0,Thank god 4 artic air. But isnt wild how they got a road there now. Due to global warming,931289953350254593
0,A (slightly) softer tone on climate change from a Trump official at the United Nations climate talks in Bonn,931295612087230464
1,How do you talk to people about climate change? Researchers found that some messages are more effective than others…,931313432846127105
1,"Trump’s worldview is one in the same: ignore climate change, burn more coal, shoot all large animals, leave the world on…",931332123801391104
1,"#China making good use of science & technology to tackle climate change with satellites, NEVs, clean energy the hig…",931428946154942464
1,"First the wall, then global warming... now this. Don’t you bloody dare touch this dude’s tusks. https:/…",931505412763017216
0,3 things we learned at this week's U.N. climate change meeting: It's not clear who can… #fb,931514560854544385
1,Map of Climate Shame reveals most of world doesn’t fight climate change via,931514604580155392
1,Coral reefs have been hit particularly hard by climate change and ocean acidification. But there is still hope.…,931522601733771264
0,I’d be happy if it wasn’t bc climate change,931536340927352832
1,After climate change #plasticpollution is the biggest global problem we face.,931558816461844481
1,“We know we can get our resources to market more safely and responsibly while meeting our climate change goals.” -…,931573151410147329
1,This is a big deal. Really happy to see such strong leadership on climate change in Virginia.,931658169134338048
-1,We are all being pranked by these carpet bagging climate change fascists - Skeptic pranks Greenpeace at UN Climate…,931664348874932224
0,The Church can lead the 'climate change' issue with greater wisdom ....,931664356852600832
-1,"Your continuing use of 'climate change denier' is disgraceful. My late father-in-law, who survived Mauthausen, kne…",931701020882649088
1,"The same unreasoning, tribal loyalty that explains the cultish devotion to climate change denialism in the face of…",931725113606705153
1,How to transform apocalypse fatigue into action on global warming | Per Espen Stoknes,931764712097935362
0,Centrism is hating antifa supersoldiers but also contemplating exactly when climate change is acceptable,931797413567791104
1,I'm at the #Skepticon today. is presenting how easily we could stop global warming if our p…,931854719051554817
1,And people still wanna say climate change isn’t real.,931864308698505216
1,The secret strategy of Brazilian cities to fight climate change & improve urban water quality: trees.…,931864424712781824
1,Protecting us all from climate change not a crime. On the #climatetrial of via…,931891462022688768
1,"You might not believe in climate change, but climate change believes in you. #WakeUp #GodLovesThisWorld #BeStewards",931893179284115456
0,The poor pay for climate change via taxes on energy that hit them the hardest because it represents more of their i…,931919201425555463
0,Lukaku has learnt from Zlatan how to score irrelevant goals then open hand like he found the solution to global warming  ,931999516806537217
1,Opinion: Anthony Doerr: We Were Warned - 25 years ago scientists raised the threat of climate change. Did I act immediately and decisive...,932001290842001409
1,"Just a reminder: man-made climate change is real, the only scientists that disagree have ties to the fossil fuel i…",932001336715108352
1,"'However much Trump wants to take us backward on climate change, the rest of the world — and the rest of the U.S. —…",932013640273809408
1,'Traditional lifestyles in the Arctic could be at risk from climate change'. -ACIA,932131763689807872
1,"In the Budget, the Tories could do what the next Labour Government will and put climate change at the very centre o…",932175611044429829
0, #GERMANY #Merkel declaring that “climate change is an issue determining our destiny as mankind” AND WHAT ABOUT…,932203610221547520
1,Why Merkel's position on climate change is in reality no different from Trump's,932219326689677313
1,'The killings are not ethnic-related but we attribute it climate change. There is unprece…,932223107267403777
-1,"The global warming scam is starting to collapse, due to not financing it. https…",932228438965960705
1,Imagine our mother earth as the Titanic who has hit the iceberg of climate change. We have only 1 hour more above sea. What would you do?,932238470155665408
-1,"Q: what do you do for a living? A: I fight climate change. Q: no, seriously, what do you do for a living? A: I trav…",932310655352291328
1,“Is there any greater act of inter-generational theft than failing to act on climate change?” -Jordan Steele-John …,932382026711187456
1,"He's also a known climate change denier, voted against us being a sanctuary city, votes against multicultural initi…",932457536426360833
1,"Is it possible to reverse global warming by 2050? Yes, it is!! I made a video for challenge, based…",932477068914208768
1,Those most affected by climate change 'lead the most low-consumptive lifestyles anywhere on the plane…,932496843820298240
0,I LOVE STANLEY ‘what’s your take on global warming?’ #ImACeleb2017,932726564705505280
0,“can you give an example subject matter of one of your vlogs? would you for example do a vlog on global warming?” I CRI…,932728289789140994
1,"logikblok: It's a good move overall diversifying investments as well as combating climate change, but it's still in…",932885109740654593
1,Biggest good news story on tackling climate change at the moment is China #postcop23,932937266141499392
1,Greenhouse gases must be scrubbed from the air: Cutting emissions will not be enough to keep global warming in check,932955137630441472
1,Help us spread the message that #trees are one of the most powerful tools we have for fighting climate change.…,932965906615095296
1,"Heartbreaking comment @ this wk’s UN talks, reflecting despair of island nations re climate change: “I’m anxious &…",932993717031591942
1,Those who claim we can’t tackle climate change and support working people are just playing politics with thousands…,933161304855945216
1,"Human efforts to reverse climate change could DESTROY the planet in catastrophic backfire, scientists warn",933164512924110848
0,Fleming is quoted in “The geoengineering debate: Can imitating volcanic eruptions combat climate change?” by Rich H…,933180516890640384
1,We think our podcast answering common climate change questions may be of interest to you! Hope you'll c…,933219746207686656
1,Can respectfully convince Tangier Island that climate change is real before it swallows them? Produce…,933242060324397056
0,Yes he is supporting climate change.,933321712753631232
1,“The need for urgent action to address climate change is now indisputable.” — National Academy of Science #ClimateWednes…,933350868568637440
1,This hypnotizing animation shows the incredible trend of global warming via,933408372929564677
1,Sweet paper! Cross continental increase in #methane ebullition under #climate change!,933453902149750784
1,Sigh.....America should be leading actions to deal with climate change,933507286579888128
0,Climatologists now believe global warming was dangerously accelerated by the Hall and Oates H2O album cover.,933520265144913920
1,"Sure and you believe Roy Moore , and there are “good people on. It’s sides” and climate change is…",933552696581328896
1,12. The conservatives are trying to discredit academic consensus in the exact way climate change deniers are doing.…,933578232900739073
1,THANKSGIVING GAME: nobody gets pie until you go around the table & everyone has to say 'climate change is real',933599543165423617
0,"Why is Adelaide acting like it’s QLD all the time, I miss dry heat fuck u climate change retire bitch",933619174483439617
0,I believe that the real problem in this world is not climate change; the real problem is us because of our ignoranc…,933716460098134016
1,"We are fighting for climate change policy, to protect the ESA & more! Donate today & your gift will be matched 2x.",933749715618881536
1,"Sure, climate change matters to us here on dry land but the oceans - they're so big, they'll be fine, right? Our la…",933781152644640769
1,Ocean acidification: climate change's evil twin,933852966678908928
1,How can anyone say climate change is real when a tiny minority of debunked scientists with ties to the fossil fuel indu…,933873409137823749
0,Remember when the calving of the Petermann Glacier was a sure sign of 'global warming'? Never …,933900351371128832
1,"My argument is: fossil fuels contribute to climate change and their use should be limited. Also, they w…",933930415575875584
1,New research exposes the risks of geoengineering to artificially intervene in global warming: It may devastate the…,933993754989543424
0,I remember when CPC called bird watchers “terrorists” for sounding the alarm on climate change. Same with…,934077031880409088
1,I shut down an oil pipeline – because climate change is a ticking bomb | Emily Johnston,934093112737071104
1,The president thinks climate change is a hoax but believes our military has jets with cloaking devices. Invisible fuck…,934114677910536192
0,"America: You don’t have no fight against The Forces of Nature. What you’re seeing isn’t global warming, it’s The Ju…",934128276439797760
0,I blame global warming for this,934130487181770752
0,"BREAKING NEWS!!! French fries fight climate change. Don't eat them for your body, eat them for the PLANET. (Should…",934201907999944704
0,wow Paris Hilton really did end global warming,934307914755350528
1,Asheville asthma forum focuses on resilient solutions to fight climate change (via juice.li),934340079987908609
0,"Nobel Laureate Paul Krugman says climate change is our biggest threat, do you agree? #NobelPerspectives",934367240031473664
1,What will future generations think of our response to climate change? Activists make efforts to document the fight…,934448616198103040
1,"When I am Governor we will make Maryland the capital of #techforgood ! Why? Because fighting cancer, climate change…",934589781065064449
1,"Some think climate change is a huge problem, and some think it doesn’t exist, but who should be responsible for taking action agai…",934703276347535360
1,Imagine: a country where we work together to accomplish great things. Like combatting global warming and colonizing Mars. #…,934723088536649728
1,"JESUS FUCKING CHRIST, GIVE ME STRENGTH Why climate change is creating a new generation of child brides",934805285100752903
0,am i causing global warming?? is zoe a confirmed fan of global warming,934846634290302977
-1,"Not Islam, not backwards culture, climate change is the cause of modern day child brides......CLIMATE CHANGE!",934861161966661632
1,"Thank you for an excellent film festival showcasing the rising impacts of climate change, and its direct…",934863037101518848
1,"When a climate denier posts a link 'debunking' climate change, it's always some weird ass website like",934888703704600577
1,Activists sealed letters in time capsules so future generations will know how they tried to stop climate change.,934975440715788290
1,"The woman who led the world to a global climate change agreement, has a message for Australia: 'You real…",935007785690918913
1,Don't forget energy conversion programs aimed at combating climate change. ;) ;),935023157047644160
1,"•Solving climate change starts with the belief that we can – but we need your help. On #GivingTuesday, help support…",935089190454353920
1,"Luckily you don’t have to worry about healthcare, global warming,being forcefully separated from your family, your…",935097546820739073
0,One of my friends son's entry in a photo contest on impact of climate change. Please like…,935151943231483906
1,DON'T MISS! Today's Daily News Digest - Window closing on turning climate change around. Read in full on Facebook…,935182247292030976
1,Here's a first look at 's work covering climate change's drastic effect on Somalia over the years.…,935218326195855365
1,'Alaska Natives are hit first and hit hardest by global warming and climate change.',935234127036641281
1,"Trump appointed an EPA administrator who doesn't believe in climate change, an Energy Secretary who didn't know wha…",935238755438481408
1,Great Trump is killing trees! The CO2 is really gonna cause global warming now,935291343168995328
1,"Did you know: Illinois farmland, crop yields, and food production are at risk if we don't act on climate change?…",935291348588130304
1,With 3C of global warming our UK coastline will look like this. Peterborough & Cambridge virtually ports HT…,935333688883269633
1,"An eye opening film on climate change #KadviHawa, go watch it now ! Goodluck to & the whole team",935343242475798529
0,There's disagreement between political parties over climate change. Should we ban recycling unti…,935467916853735424
1,if you don’t believe in climate change then ya mom’s a hoe,935566162687070208
1,So how can you help? Support our farmers and organizers working to fight climate change through agroecology this…,935597109088174080
0,Days like this I have no recollection of global warming,935600212063719424
1,Me: i have 7 friends Person: climate change is real bc it's 60 degrees in MI right now we need to protect our earth ht…,935627607722381314
1,"Apparently in response to shareholder activism about, y'know... fossil fuels contributing to climate change, Shell…",935627612793294848
1,Should vote for someone who takes climate change SERIOUSLY,935705060373250048
1,"Are we doomed? Climate Matters newsletter tackles destructive storms, wildfires and climate change",935763599036960768
1,"The longer we wait to tackle climate change and excessive pollution, the heavier the burden we will leave to future…",935767589845917698
1,"For climate change censorship, and an endless amount of other reasons, we have to make this toxic mess a one-and-done a…",935861080915668992
1,"big picture, i know global warming is terrible & there are a ton of consequences that stem from it, but small pictu…",935945233124282369
1,Stand up for all of all of climate change is fighting to stay on the facts—join the functionality of the progress we're making,935976069898915840
1,"If oceans stopped absorbing heat from climate change, life on land would average 122°F - Quartz",936005489887821824
1,"This is the perfect snapshot of our times. While the rich get richer and the earth burns from climate change, a Sen…",936019857249673216
1,Between the prospect of nuclear war and global warming it’s really about to be over for us yall.,936049160570187776
1,"If oceans stopped absorbing heat from climate change, life on land would average 122°F via",936075790545907712
1,"It is such a beautiful day, wow. *ignores the fact that global warming is a thing, a very bad thing at that too* *i…",936146990429286400
1,And some say global warming isn't real,936189981357469696
0,"something so cold, that is scientific evidence of global warming .",936244638301802497
1,Interior's watchdog says climate change is one of the greatest threats facing the department...as Zinke suppresses…,936267165140967425
1,"Climate change researchers, professors, and journalists debated how best to present the severity of climate change…",936330801729495042
0,"An global warming chill for a sec, I want snow!",936380286702641152
1,Just felt an #earthquake in #Brooklyn but global warming is a lie and frakking is good for the earth so ¯\_(ツ)_/¯,936384633276653569
1,"I know things look bleak. An awful president, climate change, overwhelming sexual abuse stories, etc. But they are…",936474595732762624
0,global warming my ass,936660427953721344
1,It's almost as if you can walk AND chew gum at the same time. The world is going to hell in a handbasket AND global warming is real.,936675549078130688
1,Can someone ask to name all the countries that don't believe in climate change?,936696783933259777
1,Our president is a Climate Change Denier who gets his info from FOX News.,936744037880721408
1,The fact that there are climate change deniers living in Miami is beyond me,936830500731211776
1,Scientists thought an Alaskan weather station was broken but nope it was climate change,939750702385000448
1,Heart-breaking video of a starving polar bear on iceless land. This is the reality of climate change in the Arctic.,939761872210944000
0,My heart was an iceberg in Antarctica until you came along and melted it like global warming.,939791013903728640
1,Heartbreaking video of starving human shows stark reality of climate change,939796919420899328
1,this is incredibly difficult but absolutely necessary viewing. climate change is not a debate; it is here and it,939803623613259776
0,Also you can tell which scientists really don't care about 'climate change' because they're fly,939864007925747717
1,Greening the Earth could fight climate change as efficiently as cutting fossil fuels,939867667934179328
1,Can we fix climate change now?,939898426891821056
1,How to fight poverty and climate change online? The 3rdStream wants to represent all bottom-up Smart Landscaping initiatives,939913638491709440
1,Polar bears are starving to death due to the effects of climate change. Please do what you can by spreading the wo,939921122853765120
1,accepting the reality of climate change is the first step we must now focus on solutions Rich,939923909360615424
1,When these creatures suffer because of our ignorance there is no forgiveness... No global warming you say?,939973350364995585
-1,Kook! We all believe in climate change you idiot! We just don't think YOU can change it!!,939988767447896064
0,If global warming is real then why is my heart so cold?,940030001981689859
0,The US sermonises the world about climate change but comes across as a total bozo when it comes to fighting wildfi,940042193351221248
-1,Jerry Brown thinks that President Trump caused the fires in California climate change may be real but it takes 100,940042233088057346
1,This destroys me climate change is real,940047659812798465
1,When future generations wonder what we did when climate change was being locked in for millennia Twitter records w,940067489559359493
-1,Democrats in Congress believe in global warming and also believe Guam will tip over due to the weight of US soldie,940067510627352578
1,We don't usually approve of tug-at-the-heartstrings videos but is there a better way of showing what climate change,940128423397146626
-1,Every-time I hear 'human rights' or 'global warming' I know it's a resource-grab for work-shy comm,940139047405735936
1,It doesn't have to end like this but we must act fast and with unprecedented resolve to tackle climate change and c,940142705992114176
1,DG Ahmad Goni further emphasized that climate change has aggravated the problems of land degradation drought and d,940149909566697472
1,and it's meant to be winter but this whole climate change business is true as we've finally realized.,940161071960145921
1,People talk about global warming & happily mention coal. Mention 3 trillion animals killed every year one of the m,940191703985569793
-1,POPE needs to stop criticizing Trump for phony global warming bullshit & get back to doing his job Trump Cares more,940200817646297089
1,Women are key players in the fight against climate change. [Today] at 5pm I will open the 'Ma,940210236471808005
1,Economists/scientists are literally saying economic inequality & climate change are epic crises and Congress is pu,940219864114958336
1,Trump doesn't care about climate change. But a new study explains why the business community should.,940233619343364096
1,Except Trump who mainstreamed the birtherism lie said China invented climate change peddled bogus voter fraud li,940353266944114688
-1,I thought the 'progressive' leftists didn't believe in God and climate change was supposed to be 'man-made'... Did,940358045334495234
0,If not for global warming no being would ever get old get sick or die. Buddha got this one completely wrong fam,940361707599392770
-1,Jerry Brown said that if Trump truly feared God he would believe in climate change. And if liberals truly feared,940397677174456320
1,France names winners of anti-Trump climate change grants ...At least there is some leadership left in the world Ha,940419050206842880
0,Is global warming real,940426917580128256
-1,Hey nerds answer this. if global warming is warming up the planet how comes it still gets cold?,940476496673755136
-1,Thanks to the Greens/ALP climate change policy,940480401058938880
0,the camp camp holiday special got so real about climate change omg,940484270878896128
1,hey gamers.,, if we dont do something about climate change the whoel worlds gonna be a water level. and thats no good,940490498921455617
1,As world leaders meet in Berlin to talk about climate change - what steps do you think they,940500829974487040
0,Miss ko na yung elementary moment na walang pang global warming tapos malamig sa umaga at masarap pang magbilad sa,940502888115138560
1,This is so sad.. And people say there's no such thing as global warming.,940514553078734848
1,Tackling climate change and mitigating its effects for the world’s poorest are among the most critical challenges t,940516513970376704
1,Video of Starving Polar Bear ‘Rips Your Heart Out of Your Chest’ It's what climate change looks li,940518597738287105
1,'We must get better at communicating the realities of climate change to the public' - Mary Robinson,940520477134598144
1,Theresa May: It’s Britain’s duty to help nations hit by climate change like so much else sh,940538947079495680
1,Minister : The #KigaliAmendment a significant action on climate change is the result of successful co,940547469196263424
1,That’s my point. Addressing climate change “saves” both.,940561297867005953
1,More money required and a hope will return to the Paris Agreement on tackling climate change. Eamon Ryan of,940570145168207872
1,It’s Britain’s duty to help nations hit by climate change - that’s why I’m in Paris today with for,940577678700285955
-1,Scientist faces criminal charges because climate change alarmists didn’t like his work via,940600352818253824
1,Donald Trump's reckless actions are making the world less safe and setting back global action on climate change. W,940642580831789057
1,Good thing the Trump administration is working hard to combat climate change. Oh wait... #WeAreScrewed,940663063765770240
1,97% of scientists believe in global warming Fox news: let's go ahead and believe the 3%,940681446280265728
0,The hypothesis of man-made global warming says that when humans burn fossil fuels the resulting greenhouse gases i,940685263335854080
1,Why you should avoid listening to climate change denying scientists. Example one.,940702895602679808
1,From dawn till dusk at the #OnePlanetSummit. The EU is in the lead in the fight against climate change. Proud to br,940746531409416192
1,I’m in Paris for the big meeting on climate change hosted by President Macron. The good news is that there’s a lot,940752078066077698
1,get in loser we're saving the environment and ending global warming,940760941096030213
1,The #Under2Coalition represents nearly 40% of global economy critical to addressing climate change - Governor Brown at th,940879890773086208
0,THIS JUST IN: vape cLOUD cold therefore vape to solve global warming.,940895520339447808
0,Since 2002 the media coverage of climate change has been 8x greater than the coverage for #biodiversity! Why? What,940911666283405312
1,Climate change killed this polar bear. Animal agriculture is one of the single biggest causes of climate change. Pl,940960338975035392
0,Can this whole global warming thing happen already niggas cold,940971467935748096
0,johnny: girls are hot johnny: guys are hot johnny: why is everyone so hot mark: global warming,940977141675692032
1,We can solve global warming through the power of choice:The diet that helps fight climate change vi,941001445993734144
1,Wind energy is supposed to help fight climate change. It turns out climate change is fighting back.: A changing cli,941012625134981120
1,If you guarantee you keep religious promotion OUT of taxpayer funded schools and evolution/climate change,941012633708195840
1,Since the #ParisAgreement we’ve seen a 76% rise in companies committing to bold action on climate change #OnePlanet,941052143850618882
1,I’m struggling to understand why climate change is being questioned wake up people look at the evidence.,941069339255562243
1,“This is a very important result because it highlights the many negative impacts of climate change” -Dan Kammen in,941089128380321798
1,if y'all can't deal with real sh*t such as climate change net neutrality lgbt and women's rights etc. please unfollow me,941109638237474816
0,im just remembering having a crisis i had about global warming that i had in the like the fourth grade i havent changed,941199795292536837
1,Article on spatial mismatch between species as well as temporal mismatch due to climate change. Species find thei,941215709190868992
1,What made Hurricane Harvey’s record rainfall so bad? New studies say yes it was climate change.,941218038736736262
1,Not just heat: even our spring frosts can bear the fingerprint of climate change,941231833521446912
1,IMPORTANT: voters climate change is coming to get you & Trump is its henchman.,941268924884283393
1,Climate scientist recommends the best books on climate change and uncertainty via,941280462236016641
1,I agree global warming/climate change will increase the number of refugees. The world will,941335815162073089
0,Not dissimilar to how climate change will turn the Northern Hemisphere into more of,941400826781863936
1,trump is the president of the united states global warming is real robots are about to end us all net neutrality is,941424555524083717
0,maybe just a graph woulda been easier? ... a little more climate change frien- *escorted away into abyss by secret,941442519157571585
1,You may think: 'we don't know how much global warming is down to humans'. BUT climate research CAN estimate how muc,941506991066894337
0,This shows what a farce 's climate change policy is. Spending billions on what? #auspol,941510732306247680
0,If Dinosur alive climate change not effected,941518404137054208
0,You can pay $900 for a robot that won’t admit climate change is real,941590179411841024
1,China is the acid-test for a technology that could save the world from catastrophic climate change | #China #RTGWorld,941617132252606464
1,Analysis: Why scientists think 100% of global warming is due to humans |,941627509241769985
1,Thought if the day: if you’re worried about global warming and still eat meat and/or dairy you’re an idiot.,941631732054446085
1,I appreciate the positivitybut that's not gonna stop global warming.,941659528721965057
0,Cooking fire at a homeless encampment sparked LA’s inferno #CulturalChange Not climate change IS The Real Threat,941686447257526273
0,I just finished my global warming assignment and now I’m treating myself to some Netflix.. while I still have overdue work,941694131524521984
1,'Americans have been fighting climate change with our forks. As a nation we have been increasingly eating less bee,941715867494178816
0,Interested to know the burning climate change related questions of the youth? Follow #cigigyf tomorrow as,941728630056587264
1,Human beings are responsible for climate change.' Not just 'human beings' but particular human beings. Hint: not indigenous ones.,941784909659693056
0,Fox wants Mueller's FBI team investigated. Most believe in global warming several believe in evolution and report,941787993936818177
1,#IfSnowmenCouldTalk They would ask us to do better at stopping global warming. #SaveThePlanet,941803126016929792
1,This is unacceptable. Polar bears and other wildlife are already dying because of global warming. Stop destroying o,941803146946449408
1,This 12-year-old boy wants you to know that climate change is real. Rising temperatures are destroying his island.,941843975509389312
1,I guess it's up to us to talk about what climate change is doing to joshua trees. Climate change is r,941860648383926272
1,Excellent short video for a lecture on global warming and it's root cause.,941871317195862021
1,"Without action on climate change, say goodbye to polar bears",941904912245440512
1,We have the tools to fight climate change. It’s time to start using them,941906602386276352
1,here's our strategy to adaptation and mitigation of those negative effect of climate change,941912284745682944
1,Why is the man who believes: - climate change is a hoax - vaccines cause autism - cat 5 hurricanes don't exist - O,941919903665262592
0,Is this the face of climate change - or is there more to the story?,941932253629775872
-1,If government funded global cooling research instead of global warming research graphs would show cooling -,941996928824430592
0,Is God hastening global warming because more people are becoming nonbelievers..?,941998757742305280
1,We're a step away from banning 'global warming' 'right to an attorney' 'right to vote' and 'net neutrality'. Oh w,942014554640388096
0,I wasn't prohibited from using 'climate change' when I worked for a federal science agency (during the Obama era),942034385725022209
1,As we collaborate to protect our resources from vulnerability to climate change it's easy to get lost in the nuts,942071654145863680
1,The desert southwest is expected to see dramatic effects from climate change (increased heat drought insect outbr,942085196488196096
1,Because has banned state agencies from even using the term 'climate change' our infras,942104549858390019
0,Don’t fret so much. You’ll die from climate change before it affects you anyway.,942113001498382336
1,This is roughly as dumb as saying climate change isn’t real every time it snows.,942127845131694080
1,"If you think climate change is a hoax or a lie, you've failed as a citizen /11",942146469661986816
1,'Make Our Planet Great Again' winners show that the world is moving ahead to #ActOnClimate. Denying climate change,942161406379675648
0,Those are banned words at the State Dept along with human rights free trade and climate change.,942208847812481026
1,44% of honey bee colonies died last year due to climate change & pesticides. When bees die we die.,942233727245193216
-1,SIMPLE EXPLANATION: Rahm Emanuel is more focused on 'climate change' than dead citizens.,942256799213936640
1,Also the whole song is a denial of climate change science,942356370657107968
1,Wow - 25% of #climate change is attributed to individual food choices. Read how your diet can have positive impact!,942364694165315584
0,Remember that fascism has a vested interest in climate change. More scarcity poverty desperation refugees. More,942415740036112384
1,It’s easy for some people to tune out the impacts of a warming planet. That’s why Climate Central works with TV wea,942424923011723266
0,Everyone knows climate change is real... After all we used to be covered by glaciers. Mother nature doing what sh,942442676791558147
1,Tens of thousands of insects are being killed off due to climate change insecticides and rampant deforestation.,942468481370460161
1,The fact that I can wear a rolled up flannel in december proves global warming is real,942514405094449152
1,THIS: If truly believes that climate change is an 'existential crisis' (and it is) he needs to take,942633282151182336
1,The government is setting up an interim climate change committee to help meet its promise to make New Zealand carbo,942650100504961025
1,This is how climate change will be reported. As cities territories nations are broken back to (literal) dark ages,942651937375342593
1,Is the most reluctant government in the OECD to take on climate change about to face reality?,942674605130465280
1,I think stopping negative gearing supporting renewables and resisting climate change plus cutting uni.,942687799265804288
0,13. it's about hsj being the reason why there's global warming with moonie lol,942687839916978176
1,Please RT When you thought it couldn’t get worse... The Trump administration will drop climate change from a,942708738422722560
1,Trump will drop climate change from US National Security Strategy - And We're All Going To Die,942720431597019136
1,Ignoring #climate change in the National Security Strategy would be like Lincoln ignoring slavery as a threat to th,942828230599499777
-1,Extreme weather events can still be dealt without having to buy into phony climate change rhetoric. In fac,942829259155894272
1,With 2017 drawing to a close we've taken a look back at 12 months of breakthrough progress on climate change. Read our,942872941485871104
1,Trump removing climate change from list of national security threats. He is on a mission to sacrifice our planet to the fossil,942874806332133376
-1,Probably because only a moron would believe climate change is a national security issue.,942876788732121088
1,I trust the generals and admirals that have repeatedly called climate change a threat accelerant or multiplier....,942882397086994432
0,I got news today that was so awesome it made me forget about global warming and now I know what it was like to be a,942928318310920192
1,I don’t think I heard him mention climate change or cyber hacking of our elections as national security c,942938883360198656
1,While the #US is no longer leading the world against #climate change state and local efforts aimed at helping stab,942964380538322944
0,Trump just dropped climate change as a national security threat. I’m not sure if this was the right move or not s,942992347331211270
0,Sometimes I am asked what I think about climate change skeptics as a professional scientist. This article is a goo,943103871760683008
1,Question to Congress: Is climate change real? Congress answers: Not now we're debating a $81B disaster package.,943150956715397123
1,A *must* read on the nexus of migration and climate change by :  .,943209366533971968
0,EXCLUSIVE FULL EPISODE PREVIEW: Investigate climate change with   ,943271964780777475
1,BHP to leave World Coal Association in support of climate change action,943371520369397760
1,As climate change fuels large wildfires the pollution they're releasing is making Americans sick and undermining decad,943419524195512320
1,#Climatechange could wipe some Pacific countries off the map. People displaced by climate change deserve safe dignified migrati,943570743438270465
0,Trump just dropped climate change as a national security threat. I’m not sure if this was the right move or not since,943720992228208641
0,Looks likely is gonna be $10k richer after his bet on global warming. Me4 #climate,943745386212155392
0,#Brexit is patriotic they say. So it's fine that foreigners interfere too get #Brexit! Australian climate change-denier,943772904029937664
1,Many businesses are failing to consider climate change resilience measures despite expecting impacts. Via,943783104207917057
1,A sobering read about the direct impacts of the climate crisis we're all in. For one to say climate change is not real or,943811827074523136
1,I’m sorry but with all this damn climate change it’s 68 outside in the state of Alabama so there will be no bundli,943847877377478656
1,'Unmitigated climate change could undermine public health gains of last 50 years' - Conservative peer Baroness Redfern https:,943850874727788544
1,There is a great gap between the rhetoric of the tory government on climate change and the reality,943882772032184320
0,“...in the original application he (trump) cited global warming and rising seas as a reason for needing the wall.”,943910495119134720
0,Snowflakes melting at alarming rate global warming proven,943936737507790850
1,3. These changes especially higher food production on less land will help reduce climate change. But even if climate change w,943948045774811136
1,Time and again the petroleum industry has used its political might to stymie global action on climate change. Now,943956873677504514
1,#Climatechange is a threat multiplier. Read more from about the complex relationships between climate change and hum,943958285870186496
1,Scientists think climate change is to blame for US’s unprecedented natural disasters. Here is why,944020941293711361
1, join . We can't win the war against climate change alone. #DiCaprioForWePower,944066745169461248
1,I’m not going to get a white Christmas and um...not mad just disappointed our government doesn’t believe in climate change,944076853505134592
1,The industry of climate change denial and a warm Alaskan winter - Minnesota Public Radio News,944078461445877760
1,Did you discuss climate change at the retreat ? That is one of the most pressing environmental issues that,944144109211660288
1,The primary grounds for concern relate to the consequences these physical changes of climate change will have for societal de,944155597926227968
1,#ClimateChange is one of the most urgent threats to our  today & it’s going to take everyone to help change climate change. htt,944191534995566592
1,We cannot wait any longer to act on climate change. The National Oceanic and Atmospheric Administration (NOAA) has found th,944252526928347136
0,White walker made climate change is real.,944258314493362177
1,The National Park Service has scrubbed 92 documents about climate change from its website. If you think this is OK you,944260048200626177
1,California is spending billions to protect the millions at risk of a megaflood but thanks to climate change it’s,944271638383808518
0,This is what global warming would do to the 'Game of Thrones' planet,944293076528398337
0,Saying 'global warming my ass' when it's under 50 degrees,944304260279398402
1,Trump really is building a wall . . . . . . . . . to protect his golf course from climate change,944311831660777473
0,Commentary on climate change? I see you .,944325769509134342
1,327 toxic Superfund sites in climate change flooding bulls-eyes: “We place the things that are most dangerous in sacrifice,944329399750492161
1,The effects of global warming had been thought to help reindeer but more rain and therefore ice threatens them https:/,944394074337042432
0,This song was so fire that it was forbidden to be released due to global warming,944410624024612865
1,So solutions to climate change are possible affordable sustainable desirable... if only politics didn’t get in the way,944413055231836160
-1,More fabulous news! More faux scientist who damaged the US economy and supported the fiction of 'man-made climate change,944453890405154816
1,Our new article 'Re-thinking the present: The role of a historical focus in climate change adaptation research' is now,944538634480472064
0,Purchased: Important for discussing climate change: Facing Gaia: Eight Lectures on the New Climatic Regime by Bruno,944595061102338048
1,I’m optimistic we can stop climate change and help those who are being hurt the most by it—all while meeting the world’s ene,944624483125489664
-1,This is because of global warming. They told us warming makes it colder,944628249518313476
0,boy: why ru so hot me: uh global warming,944637747779850241
1,Here are 5 U.S. cities that are taking innovative action on climate change:   #Cities4Climate htt,944811585654046720
1,Dear  join WePower in our cause for the green energy revolution! We can't win the war against climate change alo,944815605743357953
-1,Dear Santa this year for Christmas please bring Al suitable attire. The climate change emperor has no clothes | #Red,944838682699280384
1,A military base hidden under ice the US thought would never be found is being exposed due to global warming,944873380733386754
1,“It’s not the heat that kills you it’s the humidity” will become morbidly true with climate change,944891253690458112