1,3 Ways Climate Change Impacts Our Pets -
0,"Romney is the big conservative. He believes in Global Warming, open borders, amnesty, etc."
0,Rick's Rant - Proportional Representation via 'its like Darth Vader meeting Ewoks to fight climate change”
-1,Are Environmentalism and Global Warming Effectively Religious Socialism?
1,#FeelTheBern at the polls so the earth doesn't have to feel the burn in its climate! Join the #PoliticalRevolution
1,While you argue who should be Nina Simone this is what's goin on in the world. Polar bears dying from climate change
1,YOU NEED THE EPA CLIMATE CHANGE IS FUCKING REAL STOP FUCKING DENYING IT. GOD FUCKING DAMMIT.
0,found on #fastcompany: This Weather Station On A Bike Records Climate Change At The Local Level
1,"Let Look at Global Warming Potential next College of Energy ,Environment &amp; Sustainability; Petrol,Diesel Morning i discussed a lot ,just"
1,Trump thinks global warming is a hoax perpetrated by the CHINESE! Wtf?!
1,My view on: We Can't Rely On Market Forces Alone To Fix Climate Change
1,Amazing how many idiots have not one clue about climate change. It's very sad and dangerous.
1,Will biggest danger from global warming be the change in diets?
1,February just set an absolutely shocking new record for global warming
1,#Bernie2016: $15 Min. Wage Medicare For All Stop Climate Change Free College Legalize Marijuana #KSCaucus #NECaucus
1,"It's so warm that snow has to be shipped in for the Iditarod, Alaska's annual dog sled race. Thanks climate change."
0,get you a man who can stop global warming
1,The Fight To Hear Debate Questions On #Climate Change In A State Struggling With Sea Level Rise via
1,"NEW: #Water, #climate change and peace: Lessons from 3 years in #Colombia"
1,Millions of the world’s poorest are farmers. They will be hit hardest by climate change
1,Why we need action now: world's poorest cities can't cope with climate change
0,#WhenICameBackFromSpace I was found responsible for global warming due to all the methane I released in space
1,Join the conversation on climate change. Take the pledge &amp; let's talk #50by30.
0,Stephen Colbert’s Opinion On Climate Change
1,The mercury doesn’t lie: very troubling climate change milestone
1,does not support fracking and his plan to combat climate change is the strongest. Here
-1,corrupt Politicians have their fingers in the trough with the UN. Climate Change paying murdering Dictators everywhere!👎
1,The Unexpected We Expect: Planning in the Age of Climate Change
-1,"They report on climate change all the time, its called the daily weather news"
1,"In the Arctic, Even Climate Change's Tiniest Victims Have Big Impacts"
1,Worrying trend in the British press: columnists instead of environmental correspondents write about climate change
-1,"For #Dems Science doesn't apply to Biology, but it is gravely relevant to mimic those who balk at global warming."
0,interesting that it chooses to omit his potentially divisive charity work on climate change
1,“Global warming is now in overdrive”: We just hit a terrible climate milestone
1,"59% of GOPers in the House, 70% in the Senate deny consensus that climate change is happening &amp; humans r main cause"
1,21 mayors from Florida join the growing chorus demanding that networks address climate change in pres. debates
1,"Guaranteed housing &amp; employment, universal healthcare &amp; income, free public ed, access to transportation, fighting climate change."
1,"Hayward: Building a consensus on climate change? Not so easy, after all. #communityscene"
1,The US and Canada: let&amp;#039;s talk climate change - Energy Global #climate
1,#DemDebate Any chance of talking about climate change?
1,"Join , and me tomorrow in Miami for our panel, 'Climate Change &amp; Economic Opportunity.'"
1,Answer the call from FL mayors: ask about climate change at the #GOPDebate
1,Greenland: Impacted by climate change: via
0,It's you people and your evil farts that are causing climate change 😭😭😭😭😭.
0,global warming has become eu swarming 😆😆😆
1,Climate Change Champion sponsored by goes to... David Hodson! Well done! #ylsawards16
0,CNN asks about climate change?? Whoa! A tough question! #shocker #gopdebate
1,you are not in favor of clean environment. There is no denying that global warming is a fact.
0,Pledge on climate change? Consensus? Not from Rubio:“Climate always changing... no law to change the weather.' Says America is not a planet.
1,"kasich just admitted climate change is manmade, I think"
1,Actually only one political party in the world does not accept the scientific consensus on climate change. Who could that be? #GOPDebate
1,The GOP on climate change. #CNNDebate #GOPDebate
1,Worst response to climate change ever #GOPDebate
-1,#Kasich is a global warming idiot. Does he know this is a Republican debate? Global warming is a complete hoax. #GOPDebate
1,Republican candidates deny climate change because they’re “not scientists.” #GOPdebate
1,Wondering how you can do more to fight #climate change? Check this out via #globalwarming
0,People may forget Canadians haven't yet gone batcrap crazy from the heat caused by climate change.
-1,#GOPDebate: Why you shouldn't overreact to the 'climate change' hysteria
0,"Global warming for k, that sounds familiar :) #ShowtimeSaturYey"
0,If we painted Kim K's naked selfie on a glacier would you finally start paying attention to global warming.
-1,Witch hunt: Look what Obama admin is planning for climate change 'deniers'
1,"Because US of A can nuke ISIS any time they deem necessary, but not Climate Change."
1,"Despite the campaign rhetoric, the next president will have to deal with climate change."
1,Fox's grossly distorts '#ExxonKnew' #climate change scandal #globalwarming #journalism
0,ask Siri about global warming p.s i love you you are the best YouTuber in the world
0,"FYI, we call it climate change now."
1,Global Warming is real. Look at Kilimanjaro.
1,"Climate change, risk of terror &amp; lack of jobs are the big issues of the world today - #GLFImpact"
-1,"The QC, Alberta and Ontario government scam in the name of countering climate change"
1,Was Indonesia's violence in the 90s related to changes in rice production (a proxy for climate change)?
1,"who are your friends? that is a question in #DemTownHall what a useless questions, ask about Climate change!!!! damn it."
1,"There should be more questions about climate change and policy. Bernie had no Q’s, Hillary for ‘regulating’ fracking (ugh!) #DemTownHall"
1,Science can now link climate change with some extreme weather events
1,Tony Simons DG: Need to fund rural economies to become more resilient to climate change. #IFF
1,#Pakistan's big threat isn't terrorism - it's climate change
1,It’s official: We can now say global warming has made some weather events worse
1,I wish people cared as much about climate change as they do their eyebrows.
1,The evidence for climate change WITHOUT computer models or the IPCC
1,#BreakThroughEnergyCoalition It's taking weeks 2 get a follow up response to my Climate Change Solution? R U serious
1,"Climate change and conservative brain death, by "
1,Bernie says he views climate change as an imminent threat - like a military threat. Fantastic framing. #DemTownHall
1,There you go! Stop using natural resources &amp; go back to using ones that pollute &amp; cause global warming!!
1,4 guiding facts behind MacArthur’s endeavor aimed at reducing climate change
0,"Other people's concern: Global warming, economy, nuclear energy My concern: Nagpur mein India ko pehle batting krni chaiye ya bowling.."
1,"The #US should take seriously climate change. So far, that hasn't happened."
0,Shell says carbon tax better An oilman’s $7 billion refresher course in the economics of drilling and climate change
1,Climate change deniers are similar to brain damage deniers in the NFL
1,Climate change is forcing Peruvians to adapt to dangerous levels of UV radiation
-1,"I Don't Always Slap The Sh*t Out Of Hillary Supporters, But When I Do, I Blame Climate Change 😂"
1,GOODBYE RUBIO!!! Global warming is as real as how shitty your campaign was :) take care
0,"Hurrah 4 war, climate change &amp; fascistic 'free-trade agreements,' Trojan horses 4 corp. rule"
1,'Trees Deal With Climate Change Better Than Expected' by TATIANA SCHLOSSBERG via NYT #protegoAU #Science
0,build a biG OL' WALL keep the global warming out of our country
1,Nah. How about: 1. Climate change 2. Fascism 3. Income inequality 4. Mass surveillance
1,Let’s turn up the heat on Climate Change tonight! Part 1 of WARMER: 8PM on ANC. Watch it in HD on SkyCable ch 182!
0,Climate Change Author Speaks in Haverhill March 29
1,Climate change isn’t just a problem for the future – the impacts are apparent here and now. We must act boldly.
1,Let's bring the joy in conserving energy and reduce climate change during #EarthHour tomorrow! :)
1,"The greatest problems we now face r global climate change, income inequality &amp;White privilege"
1,Climate change is no keg party! It’s brewing trouble for beer #StPatricksDay
0,"The #Greens stuff a working Climate Change policy with Clive Palmer, now attack Labor seats this election. #auspol"
1,"Without women, African agriculture won't withstand climate change"
1,Top 6 Climate Change Problems - Suspicious0bservers - Climate Change | Space Weather | Astronomy
1,Is #capitalism driving #climate change? #climatechange
0,I respect Clive James + his 80s TV contribution. But dodgy climate change pose aside his poetry has always been bad
1,Americans finally realize that we cause climate change
1,Many humans don't care about climate change because it doesn't affect them personally at this moment
1,"Urgent Choice: Without a Swift Switch to #Renewables, Dangerous #Climate Change May Be Imminent"
1,"supports #EarthHourMV - This Earth Hour, Shine a Light on Climate Change."
1,This photo by Kerstin Langenberger shows how polar bears are being affected by climate change.
1,Technology in renewable energy key to mitigate climate change: Al Gore #green
1,Why you shouldn't trust climate change deniers
1,"At #Arctic summit, #climate change is inevitable and irreversible on KTOO"
1,"Students, pupils take the cue from Roger Milla, add their voices against climate change and plant trees"
1,Turning off our lights. Saving our planet. Winning over the climate change. Making better and greener future. #ISFEarthHour 💜🌎😉
1,"Global warming is real, Climate change is real, Your actions should also be real to make a difference!"
-1,Judge Orders White House To Stop Hiding Its Bogus Global Warming 'Proof' via
1,"Wrap up on climate change talks, discussing solutions and what to be done. #PiliPinasDebates2016"
0,#RedNationRising Sam Kazman on California's Global Warming Lawsuit
0,"'I have about 500 days left, I'm going to use them,' Piers Sellers on climate change 1:45 pm ET"
1,"Climate Change This Week: Frying February, Minimizing Methane, and More! - Huffington Post"
1,"Jacquie Lambie is correct we can't stop climate change we need to prepare for it now, thanks to decades &amp; decades of ignorance.#qanda"
0,"Did you ask about climate change?Frydenberg lives in the 1950s &amp; clearly has no idea,He really annoyed me - weak man..#qanda"
1,Climate change is a scary reality 4 Pakistan as seen by heat wave in khi;let's pledge 2 reverse it #OneTreeOneLife
1,Thank you Todd Stern for your service &amp; leadership on #climate! Congratulations Jonathan Pershing! #ActOnClimate
-1,WUWT: Bangladesh blames Global Warming for Water Shortage #TGDN #tcot #tlot
0,French wine getting better? Thank climate change
1,How to talk about climate change with skeptics
1,Say the people who ban scientists from using the words 'climate change.'
0,Pulled some evidence out about climate change being caused by witches
-1,I wonder when and will blame Global Warming for the attacks in Brussels??
-1,We need to stop this bigoted Climatechangeophobia nonsense right now. Not all climates are evil #IWillClimateWithYou
1,Why Climate Change Means Better French Wine ... At Least For Now
1,#science #world Why Climate Change Means Better French Wine ... At Least For Now - Newsy: Wh... #news #wetenschap
1,Can we move past it already? Climate change is real.
1,#GlobalWarming #Earth – Global Warming Coming Faster And Harder Than We Think:… #Science
1,Poor women are among those most affected by climate change #CSW60 #Planet5050
1,Elitism and climate change denialism by
-1,If they can't predict tomorrow weather? How are they predicting future global warming? No one knows what's next #weatherfail #canada
1,Inspiring - &amp; talk democracy &amp; climate change at the VML office #virginreeladvocacy
1,What drives species change in the UK? Answer = agriculture &amp; climate change
0,PRIMARY DEBATE SCORECARD: Climate Change Through 20 Presidential Debates
1,Mass extinctions and climate change: why the speed of rising greenhouse gases matters via
1,What do today's investors need to know about carbon risk &amp; climate change?
1,"Apocalypse now? Loss of coastal cities? Ice melt, sea level rise &amp; superstorms: 2° global warming could be dangerous"
1,"'In Global Efforts to Address Climate Change, Electrical Engineers have Crucial Role' #climatechange"
1,'Climate Change Is Doing Something Horrifying To Wine' Yes #science #feedly #wine #alcohol
1,Leading climate experts raise alarm on CO2 emissions &amp; global warming: #ClimateChange #UNEA2
1,"Brussels survived this week’s terrorist attacks, but it may not survive climate change."
0,This is me reading any recent article about climate change.
1,"'With climate change, longer and harder #droughts will be the new normal.”"
-1,Obama’s flight(s) to Argentina proved how serious he is about acting on climate change | #tcot
-1,Global Warming 'Fabricated' by NASA and NOAA - Breitbart
1,Here's your chance to call on more climate change discussion during this election cycle
1,Nearly All Meteorologists Accept The Fact That Climate Change Is Happening #p2
0,between man and climate change. That's the statement they were in agreement with. 97 out of 2000.
0,#jobs4u #jobs Business Council on Climate Change SunShares Manager #business
-1,no evidence that climate change is related to fossil fuel emissions
0,"Ingrid Gevers, Centre for Development Innovation, introduces international course on climate change"
0,would need to be electric smart car due to climate change.
0,You can be wrong without being intellectually inferior. e.g. public opinion on climate change is behind where it should be.
-1,Climate Change: The Greatest-Ever Conspiracy Against The Taxpayer - #cdnpoli
0,something something global warming?
1,"“: #Climate change is coming for your maple syrup Not cool, #climatechange, not cool!"
1,"Climate Change This Week: Rising Seas and Super Storms, Solar Gets Cheaper, and More!"
0,Add a fortnight for Climate Change.
1,Oil companies deceived public about climate change. #SB1161 would help make them pay: #CAleg
-1,If your union rep or MP favoured the Climate Change Act &amp; you work in the steel industry it was they who shafted you
1,Texas GOP Congressman Claims Halt in Global Warming Climate Change denial continues.
1,"Thanks to climate change, 'there's a lot of white hares on brown backgrounds'"
1,Time Magazine Got Global Warming Right In 2006: ‘Be Worried. Be Very Worried’
1,Three new films look at the science and consequences of global warming from different angles
1,Cleanliness campaign an endeavour by #DrMSG 2 save envrnmnt frm global warming n serving mother earth #ServicesByMSG
0,This Climate Change better be chill cuz us Americans have a god-given right to be comfortable!!
0,"Climate Change for The Birds, or Not."
1,What role should oil and gas play in tackling climate change?
1,Watching global warming in real-time from a NASA plane. #EarthExpedition
1,"A step ahead by #DrMSG to make our planet green , pollution free n reducing global warming under #ServicesByMSG"
1,Clinton says she's progressive on Climate change but votes 4 offshore drilling and sells fracking #fixdemocracy
0,Meggs- should fed govt invest in automobile infrastructure when we are discussing climate change #prgrs16
1,Speak up for climate change it is really happening. #ClimateEdEntry
0,Kinda funny that of the Dem candidates only 1who has actually done something about climate change is Hillary Clinton
1,India's loss at WTO recently shows the hypocrisy of western world when it comes to act on the issue of climate change.
1,Strong effects of climate change on common bird populations in both Europe and the USA
1,Got Global Warming Right In 2006: ‘Be Worried. Be Very Worried’ via
0,"We could easily apply this logic to other things like too, oh, I don't know - climate change action. #prgrs16"
0,The moment Hillary Clinton lost her temper with a climate change activist
1,'Carbon pricing has become a cornerstone policy tool for tackling #climate change' via
1,"people who are confused about the current snow storm, hi have u ever heard of global climate change??? The seasons are going to flip"
1,Muslim Climate Action (MCA) is a group of UK Muslim organisations concerned about climate change.
0,What does April snow bring? #Shutup Global warming sickos!
1,Climate change warnings. Are we listening?
0,New comic: climate change protest.
-1,can you name me one thing that was because of 'global warming' I'm sorry I mean climate change
1,Roses are red Violets are blue Its snowing in April Global warming is real Vote for Bernie Sanders
1,Nuclear Power Is Too Safe to Save the World From Climate Change
-1,"If only you treated terrorism with the same urgency, considering it has killed way more people than global warming."
1,"Politicians, take note: Poll shows 75% of Americans concerned about #climate change"
1,Nuclear power is too safe to save the world from climate change
1,FACT SHEET: What Climate Change Means for Your Health and Family #NCAHealth
1,Trump Fan Scott Baio Proves How Dumb He Truly Is With Moronic Global Warming Tweet
1,MT : “What if we simply stopped making transportation investments that make climate change worse?”
-1,"why does the name change so often if settled science,global warming,global cooling,climate change,Heinz 57 sauce"
0,"However the scheme has been criticised by a group of climate change experts, the Climate Change Committee..more &gt;&gt;"
0,Some Whales Like Global Warming Just Fine
0,"question:N 25 yrs #BernieSanders has been N Congress, did he author a single bill signd into law re: climate change?"
0,So Gospel(Glaf News of Jesus Descending in 2080)I spread around the globe before its end by earthquakes and climate change'
0,Democrat AGs Go After Climate Change Dissenters #trending
1,Stop making climate change a political issue and protect our awesome planet
1,Yet state employees aren't even allowed to talk about climate change or else they're fired. Florida is dumb.
0,Satellites monitoring atmosphere for the past 18 years show little to no global warming. Interesting
1,Why Hillary Clinton is uniquely unsuited to this epic task of stopping climate change. by
1,Get the Facts: How Climate Change Can Affect Your Health
1,"OMG! , NASA Johnson &amp; pioneer climate change research with Oceans Melting Greenland (OMG) mission."
0,Lol. You're citing some buffoon named #RebelDiaz spouting climate change bs/lies as credible?
1,Discover 11 things you can do RIGHT NOW to curb climate change
1,Five arresting images of climate change that are impossible to ignore - Deutsche Welle
0,ever heard of global warming? Ice burgs are almost extinct yo
1,[SCIENTIFIC .A. EUA] Can Republicans Act on Climate Change?: San Diego mayor shows how there can ... vía J.A.M.V
0,What did say about climate change in his recent visit to Cuba? #CubaVisit
1,"Oil giants spending $115 million annually to block climate change action--i.e., to make sure planet overheats"
1,Sanders understands something key about dealing w/ climate change (that Clinton doesn’t): It can’t all be win-win.
-1,climate change is real however the AGW side of it is undeniably over hyped. NY city is supposed to be flooded
1,"Now, ExxonMobil and Chevron must allow a shareholder vote on climate change disclosures"
1,“The cost of investing in clean energy now is far cheaper than paying for the consequences of climate change later'
0,I think CEI's position on climate change is somewhere between wrong and nutty. But this subpoena is scary stuff.
0,Japan's first-ever - / the climate change is not a hoax / damn serious / face hefty fines / bone-dry / what S looks like
-1,If Muslims caused global warming what would the dems do?
1,A polar shift due to climate change is the definition of the #anthropocene
-1,If it's drifting: Global warming. If it's not: Global warming. These scientists are highly intelligent idiots.
1,See Dramatic Views of Climate Change From Above
1,Ck this out! US Judge cited Netherland's decision in climate change case!
-1,Why don't we tell Obama that ISIS are breaking climate change protocol so that he will finally get tough with them?
1,Global warming is making the Earth tilt on its axis
1,global warming is alive and real.
1,VIDEO: Bernie Sanders: Climate Change is the Fight for Our Future #NotMeUs
0,"Next topics: climate change, traffic, urban concerns #PiliPinasDebate2016"
0,All VP bets think the Philippines is not doing enough to address climate change. #PiliPinasDebates2016 #Halalan2016
-1,Spoken by Worst Potus👉USA! Believes 100% Taxation of People! Hates Capitalism! Climate Change=USADestruction! #Liar
1,"In big win, federal judge refuses to dismiss kids lawsuit against oil giants over global warming."
1,Good reminder about everything we know about how to talk about climate change: there’s no one-size-fits-all approach
0,YOU PROMISED ME GLOBAL WARMING.
1,"Clouds appear to contain less ice than realized, making it harder for them to slow global warming"
-1,Obama says don't give in to fear over Islamic State while trying to scare us about 'climate change' Another hallmark of #Omerica
1,to understand the adaptation &amp; mitigation of climate change impacts on agriculture &amp; food security
1,People Still Don't Get the Link between Meat Consumption and Climate Change
1,"Earth's poles are drifting due to climate change, study suggests as government expands #fracking, #FossilFuels"
1,Sarah Palin Just Made The Dumbest Move Ever: She Signed On To Debate Bill Nye On Climate Change
0,Song about Bernie Sanders &amp; Citizens United w/cartoons - Climate change at :33 and 2:20
1,Climate change is messing with the axis upon which our fair planet spins
-1,"Under the Obama Administration,There Will Be No Victory Through Air Power Unless You Count 'Climate Change'Breitbart"
1,"'Climate change is above party politics' says H Anderson SNP, who notes need to include agri, edu, renewables and waste #enviromatters2016"
1,CLIMATE CHANGE IS SO URGENT. WE ARE KILLING THE PLANET AND EVERY BEAUTIFUL THING ON IT. FOR MONEY. CAPITAL GAIN. WHY
1,"What #climate change means for you: more death, more disease, more allergies via #divest"
-1,While Samantha Power &amp; John Kerry are concerned w/ 'climate change' &amp; 'gender bias'...just ignore #Russia
1,Climate change is simple: David Roberts at TEDxTheEvergreenStateCollege
-1,Oil industry knew about climate change before we landed on the moon - Most people then knew the climate changes.
1,Nature's Last Stronghold: Scientists think this place can protect us all from the effects of climate change.
1,Bernie Sanders: the ONLY Candidate Making Climate Change a National Priority #NYPrimary #NYC #NewYork b
1,"Transit is essential to responding to the challenge of economic growth, an aging population, climate change and accessibility #HTCTAReview"
0,"says plan for climate change is not enough, she says his is not doable. #DemDebate"
1,Mountain people bear brunt of climate change: David Molden
0,I'm like an angel #OddEvenBegins Got glowing skin Pollution none Global warming gone La la la 👼
-1,#LeftistLUNATIC Climate Change Lies Continue!!!! Senator Goes OFF On Catholic Priest For Questioning Global Warming
1,There are enough evidence to proof global warming exist. The clowns in the republican party don't believe in global
1,This toxic incrementalism is the antithesis to a the bold action needed to address Climate Change. #DemDebate
0,Michael does have a point about climate change.
-1,😠😠😠😠😠😠 Climate change is pure BULLSHIT.
1,Mitigate climate change. Stop eating hamburgers!
1,The oil industry knew about climate change before we landed on the moon
-1,Do the Adjustments to Land Surface Air Temperature Data Increase the Global Warming Rate?
1,A new study on climate change estimated the risk to all financial assets and portfolios. It's big.
1,"co-founder is delivering the Hobart Oration, reflecting on the great sadness of climate change"
1,"Visited #ScienceExpress, an initiative for awareness on climate change by ,Earth Sciences &amp; GoI depts"
1,'British scientists will soon be blocked from speaking out on key issues– from climate change to animal experiments'
1,Climate Change Is Messing with Earth's Axis via
1,The heroic stories of the people being displaced by global warming
1,Morocco trash pickers help fight global warming
-1,BILL NYE IS A FRAUD I ALWAYS SAID IT. NEVER LIKED HIS SHOW NEVER LIKE HIM ALSO HE THINKS GLOBAL WARMING CREATED ISIS
-1,UN exec sec on Climate Change states goal is not environmental but to end capitalism AlGore BS!
1,"Portraits of the lives affected by flooding, bringing home the impact of climate change"
1,Global warming is the greatest warning and it can be tackled by humanitarian deeds #MSGthoughts
-1,"20,000 years ago, Chicago was buried under a mile of ice. 97% of experts say that climate change is caused by humans."
-1,"The clouds have lifted, and the full devastation of global warming is now visible."
0,"What is that hum? Oh, it is the hum of the building's AC in April and a warning of our eventual demise thanks to global warming #spring"
1,"If climate change continues, we can expect a large rise in sea level (2 m?) this century,"
1,Global warming may cause as much as a 70% loss in wine availability by 2050.
1,I wish people cared about climate change as much as they care about their eyebrows.
1,do you guys seriously want a man who 'doesn't believe in' global warming running our country? for fucks sake
1,"NASA just called out Climate Change deniers on Facebook, &amp; it was glorious #ClimateAction"
0,Next on Fox News: 'Snapchat inadvertently causes pile ups throughout the nation.' Later: 'Why homosexuals cause global warming.'
1,Hillbot's denial of how money corrupts our government is the same as conservative's denial of global warming.
0,Would we have been so tardy with climate change if our planet was getting cooler instead of hotter? #ShowerThoughts
1,Climate change isn't just wrecking the planet — it will also have a “devastating effect” on human health. #miccheckdaily
1,#Salon #LiberalNews It’s too late to halt climate change and our society is doomed — but w... #UniteBlue #Liberal
1,"#Comic strips that raise issues like sustainable design, carbon footprints &amp; climate change-"
1,"Just seen a Global Warming is a scam tweet, not sarcastic, obviously. In 2016. Just nuke this place ."
0,I thought Obama's biggest concern global warming. Don't big jets pollute the air? Hmmm!
1,"#China Mary Ellen Harte: Climate Change This Week: Avoiding the Heat, All Weather Solar C... via"
1,The #oil industry knew about #climate change before we landed on the moon
0,"I liked a video from Climate Change! Ganondorf Amiibo, 3 Hearts on Hero Mode | Zelda"
1,Times's (and its not just the Times!) climate change coverage 'distorted' and 'poor quality'
1,"While climate change is beginning to be felt, the worst is yet to come unless action is taken NOW"
-1,"In Australia, Climate change science not settled: Brandis via"
1,We humans R responsible for 🔥Global warming🌎🌞 &amp; Its our 👮🏻duty to save those who are effected by us 🐂🐤🐦#MSGrequest
1,Every leader needs to start seeking solutions like this one. #ChangeTheWorld #ClimateAction #OneWorldOnePeople
1,Let's stop climate change once and for all and keep this planet safe and sustainable for ourselves and future generations. #EarthDay
1,Climate change negatively affecting agriculture
1,"No one, in any nation can avoid the impacts of climate change - Friday is #EarthDay"
1,Climate change is a global challenge that must be solved collectively. #ParisAgreement
0,"Jack Reed is at fault for global warming, petrol prices, the hole in the ozone layer, everything"
1,Plant a tree on #EarthDay Breathe clean air &amp; combat climate change. Join the movement &amp; help Mother Earth🙏
1,We’re Perilously Close To A Permanent Crossing Into The Global Warming Danger Zone Or Something
0,Islamic Discourse on Climate Change
1,Climate change is forcing polar bears to swim for days to find solid ground
1,"On #EarthDay, a look back at those fighting the scientific establishment on climate change"
-1,"With Ice Growing at Both Poles, Global Warming Theories Implode #EarthDay"
1,#MSGappeals Global warming is the result of dirty environment.Do plantation to save earth
1,On #EarthDay let's recognize a politician who gets the threat climate change poses to our planet and to our species.
1,GdnDevelopment: Want to beat climate change and achieve sustainability? Try paying your taxes | Tove Ryding
-1,Global warming is a Zionist Freemason hoax #EarthDay
1,The #ParisAgreement is signed! A historic turning point in the global fight against climate change! #Sign4Climate
1,"'Climate change is real, it's caused by human activity' - #PlanetBernie Reason15297"
1,leads by example when traveling to climate change meetings. cc -- #cdnpoli
-1,Meme Brilliantly Exposes Liberal Climate Change Fraud
1,Fast to sign a good sign! #ParisAgreement #climate change
-1,Meme Brilliantly Exposes Liberal Climate Change Fraud | The Federalist Papers
-1,I liked a video New Movie Exposes Global Warming Lies Once And For All
0,shit i kinda want this to happen for some global warming type of heat 🔥🔥🔥🔥
-1,"Obama’s Global Warming Plan Cost Poor Americans $44 Billion, Raises Taxes By 166%"
1,Tribes have up close perspective on climate change
1,Another result of climate change: Bacteria that eats you via
1,#MSGappeals ...everyone should plant trees. It save us from global warming.
1,Mind boggling. Climate change is affecting the way the Earth spins
1,#HinduRatnaMSG Much more than plant trees to reduce global warming.
0,Becca Speaks On Climate Change SDGs 13
1,Climate change will wipe $2.5tn off global financial assets: study #keepitintheground
0,Not really! Thought we had global warming???
1,Nations must follow through on climate change pledges -
-1,"The Global Warming Hoax, Paris Climate Accord and NWO Global Governance #globalwarming"
-1,Jerry Brown goes dictator on Climate Change - American Thinker (blog) #climate
0,"Of crse black men r 2 blame 4 Lil Kim's madness! Let's not 4get global warming, institutional racism &amp; the assassination of JFK! Guilty!!"
-1,'Scientists on climate change'. Sounds like a political lobby group to me.
1,Can mountain-climbing bears rescue cherry trees from global warming?
1,"#ThingsBernieHates MSM that doesn't talk about issues wealth/income gap,climate change,corrupt campaign finance system"
1,"What does the 97% consensus on man-made climate change really mean? Put this one to bed, deniers"
-1,"Heroin,not global warming,kills 23 people in Ohio every week"
0,Someone mapped the Twitter Climate Change convo. Legit amazing. Fave Aus tweeters feature.
0,O There: Spitting in their eye and calling it an opinion. O Here: pissing on our shoes &amp; calling it climate change
1,The way ted cruz tries to deny there's any link between terrorism and climate change is hilarious 😂😂
1,#CleanAirAct #Texas Climate change: 3 things the state’s new Clean Air Rule must include
1,Black Bears Can Help Fruit Trees Escape Climate Change via
-1,Global warming is an INVENTED Democrat farce / we have 1000 years of coal reserves / Why? #MakeAmericaGreatAgain
-1,who are these fucking socialists that buy $XOM just to put stupid proposals before the board w/r/t global warming and reports on women
0,Hilarious bottom line for why some people just don't care about Climate Change.
-1,"What do Enron, Al Gore, UNIPCC, Climate Change Environmentalism, &amp; Kyoto/Paris have in common? Use C02 as CRISIS KEY for UN-run world govt."
-1,"It's called the seasons. You're seeing things that are normal. No global warming, man made or natural. UN Marxism."
1,Call climate change what it is: violence | Rebecca Solnit
1,It's May in 4 days and it's currently hailing/snowing. Global warming is totally fake though
1,Denmark is debating the merits of a red meat tax to fight climate change: #Cowspiracy
0,NEW | Editorials: Where UK newspapers stand on climate change and energy |
-1,"global warming data is adjusted, not raw data. It's an effort to force an agenda of control. #read"
-1,"With Ice Growing at Both Poles, Global Warming Theories Implode"
-1,So crazy that the only people in the world who know the truth about climate change are American radio talk show hosts.
1,1 in 6 species is at risk of extinction because of climate change. We can fix this. #climate change via
0,OPEC Oil and Climate Change via
1,"Climate Change Is Driving Ocean Oxygen Levels Down, And That’s a Big Problem For… #NotMeUs"
1,Climate change may be coming for your wine
1,You dont believe in climate change? You haven't researched it and you are slurping up fox news like a bowl of cereal milk.
-1,This weather needs to make its mind up... Had all 4 seasons in 1 afternoon... Global warming my ass
-1,I liked a video Phony Scientist Bill Nye Wants to Arrest and Jail Climate Change Deniers? (Church of
1,"Millennials love clean energy, fear climate change, and don’t vote. This campaign wants to change that."
0,Confusing ad for Fathom event about climate change ends with 'Special guest Sarah Palin' with tag ClimateHustle -Me: OH FUCK OFF *Applause*
1,Pres.Obama's #CleanPowerPlan is the Key Part of U.S Leadership in Fighting Climate Change. #UniteBlue #TNTweeters
1,"Today,amongst the teeming rain, working on climate change issues,sustainable design of buildings,and envying those on a long weekend!"
1,Shocking study: Half of leading investors ignoring #climate change
1,We're over being bummed about climate change and ready for solutions.
0,Gardening to Beat Climate Change by Thomas Christopher
0,"it hailed in may, GLOBAL WARMING AND I BLAME DONALD TRUMP"
0,Sanders bringing back his Trump/climate change riff: 'Trump is a genius at everything ... he's also a brilliant scientist'
0,#Flipflopper gotta be pro- #coal in coal country. #Votes before #Climate.
0,"Why are we always wearing metal in the future? With global warming, seems like we wouldn't want to wear a heat conductor"
1,"'Congratulations Scott, you didn't mention climate change once' #Budget2016"
1,Jimmy Kimmel has actual scientists exclaiming they're #NotFingWithYou as denies climate change. 😂😂😂😂
0,Progress? Maybe - Half of leading investors ignoring climate change: study via
1,GOPtp: nothing to see here... RT World Bank: The way climate change is really going to hurt us is through water
1,"Every time Fox News denied the proven science of climate change to score political capital, we got one step closer to tonight."
-1,Breaking: Top Climate Change Scientist Admits He Was Wrong - #ClimateChange
-1,Delusional Obama Links Climate Change And Terrorism: - American Thinker - - 273
1,How climate change in arctic could cause tsunamis in UK Our
1,Jimmy Kimmel clip featured more scientists discussing climate change than ABC's top news shows did in a year
0,when you being a lil god's angel and then you remember things like bad memes and global warming exist
1,It might have to be with climate change denier Mike Thompson instead on account of the Fox connection.
1,Ancient Indian aka Vedic India's Solution for Earth Global warming...!
1,"We don't need climate change arguments, we need to stick together for our friends to the North. #YMM"
0,India's answer to global warming: Cows that belch less
1,Vlntrs f DSS serving mother earth by plantng trees helpng in order 2 reduce global warming inspired by #SuperStarMSG
1,#Environment Bill McKibben: Global Warming's Terrifying New Math
0,OMG Climate Change Daily is out! Stories via
-1,Climate fortune-teller preaches gloom and doom from the altar of man-made global warming: #climate
1,Why Winter Doesn't Disprove Global Warming: via #ClimateScience #GlobalWarming
1,There are many solutions that you can do to help solve the problem of Global Warming!
0,"this gif could make flowers bloom, cure all known illnesses, end global warming and restore world peace"
1,Whale poo could be the answer to reversing climate change #OpWhales
1,"Fracturing is an unsung hero in fighting climate change, study by Economist mentioned."
1,"Dear naysayers: Climate change already directly affects 92,000 lives. #miccheckdaily via"
0,Putin is a conservative. Like it or not. He &amp; Trump = identical view on 'climate change'
1,How To Convince Someone To Care About Climate Change: How do you persuade someone to take action… |
1,Climate Change Is Messing with Our Meals via huffingtonpost
0,follow frederick_x5 Is this what climate change looks like?: follow frederick_x5
1,I saw your speech on global warming organised by Ted on you tube. It was amazing. Indians always respect Bhutan 1/2
0,"Savarkar didn't kill Gandhi Nehru was not the first PM Like, Modi is a post-graduate Global warming doesn't exist"
1,may want to reconsider his position on climate change.
0,Patricia Espinosa (): Who is the ’s incoming #climate change chief? via
1,"Climate change impacts fokd security as crop yields decl ne due to changes in temp, rainfall &amp; increased climate variability."
0,Can the prime minister really believe his own nonsense on climate change?
1,"Hot weekend? To the coast tonight, talk on how social change can combat climate change: 7.30pm Phoenix Centre, Lewes"
1,"As Trump announces he's a climate change denier, 5 islands go under. To hide from the stupid, perhaps?"
0,"MOAR freestyling about Pythagoras, wolfs, global warming &amp; otters PLZ PLZ PLZ #ShutUpAndTakeMyMoney"
0,"Because of Climate Change, Five Pacific Islands Have Vanished Or, it's just David Copperfield fucking around"
1,"More important is US relig socio-political movement agnst women,LGBT, evolution, climate change,etc.Angers me"
1,Rocky Rex's Science Stuff: Climate Change - Rising sea level #oceans #glaciers #geography
0,While blaming you and me for global warming
1,One of the Most Convincing Climate Change Visualizations We've Ever Seen -
0,"I love science but when you speak it people are like 'wut were, in the universe right now?' So like what's a global warming and wildfire?"
1,Global warming milestone about to be passed and there's no going back
0,me: Leo come over Leo: i can't im busy me: my friend said global warming isn't real Leo
0,Making America starts w cleaning up this mess of global warming no more eating science projects
-1,Latest Reports Show... There is NO Global Warming -
0,Agriculture in the Age of Climate Change via
1,"This is what climate change looks like: almost 90,000 people fleeing for their lives"
-1,Crazy Bernie blames #ISIS on Global Warming! #RETWEET &amp; Join 2 #StopBernie
1,"Troubling read on the increasing wildfires, like we are seeing in Alberta, &amp; the role global warming plays in them"
1,'If it's snowing how do we have global warming?' seriously you want to know why? Check the avg temp rates yearly &amp; you'll see how we have it
1,Climate Change – Animal Justice Party
1,One of the Most Convincing Climate Change Visualizations We've Seen #ClimateChange #dataviz
1,Changing What We Eat to Stop Causing Climate Change
1,"Watch live NOW on facebook talk about the intersection of trade and climate change! #TPP, #TTIP"
-1,New Great Lakes Study Blows The Climate Change Scam to BITS
0,I added a video to a playlist A Word on Climate Change from Marie Kuch-Stanovsky
-1,THE MIDDLE OF THE NEVADA DESERT 50 MI. FROM DEATH VALLEY ALMOST JUNE &amp; SNOW PACKED MTN/ GLOBAL WARMING LIBERAL LIARS
0,In search of the Climate Change Monster #scicomm
1,#Climate change increases frequency of #fires which may overwhelm earth's most important #ecosystems |
1,Climate Change Is the New Removal as the Ocean Makes a Land Grab
1,Five Pacific islands lost to rising sea levels and erosion as climate change hits&gt;&gt;&gt;
1,"Climate change i:pacts food security as crop yields decline due to changes in temp, rainfall &amp; increased climate;variability."
1,Add your name if you support big steps forward in the fight to tackle climate change: via
1,climate change is directly related to global terrorism #FeelTheBern #NeverHillary #ORPrimary
1,"Climate change, economic inequality, poverty -- and the major political issue is who can take a dump in which toilet"
0,"Global warming from all the hot air in Washington, need to fix that."
0,"It's the COPS fault, No it's the guns fault, No wait,it's global warming, Come on... It's Bush's fault."
1,Politicians discussing global warming. A sculpture in Berlin by Issac Cordal. Brilliant
1,Global warming won’t just change the weather—it could trigger massive earthquakes and volcanoes
0,this is how you know global warming is real
1,my parents making fun of environmental issues and global warming well u not gonna be laughing in 2035 when we all dead
1,He MUST be Stopped. Donald Trump taps climate change skeptic as key energy adviser via
0,A SciFi author explains why we won't solve global warming. ▶
1,Natural forest regeneration helps mitigate global climate change HT
0,Global warming has turned the Eurovision stage into an arid wasteland. #Hun #sbsEurovision
1,"While Malcolm Turnbull dithers on climate change, CO2 just passed 400ppm #auspol"
0,"Global Warming isn't gonna wipe us out, these robots are."
0,Is climate change to blame for #wildfire increase in boreal #forest? via
1,'Global warming is a huge problem!!'
1,"Global warming worsens with record temps, widespread coral bleaching #NLU"
1,"Liberal Party Donor, NSW Electricity CEO and Climate Change Denier makes a fool of himself #auspol"
1,Why even the people who worry the most about climate change often take little action - Washington Post
1,"Yes, and when the GOP accepts lies, our country suffers! Look at the climate change debate."
0,'Science to Policy Summit: Climate Change'
0,Green Party Elizabeth May responds to criticism it's too soon to talk climate change &amp; Fort McMurray fire #ymmfire
1,"So causing global warming, trying to enslave all humans and or genocide isn't bad."
1,"When should we start worrying about global warming? 'About 30 years ago,' according to one #climate scientist."
1,"Mary Ellen Harte: Climate Change This Week: Sobering Suicides, Battery Breakthrough, and More!:… |"
-1,"Climate change, happens anyway. This, is Not That. #OpChemtrails #Environment"
1,Have We Solved Climate Change Yet?
0,Abbas blames Israel for climate change...and for everything else.
-1,🚨 BREAKING: #EgyptAir flight missing after being hijacked by climate change wearing a Muslim costume
1,You can't fight climate change from your phone... or can you? #CoolEffect #climatechange
-1,"'Our biggest national security threat is climate change, and Islam is a religion of peace' Liberalism is a mental disorder"
1,These climate warriors are taking action to combat climate change and preserve their futures.
1,One Way The Media Confuses The Public About Climate Change #climate #media #journalism
0,Alfredo Rodríguez: nubetonta 'the sound of climate change'
1,United Methodists Address Climate Change Concerns: via
1,Wid INSPIRATION!! of #NatureLoverMSG all age ppl come forward to plant more trees to save earth from global warming
0,I don't. I see her as the second greatest threat to humanity next to climate change.
0,Miracles could happen obviously global warming is real because it hailed
1,PUT it in the ground! How CA ranchers use #soil to tackle #climate change
0,"Target blames sales drop on climate change but at the same time, Walmart's sales are up."
1,In Mildura today hearing how more severe heatwaves from global warming impacts production at Chalmers Vineyard.
0,THESE PHOTOS SAVE GLOBAL WARMING AND THIRD WORLD PROBLEMS. WHY CAN'T EVERYONE SEE THAT? #notcominghomewithoutone
0,"I Was Born Cool❄, Global Warming Made Me Hot🔥🔥. 😏"
-1,This is IPCC Bullshit propaganda and has no relationship to reality. There is NO Global Warming. Science proves it.
1,&gt; Haunting Photos of What Global Warming Has Already Done
1,Trump believes in “global warming and its effects' when it hits his golf courses
0,Tbf coastal erosion around the UK is not really caused by global warming.
1,Shocker: Donald Trump actually does believe in the threat of global warming
1,#DonaldTrump is only interested in #ClimateChange if it turns out bad for his wallet.
1,Global Warming Exists Only On a Small Slice of Beachfront Property in Ireland Owned By Donald Trump
1,GLOBAL WARMING IS A HOAX INVENTED BY THE CHINESE! OR I'M A COMPLETE FRAUD! READ THIS AND DECIDE! #TRUMP2016
1,Helping agriculture producers adapt to climate change from the ground down #USDAResults
0,the Crosby ones are causing global warming
1,Scientists must challenge poor media reporting on climate change via
0,Why has climate change disappeared from the Australian election radar?
1,El Nino in focus at World Humanitarin Summit. Reminds us that climate change is here and now - response is urgent!
1,"Tune into Facebook at 2pm ET with &amp; discussing Exxon, Chevron, &amp; addressing climate change."
0,What does really think about climate change? #Decision2016 #lastword
0,#ItsOfficiallySummerWhen It's hotter than global warming.
-1,"Valid, but if human activity was causing climate change, things would be getting worse over 10yrs, not remaining static."
1,Sad - Climate change shows how polar bears are being affected by climate change #climatechange #Animalrights
0,"[CNET] Climate change flick 'An Inconvenient Truth' turns 10, get it for free - CNET"
1,How can anyone trust fossil fuel industry after they deceived the public on climate change 4 decades
1,Global warming has devastating affects help us one tree at a time! :)
1,African countries must work together to address issues of energy and climate change: roundtable #AfDBAM2016
0,Game of Thrones' newest episode explains how the show is secretly about climate change via
-1,"She's almost at the end of Obama's choke-chain! A certain bombastic, climate change blowhard is in the bullpen."
-1,"Global warming is not a man made event, its a Geological event, all those Volcanoes are blowing left and right."
1,"Over at , I've written about SF's need to address climate change, and to look beyond planet Earth"
0,#Fracking:Malfeasance in public office? Ministers 'sitting on' climate change report B4 #KirbyMisperton decision
0,Climate Change Activists Either Prod Exxon Mobil or Sell It
-1,Man-made global warming? Try coldest month in a hundred years: #climate
0,How in the world do people around the world perceive climate change? We have answers
1,I think all these jokes about animals being killed for food will become more &amp; more distasteful as climate change gets more &amp; more serious
0,I sent him my essay on sea level rise/ climate change for a class assignment and it would be awesome to get feedback
1,Can a carpet company actually reverse the effects of climate change? We believe we can. #CDW2016
1,ur film speaks on the detriment of methane gas &amp; climate change in regards to fossil fuels. what about the livestock industry?
-1,Hard Truth About The So Called Climate Change 'Consensus' | The Federalist Papers -
0,I think the pitching numbers in High Desert this year is proof of Global Warming
0,Agree!!! Poverty &amp; Hunger - Climate Change - Health Care - Terrorism!!!
0,These pictures were taken only 2 years apart.The vegans are eating everything and causing climate change #stopvegans
0,This shouldn't have to be said: spending $90k on foreign climate change videos is not a good use of taxpayer funds.
1,This Oil Giant Proves #Exxon Could Do A Lot More About Climate Change
-1,"Look, dicksmoker, the global warming hoax is about stealing our money and freedoms. Wake up you sheep and check out the real science."
0,Climate Change - a special report from the University of Miami #climate
0,Conspiracy Theory with Jesse Ventura S01 E03 Global Warming via
1,Update on the Plan for Action on Climate Change
1,#GenomeBC Alberta and Ontario Work Together to Fight Climate Change. Read Blog
1,Trump is leading the only major political party in the advanced world to deny climate change
1,"Climate change is a reality, as is our mutual mistrust"
1,Seattle’s congestion: We are not Amsterdam; build a livable city; climate change urgency; stay out of Seattle
1,The global warming effects are beginning people
0,#BarackObamaApologyTour he apologizes for Henry Ford for popularizing the automobile and create climate change.
1,Youth act now! Change climate change!
1,Climate change could make Russia vulnerable - Rare reads on RUS + #climatechange via -
1,These World Heritage sites are being threatened by climate change
1,Climate change cannot improve without tackling agriculture emissions #pollution #climatechange
1,#It's a big disasters for the people's lives there. Global Warming is the main factor for that. May god save the life of villagers.
-1,"Petersen: 'Whether or not global warming is real not, it’s not the government’s business to fight it.'"
0,hope gospel of prosperity prophet will not prophesy nonsense we know its only due to global warming
1,So you will promote HRC email story but not hold DT accountable for drought/climate change remarks? Biased much?
-1,Climate change is an industry not a serious scientific endeavour - a good example of herd instinct if ever I saw one
1,"Climate change, a factor in Texas floods, largely ignored"
1,Here’s how harmful gas from fracking can contribute to climate change #NotMeUs
0,"Presstitutes spins same news with agenda 'China meat restrictions for climate change &amp; In India, it's ugly HINDUS'"
0,"angrybirds movie, fruit ninja movie, warcraft, Tetris trilogy, 7 power rangers movies, Trump, climate change. coincidence? life imitates art"
-1,'Fighting' climate change absurd. Economic development &amp; political freedom is what helps humanity. Fight for those.
1,editorial: 'Great Barrier Reef could elevate climate change to a vote-changing issue'
1,Climate Change Update: More than a third of the coral is dead in parts of the Great Barrier Reef via
1,"Bill Nye: Don't Just Take Action to Stop Climate Change — Talk about It, Too"
1,QUIZ: How could climate change destroy World Heritage Sites? #ClimateChange
-1,"Obama Steals Zika Funds, Re-appropriates them for Global Warming Inititatives - Truth And Action -"
1,This may be the last place on Earth to feel global warming
1,Anyone else find it sadly ironic that many Texans deny climate change for 'religious reasons' &amp; now facing flooding of Biblical proportions?
0,"A proposed climate change ordinance #inbend has been a hot topic, see how the Bend #EcDev Advisory Board weighed in"
1,Want to help fight climate change? Start with reproductive rights
0,UK is ?Average? on Climate Change and Clean Energy - Blue &amp;amp; Green Tomorrow #climate
1,Tourism + Climate Change = Famous Thai Islands Closed - all pressures on our environment - via
1,Tourism + Climate Change = Famous Thai Islands Closed
1,Editorial: #GreatBarrierReef bleaching and global warming has become an election issue
0,John Stossel - Global Warming Superstars via
1,We cannot afford to forget about #climatechange during #ausvotes We must understand the risks we all face.
1,Climate change is getting worst n we r not bothered.killing ourselves silently. 11 killed 45 injured :( #Islamabad
1,The ASEAN Regional Forum Workshop on Climate Change Adaptation and Disaster Management
1,"May #nontoxic news! China Takes Climate Change Seriously, NY Gets Plastic Bag Fee, &amp; More!"
1,Climate change interest you? Check out Prof James Lovelock at
0,Guy who wanted a car race and whose admin wants more parking and less bike infra to talk about 'climate change'
-1,Delusional Obama: Global Warming Could Lead to Severe Hurricane Season | Truth Revolt
0,"I am talking about camps in North Africa, not climate change"
-1,"So I can self-identify as a 65-yo black woman, but I can't self-identify as a climate change skeptic #RIPCalifornia"
0,He was discussing climate change policy yesterday &amp; reporter asked abt Trump 😒
1,Lives are lost to #climate change every day. Evidence that #LNGinBC will replace Chinese coal? *crickets* #bcpoli
0,This bloody global warming it's like winter in my house #globalwarming
-1,Congress refused to fund the U.N. Climate Change Fund—so raided $500M from a fund designated for #Zika
1,"'We've gotta deal with climate change, gotta deal with healthcare...' #CAforBernie #UnidosConBernie"
1,Climate change &amp; rising seas = a struggle for Venice: #LandmarksatRisk
1,"Climate change biggest problem facing world says , lead TaskForce ClimateRelated Financial Disclosures"
1,Climate change is going to destroy some major cultural and historical sites
-1,WHO WOULD WANT TO LIVE HERE? Fascist CA Seeks to Outlaw Global Warming Skeptics... and Their Guns via
-1,"Nature finally “finds” cause of pause, will last centuries, tosses “global warming” out« JoNova via"
1,"says due to climate change, flash flooding from such large storms are the new normal #sydneystorm"
1,#Climatechange: Climate Change: The Great Challenge - The Market Mogul #COP21
1,Superbbb work for saving the planet from global warming !!!#MSGsaysProtectNature
0,Allah is letting Muslims suffer the consequences of global warming?
1,"#ClimateChange #CC On the issues: Climate change, environmental policy divide candidates: Un... #UniteBlue #Tcot"
-1,climate change has always been here. Only diff is now you want to tax/redistribute income #cdnpoli
0,"Environment on Flipboard | Climate Change, Ecology and Renewable Energy #Physics"
1,Bernie Sanders Hammers Corporate Media For Ignoring Climate Change via
1,"No UR saying f*** muslims,hispanics,POC,women,immigrants,gay marriage,climate change,foreign policy,US safety,human rights.."
1,"New insights into the role of clouds in Arctic climate change #GlobalWarming, #ClimateAction"
1,Solar Power Project Will B Boon To Next Generations &amp; will tackle the challenges of increasing global warming. #PunjabSolarRevolution
1,need to position themselves to lead discussions on climate change #climatechange
1,"Mary Ellen Harte: Climate Change This Week: Where Inaction Leads, Clean Jobs Boom, and More!"
1,Humans are killing corals with more than just climate change #cbc #tech
1,Humans are killing corals with more than just climate change
1,Y'know the whole world that is being destroyed by climate change. That land.
1,Regenerative Farming Initiative That Can Help Solve Global Warming #organic
1,Climate change will affect farmers' bottom line -
1,What is one thing you are sure of? — Global warming.
0,so if I am reading you correctly; you believe in GHG rise and global warming but think it might be good for us somehow?
1,Chris Eve: Humans are killing corals with more than just climate change
0,what does changing climate have to do with climate change
-1,This New Study Devastates Claims From Global Warming Alarmists #GlobalWarming #IsaHoax
0,The Principle of Common Concern and Climate Change
1,Daphne Bramham: Facing up to the facts of climate change.. Related Articles
0,What really happened after global climate change deal in #Paris -
1,You could potentially use it as a building material? CO2 turned into stone in Iceland in climate change breakthrough
0,"Which Presidential administration saw the most global warming? FDR or Reagan or Clinton, Bush, Obama?"
1,Check out these dance moves! And fight climate change! A new series of vids launches at
1,Daphne Bramham: Facing up to the facts of climate change
1,How #farming and #forestry are helping combat climate change.
1,"TIP: Since neither candidate for president will do dick about climate change, don't buy beachfront property!"
1,The psychological cost of climate change: Like this article? rabble is reader-supported journalism.… |
1,Excellent piece on financing loss and damage from climate change - insurance not a silver bullet
-1,After reading about Cali's anti-First Amendment bill (to persecute global warming skeptics) that state is swirling down the commode-hole.
0,Green - Y Climate Change Seminar
1,Went to church this morning and my pastor preached on climate change. She's such a badass 😍
1,Seaweed might be key in the fight against climate change
0,Comms: *** After New Zealand - A Climate Change Update *** A VIDEO from #IET Volunteers 672555234.
0,climate change holds that record by a huge margin
0,Can we please have people who know about climate change talk about it instead of Steve? #TheProjectTV
1,"#ANSmeeting wind &amp; solar has made great strides, but still can't get us there. We need nuclear for climate change."
1,On the frontline of climate change - the Great Barrier Reef #WorldOceanDay
1,"Big Coal Funded This Prominent Climate Change Denier, Docs Reveal"
0,Because it's 2016: Climate Change Minister Glen Murray blocks Tory MPP on Twitter. #onpoli
1,"Animals, desertification, topsoil creation - reversing climate change"
1,Please consider younger Cdns and climate change/ energy transition Risk to savings
1,Climate Change &amp; Development #ConfMTL is fully with you!
1,"As we move towards new climate plan, Liberals should look to Jack Layton's Climate Change Accountability Act"
1,Meet the first animal to go extinct from human-induced climate change
1,See how supports the resilience of women facing climate change in #Mali
1,Getting Baked: Can Legalizing Marijuana Help Fight Climate Change? 6/14 @ 6:30
1,"To Combat Climate Change, Restore Land Ownership to Indigenous Peoples via"
1,Climate change denialists asked to raise their hands in a packed hall for #ClimateForum2016. About 3 people did so.
1,"Proud to have worked &amp; organized alongside Shadia, Chloe, Ekai &amp; Alec. Growing Up With Climate Change via"
1,"It’s not overpopulation that causes climate change, it’s overconsumption | Fred Pearce"
1,"For the first time, a mammal species is extinct because of human-induced climate change"
0,"'in the north, the trees are going to enjoy' global warming"
0,Q&amp;Amp;A: This Professor Talks Climate Change In The Oil Industry&amp;#039;S Training Ground #MFP
-1,It’s Time To Declare War On Global Warming Extremists
0,After visit of Austrian Minister of Finance I stayed at #SPIEF for forum on the Arctic. Lots about climate change
0,"There's good ways to go about climate change, and then there is the Hillbillary/Obama way."
1,"As climate change heats up, Arctic residents struggle to keep their homes #Arctic #arctic"
1,Climate Change Investment Solutions: A Guide For Asset Owners - ValueWalk
1,Investing in natural systems is key for countries on front lines of climate change.
0,"true, the Libs climate change spend proves that. Health and Education are most important to a functional country"
1,"President Obama tours Yosemite, says Climate Change Happening Now #ActOnClimate #UniteBlue"
1,"Despite a slowing planet, today not the longest day so far; global warming speeds earth up"
0,"Australians are less confident on Turnbull's handling of climate change, economy &amp; refugees"
1,Global Warming is more true than your existence
1,Italian pianist holds a chilling performance on the Arctic Ocean to warn climate change.
1,#ICanNeverDeny CLIMATE CHANGE!!!!! IT IS A THING PEOPLE!!!!
0,Jacob's ladder: Elmo and Climate Change pt.2 (Vine by Dhaltssssss)
0,"Global warming is a problem, but if doesn't score today Paris could be hit by a tsunami of #RonaldoTears."
-1,ALERT: 'Climate change' not the cause: DNA results prove so-called polar bear hybrid was a 'blonde grizzly'
0,Miller explains global warming
1,GONE FOREVER... First Mammal Goes Extinct Due to Climate Change via
1,Warning from the past: Future global warming could be even warmer
-1,2013: MUSLIM Mag teaches Muslims to set Massive Forest Fires in USA but MSM says it's Global Warming 🎇
-1,2013: Al Qaeda teaches Muslims to set Massive Forest Fires in America. MSM says it's Global Warming 🎇🎇
1,"Ever heard abt Jill Stein, presidencial WOMAN candidate that also has polices to stop climate change, or easy money is not there? #WakeUp"
1,"They'll ban discussing climate change, but not access to killing as many people as possible."
1,Environmental minute: All you Need to Know about Climate Change - Video: #climatechange
1,Abrupt Climate Change: Should We Be Worried? : Woods Hole Oceanographic Institution
1,U.K. does not need to wait for climate change to sink it. THIS VOTE WILL
0,Enjoy your global warming and shattered economy. We got ours. OLD FOLKS OUT! *mic drop*
0,Predicting articles on the rise of Canada as the UK/EU/US brain drain corresponds with global warming trends. #notsafehere
1,"So, um, perhaps not such a smart move to decide to leave the EU that builds cooperation on climate change?"
-1,I thought that we can't trust experts. They're all bought and corrupt. Like the one's who say man made global warming is real.
1,Climate Change Poses Urgent Threat to Poor of Coastal Bangladesh via
1,I wanna build a soundproof wall around him and save the planet from global warming and stupidity at the same time.
1,But still there are those who refuse to believe in climate change???
1,Thanks to WildAid to sum up the causal relationship between global warming and meat industry in 3min.
0,climate change will prob kill us all first
1,"Post-Brexit, U.K. favorite for prime minister is Trump-Lite on climate change #green"
0,"When you read about someone trying to force people to stop eating meat, that would affect global warming. People are so gullible 😂"
1,We MUST address climate change to protect coral reefs.
0,Yeah cause Climate Change only affects the middle class. Everyone knows that.
1,Global warming staring us in our faces . December as hot as May it seems . Cray!!
1,"#JillStein doesn't give a damn about progressive values or defeating #Trump, a climate change denier. Be informed."
0,"Climate Change and '#GameofThrones': If the Wall Melted, Would Westeros Drown? #GameofThrones"
1,Syrian climate change drought = unrest = millions of refugees = Brexit fear of immigration =World markets crash.
1,We will fight climate change by making America the clean energy superpower of the 21st century
-1,The Tangled Web of Global Warming Activism via
1,Climate change poses challenges to drinking water supplies. Learn more
-1,Democratic operatives Call For Prosecuting Global Warming Skeptics : A panel of Democrats ... #Trump #ccot #tcot
0,Hope Iceland play global warming in the final
-1,"So under this idiot, you can go to jail for thinking global warming is a hoax (which it is)?"
-1,Well I am safe. I'm not a skeptic. I call bullshit on the whole Global Warming fear mongering. See? Not skeptical.
-1,We know. But the #greenwash shovelers want to blame 'climate change' 🙄 #cdnpoli
1,"But... they're literal climate change deniers? I know it's small scale right now but also, what?"
-1,double edge sword. Also get to charge climate change 'experts' who make up and fabricate warming data
0,"aren't you trying to conquer the world with a Deadite army? How can we believe you care about climate change, Ruby?"
1,Another sign of climate change? RT “: #NJ events cancelled due to clinging jellyfish
1,#MSGforHumanity motivate masses by rendering himself plant trees 2 protect environment frm effect f global warming
0,But leaves encourage destroying greens contributing 90% to global warming which isn't good
-1,Funny how Greens always advocate 'the science' on global warming yet stubbornly ignore it on GM crops
0,"Scientists on #Rationalia believe salt &amp; butter are bad, ulcers caused by stress, plate tectonics' is wrong and Global Warming caused by man"
1,24 prominent Australians call for “emergency-scale action” on dangerous global warming #greens16 #renewryan
-1,"What's that I hear, a mini ice age ? So much for global warming crap"
1,Battle for Wentworth: activists rub salt in Turnbull’s climate change-induced wounds
-1,Excellent appearance on once again #Obama is huddling with foreign leaders about...climate change
1,UK wildlife calendar reshuffled by climate change | Centre for Ecology &amp; Hydrology
1,charts how UK wildlife calendar is reshuffled by #climate change
0,My new sounds: Living Planet: Talking climate change on #SoundCloud
-1,GMOs are the Lefties climate change. Science be damned. We all have our blinders.
1,"Climate change might make you feel like Sisyphus. But unlike him, you aren’t alone."
1,"Despite #Brexit, “climate change action is by now unstoppable. It is global.' -"
-1,Atheists share with Global Warming advocates the assumption that they are in charge.
0,Problems in other countries: 1_Food 2_Global Warming. . Problems in Pakistan: 1_Jeena kon hain? 2_Us k maa baap kyun nai hain?
-1,Fuck this guy and his FAKE Climate Change policy. DISGUSTED with OBAMA
1,Young people must lead the way as the LNP have no idea on climate change #auspol
0,"Could she find one who believes in climate change, hasn't said horrible things about pres, pro ACA?"
1,"keen for a snag today and to save Medicare,penalty rates &amp; William's future education &amp; climate change. #ausvotes"
1,Everyone doing their bit in Wentworth to stop Malcolm Turnbull's inaction on climate change! #ausvotes #getvoting
0,Qatar donates to #Clinton Foundation 2 increase opportunity for women and fight climate change. #ComeyDontPlayThat
1,Poor air quality &amp; climate change: the greatest health threats in pan-European region: #GEO6
1,"Liberals like to complain about climate change (which is real) all the time, but they forget meat production makes up most of it."
1,GPS-guided fertilization? See how helping country deal w/ climate change
0,What the world thinks about climate change in 7 charts
1,New research maps out how people feel about climate change across the globe
1,Does the new Democratic Party platform go far enough in addressing climate change?
0,MIT atmospheric physicist &amp; Climate Change: What Do Scientists Say?
1,Are you ready to tackle climate change? Take the new 'Learn to Lead' #YALIGoesGreen courses!
1,Migration with dignity must be part of a climate change adaptation strategy #carbonfootprint
1,We need many more initiatives like BillionTreeTsunami to counter global warming through massive reforestation.
0,To Climate Change or not to Climate change #ATS
0,#RRN Fan Theory showing how All Star by Smashmouth is really about Global Warming
1,Looking fwd to hearing Mark Carney &amp; discuss climate change &amp; financial markets at .
1,Moringa is more than a hip new food - it's drought resistant &amp; key in climate change
0,Presumably global warming is responsible for making the contest 'hotly anticipated'?
-1,"claims to be the 'Jackie Robinson' of global warming, blames Zika virus &amp; flooding on CO2"
1,"ALL of these RECOVERABLE $ can be USED TOWARDS JOB CREATION, ECONOMIC DEVELOPMENT, DESALINATING WATER &amp; FIXING CLIMATE CHANGE."
0,Trump really did tweet about Chinese climate change 'hoax - PolitiFact #auspol #ausvotes
0,'Climate Change is affecting the very fabric of our world' or 'Aj mausam bada be-inaam hai...'
1,Company Turns Air Into Fuel In Climate Change Fight via
0,One of the best things I've read about the challenge of climate change
1,CLIMATE CHANGE IS REAL AND SO IS #HANNIGRAM
1,Habitat corridors could help save wildlife from climate change #climate 📷Shutterstock
1,Making Sense of Climate Change on a Cyclone-hit South Pacific Island
1,#adapt2016 finishes up with adventurer . Now here's someone who knows climate change
1,Pro tip: don't look shit up about global warming before you go to sleep because you will still be up at 4AM if you do.
1,Why are those who do the least to cause climate change suffering the worst effects?
1,Nara: Why Climate Change Is an Education Issue - via nacion
1,"Yet people will still argue against global warming, mind you there are still people today that argue the world is flat :-("
0,Consensus And Anthropogenic Global Warming 301 #eco #green
-1,That's ok. Soon climate change will be blamed for too much TX rain.
1,#Scholarships: Engaging Diverse Youth on Climate Change Through Place-Based Learning #grants
1,such an ignorant thing to say! When not only is climate change proved but we can see devastating impact in OZ.
1,action agenda on health &amp; #climate change calls for co-benefits especially by reduce #7million deaths from air pollution
-1,Science created global warming right...so if global warming is destroying mankind how can life expectancy be growing
0,"Figueres win would mainstream climate change at UN, writes "
1,Addressing challenges: Govt plans to establish climate change council - #climatechange
1,well one of those candidates acknowledges that climate change is real and the other does not.
1,Climate change is already disrupting delicately balanced penguin colonies
1,"Three decades ago, scientists warned us about global warming. It sounds eerily familiar"
1,Our goal: fight climate change &amp; achieve a zero carbon footprint. Find out how at #WCS_16
1,"If the Democratic Party Is Serious About Climate Change, They Must Reject the TPP"
1,Disaster Resilience &amp; Climate Change is out! #nrelcontinuum
-1,"The news is narrative spin, the weather is climate change nonsense, and sports is leftist agenda horseshit."
1,The fights against climate change (pollution) and inequality would both benefit from walking holding hands
0,Satan came on earth and realized it's way too cold for demonic life forms so he perverted man's mind to indirectly create global warming..
1,here's proof that global warming is very real
-1,"More than 31,000 scientists recognize that there is no convincing scientific evidence of man-made global warming. #climate"
1,The Choctaw v climate change: 'The earth is speaking' #nativelivesmatter
0,Global Warming! #GlobalWarming Savere cartoon by#Cartoonist Satish Acharya #SwasthBharat
1,Podcast: &amp; discuss their reporting on people displaced by climate change in rural Bolivia
1,The words climate change need to be noted.
1,Climate change hard on Sea life
1,"Why, with so much scientific consensus, does such strong opposition to the facts of climate change remain? #WebOfDenial"
1,"#ClimateChange #CC 'This is what climate change looks like', mass mangrove die offs hit top ... #UniteBlue #Tcot"
0,"The people telling us that global warming is a crisis aren’t acting like it’s a crisis, says |"
0,"you're laughable, we're taking about global warming not lung transparently. Don't put your"
0,Big picture of global warming - Sunbury Daily Item #GlobalWarming
0,yeah! More war and increased global warming. You win!
1,Combating Climate Change at the U - Daily Utah Chronicle
1,GOP leverages racial animus to get majority of whites to support the destruction of the planet via climate change denial.
0,Would Robin Hood Help us Fight Climate Change?
0,Revealed: The time when Theresa May spoke out on climate change - Carbon Brief
1,Can New York Be Saved in the Era of Global Warming? via
1,"The world’s clouds are in different places than they were 30 years ago, and this could exacerbate climate change"
1,Vermont AG sued for withholding records on possible investigation of ‘climate change deniers’
0,You mean like Michigan? [at least pre-global warming]
1,"#ClimateChange #CC As climate change worsens wildfires, smokejumpers fight blazes from the s... #UniteBlue #Tcot"
1,Enough is enough. Tell Congress to denounce the #WebOfDenial on climate change
1,Great news! She's only been PM a day and already climate change isn't a problem! via
1,Department for Energy and Climate Change scrapped? Seriously?!
1,"so theresa may just destroyed the climate change department, ok yep. ok. alrighty. ur the boss. thanks theresa, yep. ok. bitch"
1,Climate change denial financed by energy companies and fronted by republican hypocrites is as politicized as it gets.
1,Britain needs infrastructure ready for climate change – before it's too late via
1,"a sad day in many respects, but the Tories do have a track record. At least we are bound by the climate change act."
1,"In vino, veritas. And a surprising amount of #data that could help us tackle climate change."
0,Isn't she a climate change denier?
1,Things that Trump and/or Pence do not believe are deadly: 1. Asbestos 2. Cigarettes 3. Global warming
0,The new environment secretary who asked if climate change was real on her first day as energy minster
0,That £100 bet I put on Climate Change to bring about the end of the world seems hopelessly optimistic now.
-1,"If Barry thinks climate change is greatest threat to our security, he needs to turn on a TV. #tcot #ccot #gop #maga"
1,"As climate change impacts habitats around the world, species try to adapt — and survive."
1,Nov. Edit.: Engaging the Public with Climate Change. Behaviour Change and Communication
0,Switched on the TV to hear a lady speaking about how climate change is related to how people on earth treat each other 😑
-1,"It's NOT about CO2 reduction people! Climate change initiatives funding opportunity for capital markets, Mark Carney"
-1,"Obama is monitoring the situation in Baton Rouge &amp; seeing if he can blame it on climate change, Bush 43, or the NRA."
1,Climate change is real and so are the consequences - - and it's past time the news media treated it that way
1,Bugs blown out by southern right whales could tell us more about the effect of climate change on the planet #NZARI
1,"A new climate change documentary focuses on solutions, not doom"
1,"Global warming is a myth? No, the biggest myth is that will be the next Vice President of the USA."
0,honestly like actually like if i'm bein real my elbowpits are mad sweaty global warming has me fucked up
0,Looks like it's that darn climate change at it again!
1,Confirmation: DBEIS to drive 'whole economy approach' to tackling climate change | Business Green
1,"Heading to #Whitehorse to meet w/ Cdn Premiers to talk economic issues, climate change &amp; disaster recovery"
1,Shumlin order helps businesses that #fight climate change - Jul 19 @ 8:16 PM ET
1,"Climate change could support the spread of pathogens, parasites, and diseases. Learn more"
1,Global warming ramping up? And US in danger of electing #climatechange denier? Alarming!
1,100% agree... his claim ''there's uncertainty about impact of climate change'' is a clever denier construct but dishonest
0,Might cause a climate change there lmao
1,"Climate Change Denying GOP platform, which calls coal 'clean', would reverse decades of U.S. energy, climate policy"
-1,"Obama says climate change causes 'dangerous ideology'. If that's the case, then why does it only affect islamists?"
1,"Today’s #EUESD proposals at odds w #ParisAgreements, risk undermining climate change fight"
1,Please talk about the strategy for health and climate change.
-1,Didn't campaign on green econ? Extorted funding: climate change tax scam Where are the jobs? #Canada
1,Minnesota must do more to cut greenhouse gas linked to climate change – Minnesota Public Radio News
1,gcilsandbox: #new Conserving Forests to Combat Climate Change
1,"Clouds changed shape, algae mucked water, the Uru-Murato mourned a lost lake, and Republicans denied climate change"
1,"#TrumpIsWithYou unless you're gay, a woman, disabled, Muslim, Black, Latino, Chinese, &amp; believe in Global Warming."
-1,Global Warming Expedition Stuck in Arctic Sea Due to Too Much Ice Don't you just love the irony here.more junk sci.
1,Fight corruption to fight climate change
1,"The Ozone Hole Is Shrinking, Giving Scientists Hope for Climate Change #globalcitizen"
0,The 90s' other big lie was how we were going to recycle &amp; love the environment but oh never mind climate change don't exist y'all.
1,"5 Ways The US Leads The World On Climate Change (Thanks, Obama) - CleanTechnica"
-1,Questioning Mark Carney's claims on climate change and carbon pricing - 2 new reports!
0,You know who isn't going to stalk off over a VP pick? -POC -Repro rights folks -Climate change folks -Sane people
0,Chairs - Titanic. At current climate change rate models predict earth has less than 100 yrs. Good news? ;)
1,Our 'Species on the Move' project profiles species on the front lines of climate change.
0,Compere smoothly steps in to talk climate change for gap in programme at #WSF16
1,Offgrid #cleanenergy offers a wealth of benefits beyond tackling climate change
1,"Writing the book on health, risk and climate change - GreenBiz - #ClimateChange"
1,"Or just a low tolerance for fascism, climate change, police brutality. You know, the things trump won't solve"
1,"When we lease our public lands for coal, we’re helping fuel climate change! Stand up now and #SayNoToCoal"
1,Did you know: protected #nature helps us fight against climate change? #Natura2000
1,The only threat to Florida's borders is climate change. Pam Bondi and Rick Scott are in favor of it.
1,Climate change has worsened arsenic poisoning in West Bengal
1,The GOP created Trump's cult following by denying science like climate change
-1,The global warming intimidation game exposed #DNCinPHL #PJNET
1,"[NEW INFOGRAPHIC]: Leasing Our Land, Fueling Climate Change #SayNoToCoal"
-1,Global warming nuts should go to Salem &amp; look for witches to burn. Enlist at We march.
0,I'm hot &amp; on the last part of this science shit. 😩. Fucking hate this bitch. Honestly no one cares about global warming.
0,Global Warming is made up by China. -Donald Trump-
1,"How climate change is taking our planet apart. Warming, storms, fires in Siberia, rains, drought and solutions"
1,The fact that people have to remind republicans that global warming is real is hilarious😂 like bitch the polar bears are real life drowning
1,4 Ideas the Technological World Is Fighting Global Warming #climatechange
0,Is going to fact check the global warming video from #DemConvention?
1,"we pushed for “it is the year of our Lord 2016, climate change isn’t even a debate, sit down” for the platform but party brass balked at it"
1,"Wish I could agree with ya, . But HRC is pro-fracking. Not exactly someone who understands climate change. #JillNotHill"
0,Bernie when he hasn't mentioned climate change for 5 min #DNCinPHL #DemsInPhilly
0,Interesting how much of this speech was dedicated to non-economic issues such as climate change and Supreme Court.
-1,If man made climate change is real Why has NASA/NOAA/NSIDC been caught altering data to show warming #DemsInPhilly
1,How climate change affects the monarch butterfly’s desperate fight for survival.
1,Could climate change lead to a WAR?
1,#TuesdayMotivation How climate change is rapidly taking the planet apart
0,Natural causes of extinction - Climate Change - Changes in sea Level - Asteroids/ Cosmic
1,Mangroves can fight climate change #WorldMangroveDay #resilience #biodiversity
-1,ISIS not mentioned on day 1 of DNC convention. We know Global Warming &amp; Air Conditioners are the real threat. SMH
1,Can Clinton convince Bernie supporters she cares about climate change? Let’s hope so: via
1,97 percent of climate scientists agree—climate change is real and man-made. Stand up for bold action
-1,Men shouting 'Allahu Akbar' behead priest in Normandy - Pope blames global warming.
1,"If we hope to fight climate change, we must ban fracking. #BanFrackingNow"
0,Apocalyptic new video for 'Global Warming' - Premiering now on ... watch it!!
1,"When it comes to agriculture &amp; climate change, there's lots to worry about, but carbon farming offers a ray of hope"
-1,"not sure about the whole man made climate change thing, but...if this is it - sign me up. (Looks for something to burn...)"
1,"Also, science has saved my life twice. Go deny climate change to some other motherfucker."
1,My next car will be a hybrid &amp; I'm lowering my intake of beef &amp; seafood. Cattle is a huge contributor to climate change &amp; oceans are dying.
0,#NJB Updates NjB JAM!: Tomi Thomas – “Climate Change”: Tomi Thomas Releases a song off Black... FF
1,"Climate Change. It's Reality, Not Reality TV."
-1,what is this Jihad you speak of? Is it a type of global warming??? #DemocratLogic
-1,AGs subpoenaed over prosecuting climate change skeptics &amp; VIOLATING CONSTITUTIONAL RIGHT TO FREE SPEECH -
1,woo hoo! James Cameron calls Donald Trump a 'madman' over climate change denial
1,Evolution drives how fast plants could migrate with climate change~
1,Dear corporate Canada: it's time to pay for your part in climate change #Americas
1,Our children's health and prosperity is too important to ignore the consequences of climate change. Speak out now
-1,via : ISIS or Climate Change: Which Worries Democrats More? #tcot
1,"THIS: thawing, thinning, melting landscapes (caused by warmer weather from climate change) means killer infections."
1,'I'm voting for the progressive that will protect our planet from climate change and our communities from gun violence.'
1,Chelsea Clinton: 'I'm voting for the progressive who will protect our planet from climate change' #DemsInPhilly
0,"Well, Trump believes climate change is a conspiracy created by the Chinese to steal our manufacturing."
-1,#kingobama's latest climate change vacation cost taxpayers 3 million. No outrage.
1,How both party conventions talked about climate change (or didn’t)
0,Do you want a party who didn't say climate change or a party that won't say ISIS? #DemsInPhilly
0,*RSOE Alerts* Climate Change - Asia - Russia [Asia]
-1,It's ebb and flow. Temps up and down. Global warming can't be changed -- it's nature.
0,On sent bien le global warming de son corps ... Merci
1,Global warming increases the risk of mosquito-borne diseases due to longer mosquito season
1,GOP: Stop Denying Climate Change While Species Risk Extinction
0,"MM on : (..climate change/global wrmng, whther more,fewr, r same # 🌀's, as sea lvl rises strm surge is going 2do evn more damage)"
-1,There is 'no observable sea-level effect of anthropogenic global warming'
0,Happy #MUNday! A few pictures of delegates getting ready for their simulation on climate change last week!
0,Trump's climate change solution
0,"Gf Ki Sis Is One Of The Reason For Global Warming, #ForgetIt But I Cant Forget Her ;-)"
0,Bbh: boys are hot Bbh: girls are hot Bbh: why is everyone so hot Ksoo: global warming
0,"Great to meet this eager crowd at Jadavpur U, Kolkata. Who says young Indians aren't interested in climate change?"
0,Blog | Why Gandhi will not win the battle against climate change
-1,"I bet you that if , if this is on the main stream media they will say it was caused by global warming."
1,#tytlive Which end? Climate change? Nuclear winter? Antibiotic resistance? Yay existential threats &lt;3
0,Not going away Rkid coming thick n fast just like global warming as you were LG x
1,Melting 'permafrost' is turbocharging global warming via #climatechange
1,Hillary proves she's not serious about fighting climate change by raising 💰 with a pro-fracking millionaire today.
0,You can blame the terrorists for everything now. Milks turned? Terrorists. Trains late? Terrorists. Global warming? Terrorists. Bad tweets?
1,Climate change is 'playing out before us in real time' report says. Arctic temp last August hit 8C above average
1,GOP senator compares climate change activists to Stalin ⏩ by via Sit yr dumb ass down
1,I'd like to see global warming's birth certificate. RT [insane things]
1,"A serious question: how can the U.S. stop global warming if China (and India, etc) continue their habits?"
1,"Let me introduce you to Global Warming. It is an ongoing crisis in the world. Instead of hating on someone you don't know, go plant a tree."
1,People who think climate change is a hoax should probably look around them. There is proof everywhere. Its affecting everyone
1,Today I'm blocking all climate change deniers
1,"From heat domes to rain bombs, climate change is changing how we talk about weather."
1,"'Re: My First Priority': Fight climate change. The problem is real and urgent, no matter what lies Exxon tells you."
1,KEEP IT UP! We at could provide you with plenty more #climatechange messaging!
0,The Nuclear War Over Climate Change - Reason (blog)
0,May statement pa about climate change huhu #OpeningCeremony #Olympics #Rio2016
1,"Addressing climate change, c02 emissions, deforestation. #Rio2016"
1,Respect for highlighting so beautifully and clearly the danger of Global warming during the opening ceremony #Rio2016
0,"The Leo Effect: When DiCaprio talked climate change at the Oscars, people suddenly cared."
0,Oh so the country that burned down the rainforest is going to lecture us on climate change. THANKS #OpeningCeremony
0,"So, what is this 'global warming' of which you speak?"
-1,The irony of being lectured about climate change by a country with FECES and dead bodies in their water. Clean up your own environment 1st!!
0,"Great, now it's about global warming. Thought this was about coming together in the spirit of global competition, not being climate shamed"
1,"#Rio be like: Hey Republicans, #climatedeniers have no place at the Olympic Games. #Rio2016 #OpeningCeremony"
1,"The fact that people still think rising sea levels is the worst thing that comes from global warming blows my mind… oceanic currents, people"
-1,"Makes sense Brazil would focus on global warming. Probably distracts from Zika, corrupt government, and ocean of poop."
1,Opening ceremonies have now addressed climate change more than Congress #Rio2016 #OpeningCeremony
-1,All the people there mad about climate change must have left super early to take all those row boats to Rio.
1,"So far Rio has touched on racism, sexism, diversity, AND global warming. This is beautiful."
0,bae: come over me: i can't bae: they're talking about global warming at the Olympics opening ceremony
-1,What a waste of time on this climate change garbage. #2016Olympics
-1,FFS…climate change. Really?! Can I escape political BS one time? #OpeningCeremony
1,Viewers in UK can watch climate change segment during #Olympics opening ceremony by fast-forwarding to 65 mins
1,Really impressed with that global warming montage. Well done Rio #OpeningCeremony
1,The Rio Opening Ceremony Put Climate Change Front And Center
0,"I know Olympics climate change , now some bloke about 7 yrs blah blah blah poverty bet he didn't do it for free"
-1,How the World was Deceived about Global Warming and Climate Change
1,"Climate change denier, Trump lover &amp; ignorant about other countries."
1,Gotta go with the party who will have the least negative effect on the environment. Its not just Climate change science.
1,"“The impacts of climate change are no longer subtle. They are playing out before us, in real time.'"
1,"Exxon put its profit over people &amp; the planet, denying climate change. #ExxonKnew"
0,Mental illness or climate change.
1,This short film 'After Denial' explores how people react to infomation on climate change.
-1,Climate change is real. Chicago is no longer buried under a mile of ice.
-1,CERN Debunks Climate Change Models – The Cloud Conundrum
1,Climate change is here and we need to do something about it | George Monbiot
1,"Are floods in India telling us something we need to think about?Climate change is real,coming faster than predicted."
1,#IStartCryingWhen people think global warming is a non-issue.
1,Add that to the list - birther theory -China created global warming -unseen ransom $ to Iran
1,31 Science Groups To Congress: Stop Denying And Start Fighting Climate Change
0,My latest piece for Does BEIS signal a change in direction for climate change policy?
1,These extreme records aren't a fluke—climate change is largely caused by human... by via
1,if you deny climate change 1. listen to this: 2. please explain to me how you can continue to deny climate change
1,Check out the Climate Security 101 Project for answers to questions like: Is climate change a security risk?
1,"Climate change impacts food secur.ty as crep yields decline due eo changes in temp, rainfall &amp; incxeased climate variability."
-1,From an ex-dem who used to buy 'man made climate change' It's a total fraud &amp; liberals are suckers 😂 #PenceScience
1,I worry about what it will take for climate change deniers to finally wake up and realize what is happening to our planet.
1,Climate change #books #reading #education |
1,"When we talk about 'social justice books' in children's literature, books dealing with climate change should certainly be included."
0,An ostrich made of climate change is born in Orlando.
0,Happy to be leaving DC and headed home!! Thank you for hosting the Sports &amp; Climate Change roundtable!
0,Metro reader has that climate change thing all sorted. Spider farts
1,The choice on climate change couldn't be more stark
1,Al Gore's stirring new climate change #ad calls on world leaders. #advertising
-1,1) science is not a conspiracy. Some theories are jacked up for money. 2) evolution is real 3) climate change is not man-made
0,Global warming? More like global hotting! #amiright #amny
1,Global warming will make it nearly impossible to hold the summer Olympics
0,lol..well you can. Tired of global warming Chicken Littles screaming the sky is falling
-1,Kerry Obama Skimming $400 Million For Climate Change Bribe In Morocco
1,2016 is on pace to be the hottest year on record. Here’s how is acting to combat climate change
1,Trees reduce the global warming and soil erosion... #PhotoWithTree
1,So proud to see these young activists on the streets of #Milwaukee fighting back against global warming.
-1,US participation in the UN Framework Convention on Climate Change has wasted more than $10 billion of taxpayer money
1,Wow. - it'll be like shooting fish in a barrel. Malcolm Roberts is climate change denier &amp; lunatic.
1,Heartbreaking Image Shows The Devastating Effects Climate Change Is Having On Our World | TruthTheory
-1,The climate change brigade are wrong again
1,Activists in #Milwaukee are now stopping traffic to teach people about the issue of global warming. So proud.
1,"but it's okay, because climate change isn't real"
1,TheRealNews has uploaded The Dangers of Climate Change Aren’t Coming: They’re Already Here
0,climate change and carbon tax?
0,oh yeah I can imagine that 😅 move to Europe :p it doesn't get as hot here. We had like one month of summer. Climate change.
-1,STILL OVERLOOKS CHINESE POLLUTION &amp; LACK OF REGULATIONS - TOUTING CLIMATE CHANGE LIKE A 1 TRICK PONY
1,We can contribute a lot to curb global warming by using LED bulbs and saving energy: PM Modi #IndiaIndependenceDay
1,Useful discusssion of what the options are for the debate we should be having on anthropogenic climate change.
1,Beautiful aerial photographs display dramatic perspectives of climate change
1,Sometimes I write a piece I think worth sharing. This is about the need to treat climate change as what it is: a war
1,"These seals are not only adorable, they're also helping scientists track climate change"
1,Climate change will make choosing a city to host the Olympics almost impossible #Rio16
1,Watch how global warming makes corals 'vomit'
0,Roberts on Climate Change if Pauline Hanson believes in Climate Change he'll bow work that out ?
1,Global warming real af and it's scary af
1,Astrophysicist had the perfect response to climate change skeptic
1,This pipeline will only increase global warming. Keep oil in the ground. #NoDAPL natives fighting for mother earth
1,WWII Ad. Replace Hitler with climate change for today's version.
1,This small whaling community is on the front line of climate change
-1,“Expert” Says Rising Rapes In Sweden Due To... Global Warming Not Soaring Muslim Immigration
0,It sounds like your issue is that you dont believe in climate change. Just say that rather than making accusations. Not cool
0,your RTs go from hilarious to climate change and I'm watching like
0,Haha and global warming is a conspiracy.
1,Highly qualified scientist meets climate change denier. Here's what happens
0,New Publication: LWEC Climate Change Impacts Report Card - Agriculture &amp; Forestry.
1,"We have almost certainly blown the 1.5C global warming target: Current emissions: We reach 1,5C in 2024 &amp; 2C in 2036"
1,'I brought the graph.' absolutely slamming down a climate change denier on #QandA
1,Prof Brian Cox totally wipes the floor with climate change denier.. Related Articles
1,Whale sharks are under threat from climate change. Meet the fishermen trying to save the world's biggest fish.
1,Astrophysicist had the perfect response to climate change denier via
1,Getting serious about climate change: A cheat sheet for U.S. candidates
1,Climate Change Is Making Floods Like Louisiana's Histo... via
-1,Farmers’ Almanac Crushes Dreams Of Global Warming Zealots With ‘ICE COLD WINTER’ Forecast
1,'It’s not that global warming is like a world war. It is a world war. And we are losing.'
1,When climate change becomes the new terrorism - (blog)
1,Score your #ClimateIQ! What gas has the most significant contribution to global warming? #climate #science
0,'You wouldn't believe how this one cloud is signaling MEGA CLIMATE CHANGE' #wxclickbait
1,Starting em young at the Just-B-Solar Camp by ! Climate change will affect kids &amp; they should be involved!
1,Just posted: An emergency episode of on the #LouisianaFlood &amp; link to climate change.
1,Oh shit people need to stop denying Global Warming
0,Could this bird's song help its babies survive climate change?
1,"if you think war refugees are too much to handle, ask yourself: what you intend to do about climate change refugees?"
1,'Climate change has been caused by ignorance and stupidity and cannot be solved by endorsing more of the same.'
1,"California burns, Louisiana floods... expect more disasters like this as climate change continues, says today"
1,"#news Extreme summer: From wildfires to deadly floods, global warming is increasingly apparent - Mashable"
0,"Pitbull Announces New Album ‘Climate Change’, Premieres “Greenlight” Video: Watch"
0,"MSM will say that Trump flying on his private plane to LA is what contributed to the flooding, because Climate Change😂"
-1,George Soros Paid Al Gore Millions To Lie About Global Warming
1,Climate change may affect the way Mountain Bluebirds defend their homes against rivals.
0,"0/Those arguing against having children, or having fewer children, due to climate change, are practicing a form of exit, of which they are"
0,Bjorn Lomborg Discusses Global Warming part 4 via
0,I saw a GOP candidate ad today in Florida that criticizes an opponent for wanting to combat 'climate change.'
0,how about a War on Global Warming? 🙏🏻
1,"climate change is a ludicrous conspiracy theory But if 2 dudes put rings on each other, the sky monster will kill us"
1,At the first Akwa Ibom State Climate Change and Clean Energy Summit
1,"It is, by some. Just not vast majority of UK military experts. Bit like climate change denial."
1,Climate change is not too big of a challenge to solve. We're making good headway. #ActOnClimate
1,"This Entire Alaskan Village Has To Relocate Thanks To Global Warming : For the low, low price of $200… |"
0,"Frank Ocean has this nation by the throat, he could probably solve global warming with a song"
1,"UK politicians need to lead efforts to mitigate climate change, not shirk them. #climatechange #nature #green #bees"
1,janeosanders: RT NatGeoChannel: .BillNye boils down the basic facts surrounding climate change in 60 seconds
0,Climate change doesn't care about what's hip and fashionable.
-1,"To The Horror Of Global Warming Alarmists, Global Cooling Is Here - Forbes"
1,if you agree: We can't afford to take a step backward on combating climate change.
-1,FAIL: Al Gore Blames California Wildfires on “Climate Change”…Then Police Nab Arsonist
1,These maps provide 'a glimpse of our future if nothing is done to slow climate change' via
1,"Finishing reviews of 200+ #Champagnes for December. The wines are getting drier. Climate change, riper grapes, lower dosage."
0,Hillary blames women on climate change
-1,'Liberty-Loving' Gary Johnson wants a carbon tax to solve climate change via
1,There have been no documented cases of smallpox since 1977. But climate change could change that.
1,Of course climate change is helping create more powerful storms. Its basic science how heat travels from the equator toward the poles.
1,"So #loathsomeLeadsom's first ministerial act is a badger cull, not climate change action. Good to see she's on top of priorities. #facepalm"
1,"The Louisiana floods are devastating, and climate change will bring more like them. We’re not ready."
1,"How climate change will impact animal migration, in one map"
0,21st century busy town jobs rage pundit web design complicator climate change denier tech startup executive
1,Millennials will lose $8.8 trillion in lifetime income because of climate change. We cannot afford to do nothing.
1,Bill Nye Calls Out CNN ‘Climate Change Denier’ Meteorologist Live On-Air: ‘Knock Yourselves Out’ well said👍
1,Stop preaching PETA. Deforestation is greater threat. Global warming is real. 😂
1,"The economic crisis, the global warming aren't challenges big enough. No, we need to create our own disasters.#WTFFrance"
1,"Obama Tours Louisiana Flood Damage, Does Not Mention Climate Change"
1,#McMaster alumnus '89 spoke to #cmagc about the global health threat of climate change
1,A new podcast from &amp; asks: Can future climate change matter today? #ActOnClimate
1,"Mary Ellen Harte: Climate Change This Week: Heating Up, Melting Away, Upping Wind Power, and More! |"
1,How climate change is increasing forest fires around the world
0,The Bros The more tho climate change at the internet source 🍵 “Taboos discourage some polling data i will read it off.
0,Implications of Climate Change for Water Resources and Policies in the Indus Basin - #HIMALDOC
-1,Trillions of taxpayer dollars wasted because Soros concocted global warming hoax &amp; paid Gore to sell it?
0,Let's ask the event hosts: Will the Americas' Climate Change Summit have livestreaming video? #CCCA2016Jalisco
-1,Did I ever mention that 'climate change' is the biggest scam in science history?
-1,Liberal AGs who targeted climate change dissenters are being forced to disclose ties to environmental groups.
1,Scientists Confirm the Impacts of Climate Change Began Right After We Started Burning Fossil Fuels |
1,Race to limit global warming. My main personal target is to reduce emissions from flights #sport4climate #1o5C
1,Young people could lose trillions of dollars as climate change disrupts the global economy
1,pls RT Don’t forget to register for free for our PEPTalk on Climate Change
1,Just got a sneak peek of a map we've commissioned on Climate Change &amp; the Historic Environment. So GOOD
0,talks 'Climate Change' album in 'Beyond Worldwide' special (exclusive)
1,We need to view climate change the same way we viewed WW2 - and act accordingly
1,Why Global Warming Started Earlier Than We Thought #climatechange #industrialrevolution
1,Addressing climate change is up to everyone. Here's how you can do your part: #GlobalGoals
1,This is how climate change is increasing the number of unhealthy air days in the U.S.
1,"I'm pro choice, pro justice reform. Believe in climate change and think health care is a right not a privilege. Easy peasey"
0,Ice Flow climate change game puts the fate of Antarctic penguins in your hands
1,The benefits of #green areas and #trees in cities for #climate change abatement #greencity #smartcity via
1,Climate change could be coming from the Southern Ocean's krill. That's a really big deal
1,How is climate change affecting your health?
0,Old Malcolm: 'I will not lead a party that is not as committed to effective action on climate change as I am'
1,This is really important re: climate change. BBC bans unqualified cranks from debate.
1,The choice in November: a president with real plans to combat climate change—or one who calls it a hoax.
1,Climate change is hard to grasp for a lot of people. Why? It’s slow.
-1,New post: WHITE HOUSE GOES ROGUE: Obama Approves Global Warming Treaty Without Congress!…What About The C
1,'Climate change is no longer about the future; it’s the present.”
1,Is #climatechange an #outlier problem? Just 90 companies account for most climate change
1,"It isn't about climate change anymore, it's about climate trauma - Sheila Watt-Cloutier #mwf16"
1,This #map shows how animals will have to migrate because of the climate change
1,Hawaii’s twin hurricane threat this week is a preview of climate change.
1,Coffee Production May Drop 50 Percent Thanks To Climate Change – ThinkProgress
1,Are there really still people who don't believe in global warming? Bc it exists and it's affecting key wine regions.
0,Live Blog: Baird has revealed he is not a global warming sceptic. via
1,Why Climate Change Could Be Impacting Your Health—And Even Your Skin #fashion #style #trend
1,This is what the future of National Parks looks like in the face of climate change
1,One of the most convincing climate change visualizations we've seen
1,#RT Idle No More Co-founder says clearcutting threatening way of life &amp; contributing to climate change
1,#ICJ4ICJ #IUCNCongress Polluter pays can also be invoked to hold states resp for climate change. #envlawfutures
1,Everything about this pipeline is wrong. Obama? Hillary? Awfully quiet for people who believe in climate change.
1,I spoke with about the #GreenNewDeal to create 20 million jobs and halt climate change!
1,"Did you know the US Military is preparing for a massive refugee crisis, conflict, and eventual world war because of global warming?"
-1,"Global warming is a scam that people believe is real. Gold is real, but people believe it's a scam!"
-1,"Debunking Top 5 Climate Change myths. For you, the people. FULL VIDEO &gt;&gt;"
-1,Soros’ Puppet Obama Going to do Exactly As He’s Told: Sign Climate Change Treaty via
0,Fascinating insights into the impact the decline of newspapers had had on the reporting of issues like climate change #mwf16
1,Start taking climate change very seriously please. It's your responsibility as environmental secretary.
1,"Almost in a way that suggests that if you give a crap about climate change, you should actually turn up to vote?"
1,Climate Change Is Coming for Your Coffee - WIRED #chrisbrogan #growthhackers #hootsuite #www.Bionovelous.com $onov
1,Congressional #climate denial had been 'immune to the rising evidence of harm from human-induced climate change.'
1,Strong decision by Russia to create largest marine protected area in arctic ocean. All united against climate change
1,A reminder as America officially joins the Paris climate agreement. We can’t stop there
1,"Flooding of Coast, Caused by Global Warming, Has Already Begun this is a huge businesa opportunity"
1,Global warming is here. Thermal expansion of oceans leads to flooded coastal areas. Just wait until Greenland melts
1,'Salt-loving marsh grasses . . taking over suburban yards' = Time 4 serious #ClimateAction . . like #LeapManifesto
0,I miss getting messaged everyday relating to Climate Change and people still healthy?
0,UCCS Climate change class makes waves
1,The Sunday front page above the fold is 100% climate change today. Coastal floods &amp; US-China ratify Paris.
1,"'Climate change deniers ,curb habits' .leaders should be role models not two faced opportunists"
1,How global warming has increased flooding on the Atlantic and Gulf Coasts
-1,It's about Obama: Why deal with reality when you can deal with climate change? Іt’s much easier!
1,The French Climate-Terror Connection. Does climate change play a hand in France's terror problem?
0,Does anyone think global warming is a good thing? I love lady gaga!
-1,As a person living in Massachusetts global warming is just a way for you liberals to take our money #Trump
1,Why climate change is a threat to human rights
1,my thoughts on how future #Agtech and food #innovation will help win against climate change
1,"Flooding of Coast, Caused by Global Warming, Has Already Begun"
-1,#HUGE NEWS #Tens of Thousands Of Scientists Declare Climate Change A Hoax via
0,no police shootings in UK quick make something up we need BLM to like us uh. climate change is racist? perfect brb
-1,Who is driving the climate change alarmism? Listen and find out! - Climate Change: What Do Scientists Say?
1,Our planet's future depends on the decisions we make now. RT if you agree it's time to combat climate change.
1,Almost 40% of lizard species are expected to become extinct by 2080 due to climate change
0,Is climate change just Earth shaking off her human fleas? Ellie thinks so. #ecofiction
1,"We can take on the threat of climate change and make America a clean energy superpower. Or, we can do nothing."
0,Pitbull/Climate Change - TOWER RECORDS ONLINE
1,Meet the woman who first identified the greenhouse effect | Climate Home - climate change news via
1,Will ExxonMobil have to pay for misleading the public on climate change? via
1,"Yes, there is some of that, but climate change is also contributing factor. NationalGeographic covered this some time ago."
1,boils down the basic facts surrounding climate change in 60 seconds
1,The choice we face on climate change.
1,We can't afford a president who would sabotage our efforts to fight climate change.
0,"Because #HillaryClinton is SOOOOO concerned with global warming, carbon. Fuck the coal miners, oil money is okay"
1,People still deny climate change is real even though the effects are happening right in front of our eyes.
1,"Surprise next generation... we leave you with the disastrous effects of global warming and a world without Bowie, phife, and prince."
0,Did the Black Lives Matter climate protest backfire? | Climate Home - climate change news via
1,Could this mean Government are realising digging up ever more coal is not compatible with climate change?
1,"Hey #NewYork – You Do Realize It’s GLOBAL Warming, Right?"
1,The political risks of acting on climate change are falling very rapidly as renewables costs go through the floor
-1,"NOAA Slammed For ‘Laughable,’ ‘Biased’ Study Blaming Global Warming For Louisiana Floods"
1,Looking forward to sharing this documentary with everyone as we continue to act on #climatechange together.
0,#Nasa #NasaSocial #Juno #Aerospace /Nasa might eliminate the climate change according a solution in
0,Our Changing Climate: The True Global Warming Hot Spots #Spiegel
1,For #BeforetheFlood explores the reality of climate change: #TIFF16
1,Making the wrong choice on climate change would be a disaster for our kids and grandkids.
0,I can see by the number of cars just for a golf trip that president climate change is concerned about the environment.
1,#HaveASay I want to mitigate the effects of climate change from wind power generation. #withyouth
-1,'CLIMATE CHANGE' is nothing more than a scam to centralize power &amp; control behavior; Disguised as altruism. #SeeThroughYou
0,ending climate change by paying taxes 😂
1,"We need to keep up efforts to fight climate change at every level—locally, nationally, globally. #ActOnClimate"
0,110617: hot summer ☆ f(x) f(x) invented global warming with this release!
1,One Look at These Images and You'll Be Certain That Climate Change Is For... by via
-1,A brief overview of the global warming scam: #climate
0,Tomorrow's take on MSNBC: clearly HRC was drawing attention to the severe weather caused by climate change.
1,Climate change impacts wildlife &amp; the habitats that they depend on.
1,'It's happening': P.E.I. community in danger of going underwater due to climate change
0,Climate Change | 'Final Thoughts with Tomi Lahren' via
1,Climate Diplomacy Week #ClimaDiplo #video: The Paris Agreement - The world unites to fight climate change
1,EVENT 9/13: Can solar geoengineering mitigate global climate change?
1,Meaningful action on climate change can't wait. President Obama explains why in this interview.
0,Blame Global Warming for Your Bad Attitude
1,vs. Trump offers clear choice on climate change #ActOnClimate
1,"Those who peddle birther idiocy, xenophobia, islamophobia,KKK, misogynists, anti-intellectuals,climate change deniers r deplorable"
0,(CLICK LINK TO LISTEN-&gt;) Now Playing: Pitbull Sensato - Global Warming
0,Was August deluge in Louisiana worsened by climate change?
0,Someone just told me veganism is egotistical because it fights against the biggest cause of global warming as if it's the world's only hope.
1,Climate change explained in comic book form by xkcd
-1,'Global warming is real.' - Science
1,Why Global Warming Is Like a Scorching Dinner #science;.
0,"'Do you have evidence that it increases by 50%?' 'Like, it's the earth. How are you? It's climate change' -"
1,From #NASA: It doesn't get much clearer than this - August was the hottest month on record. #Climate change is here.
1,ViaPerkowitz- Climate change is something we can solve together. #USClimateLeadership
-1,Abortion and climate change are religion for the Left.
1,Record-smashing August means long-awaited ‘jump’ in global warming is here
1,SUCH a great graphic showing diffs between past vs. current climate change... by
1,Climate change &amp; air pollution are race issues:why #BlackLivesMatter was right to make the point -
0,Climate change doesn't make it into most of American's top four issues in this election. - #amdreamconf
-1,"NO GLOBAL WARMING, NO MAN MADE CLIMATE CHANGE. It's a scam, now let's get back to our job of surviving."
1,here are some bold kids trying to do something about climate change
-1,who did you commission to do the report Michaelia? Hope it wasn't the same mob the do your climate change reports!
1,"Women and climate change, join the discussion at 15/09/16 | 12:00 pm GMT. #WGHETalks"
1,The fossil fuel industry spends billions buying candidates to block almost all progress on climate change.
-1,The EPA uses new math to justify costly global warming regulation
1,New marine monument will help fight #climate change &amp; heal our oceans. TY #Monumentsforall
1,"Thank you, Mr. President. At a time when climate change is our greatest threat, we need 🌎 protections"
1,This country and this planet cannot afford to elect people who continue to believe that climate change is a hoax.
1,"Climate change denial finds safe expression in resistance to building regulation updating, in Ireland as elsewhere."
1,"Anyone who doesn't believe in global warming, just look at what happened to Revis Island."
-1,Scientists were attempting the same global warming scam 60 years ago
1,Transport emissions need to be reduced significantly to prevent dangerous climate change. Self-driving cars can help
0,"P.S. Meanwhile, our infinitesimally small rock hurtles around a G2V class star at 70,000 mph, while we're busy arguing about climate change."
1,"And it will get progressively, perhaps exponentially worse, due to global warming/climate change."
0,Betta's love of Erkki is not helping with the climate change.
1,"Bury Trump, leave him behind with policy and passion, honesty. Climate change? You want the young vote...climate they get."
1,California has an ambitious plan to tackle climate change. Could it work? via
1,"As climate change makes flooding more frequent, here's how you can repair your garden -"
0,Why does every climate change fix seem to be about making people miserable? Same reason monks wear hair shirts.
0,"Grandpa said: oh yeah throw the plastic on the fire, I'm a little chilly; could use some global warming"
1,'More than 60m people affected by this #ElNino - worst affected are among least responsible for climate change' Mary Robinson #2030NOW
-1,Explosions in NJ &amp; NYC combined with stabbing spree in Minnesota sure to get many extra focused on climate change
1,2 days until #GivingChallenge16! #BeTheOne to help us shift global consciousness &amp; understanding around climate change.
1,"Geoengineering is a bonkers plan, but it may be needed to tackle global warming"
0,"I would even call it climate chaos, since disruption could suggest we know what's coming #climatechange"
1,"Still a negationist on climate change? It is a fact: data by NASA show a stable and clear trend, with a scary 2016."
0,"It's a beautiful day to go out and hoe, don't let him trap you and cuff. Cuffing season has been postponed due to global warming! 😂"
1,"The #GlobalGoals can end poverty, inequality &amp; climate change! But only if we spread the word"
1,What's Canada's ambition on climate change? Cutting carbon emissions &amp; building tomorrow’s cleaner economy.
1,This climate change memorial in D.C. is designed to slowly sink as sea levels rise
-1,"'If we don't kill the babies, global warming will end up killing the babies.'"
1,VIDEO: Almost everything you know about climate change solutions is dated Clean energy revolution now unstoppable.
1,if we move to natural gas over carbon we increase global warming with a much harder time dealing w/ ramifications.
1,"By the time GOP accepts climate change as a problem, it will be too late."
1,promises full implementation of the National Climate Change Adaptation Strategy. #Imanifesto16
1,Must read from : How TPP threatens our progress on climate change
1,Noam Chomsky | 'Global Warming and the Future of Humanity'
1,Yet still people argue that global warming/climate change isn't occuring. Overwhelming evidence
1,&amp; as usual they'll do nothing when extreme measures are needed to stop climate change
1,The Effects of Climate Change is Alarming...These Photos Will Tell You Why
0,#VoteNigerianEyitayo Global Climate Change contest closes on Friday. Lets give her a million votes.
-1,"Political ho for sale...#NeverHillary Americans Tire of Eco-Panic, Hillary Quietly Drops ‘Climate Change’ Rhetoric"
1,Handy way to explore / explain climate change
1,8 great ideas for adapting to climate change #environment #autodesk #eco #climatechange
1,Latest readings remind us what global warming looks like. Not really very hard to see
1,"When Firefighters Speak Out on Climate Change, We Ought to Listen Up via"
1,California has an ambitious plan to tackle climate change. Could it work?
1,The main cause of global warming is human expansion of the greenhouse effect. #ClimateCounts
0,We ve no problem with climate but hunger nd thief
0,The last paragraph speaks to the overwhelming power of climate change. It defined who we are.
-1,"easy to answer. Proving climate change isn't technically possible, &amp; it isn't 97%,u need to do better research"
-1,WASTE OF TIME! Head IMBECILE OBAMA inserts climate change into national security strategy
1,"Those who care about climate change shouldn't vote Johnson, who's said the sun will envelope us one day anyway. #Huh"
-1,No greater feeling than when do-gooder global warming fanatics get mugged by reality.
1,Attention coffee lovers: Science says climate change is threatening the world’s supply justinjbariso #biz
1,Dire Effects and Warnings of Climate Change Are Going Unheeded (from )
0,[News] WTF – Black Lives Matter UK shuts down Airport to protest racist climate change?
1,Pres assures of Nigeria's continued commitment on the matter of Climate Change Action #NigeriaUNGA
0,"Gary Johnson: Forget about climate change, sun will someday encompass Earth"
1,"he basically said 'the sun is going to kill us all in billions of years, so why bother doing anything to fix climate change?'"
0,"I read it as him saying the Gov't is NOT who we want fixing climate change, as the sun will get us before they figure it out."
1,"Uh oh, climate change is threatening the world's coffee supplies #via $ONOV"
1,"I'm just curious, what are steps you believe we should take to curb climate change now or near future?"
1,"PHOTOS: how climate change is changing the lives of people in West Bengal, India"
0,"You think I will argue with you on matters of Al or Dub? Gosh, you turds are so petty. Kung climate change pa yan baka sakali 😂😂"
0,Me: it's finally FALL!!!! Global warming
0,Global Warming News () liked one of your Tweets! &gt; Thank you!
1,In case there was any doubt about the climate disaster that Trump would be... #ClimateVoter
1,Carbon emissions priced too cheap for #climate change—70% of emissions are priced at $0
0,Hillary Clinton and Donald Trump on Climate Change
0,mee_mode : 'Donald thinks climate change is a hoax by the Chinese' 'No i have never said that' 😂 (via Twitter
0,Donald Trump did say global warming was a hoax by the Chinese. He tweeted it. We all have the receipts #DebateNight
1,Trump thinks climate change is a hoax... #ImWithHer #debate
0,"#Trump announced his head of EPA transition: Myron Ebell, he said climate change is “a total, and very expensive, hoax” #debatenight"
0,yes you did say climate change was a hoax created by the Chinese. we have the receipts #debatenight
0,Did Donald Trump call climate change a Chinese hoax? Yes. Here is the tweet
0,Here is the tweet Clinton just referenced where Trump does seem to claim global warming is a hoax from China
0,Donald Trump just denied that he calls climate change a Chinese hoax. His own tweet
0,Donald Trump lied about his climate change 'beliefs': he absolutely said it was a Chinese hoax. #debatenight
0,"You definitely said climate change was a hoax, Donald. Don't lie about it! #debatenight"
1,When Donald Trump says 'I did not say China created the hoax of global warming'... #debatenight #Receipts
0,Trump just claimed he never said climate change was a hoax. #debatenight #Debates2016 #debates
0,Trumps says he never said climate change caused by Chinese hoax. He did.
0,Trump tweets on climate change in 2012 and 2013. #debatenight
0,"Yes, Trump did call climate change a hoax perpetrated by the Chinese. You did not imagine that."
0,"'I never said Global Warming is a hoax' -Donald Trump, 2k16"
1,Donald Trump thinks climate change is a hoax created by the Chinese. Unbelievable. #DebateWithBernie
1,Spread Trump's deleted tweet about Global Warming.
0,#CNNRealityCheck: Clinton said Trump called climate change a hoax “created by the Chinese.” TRUE. He tweeted that.
0,'Trump thinks global warming is a Chinese hoax' 'I never said that'
0,'I never said climate change was a hoax.' #debatenight
0,trump when hillary says global warming is real #debates
0,'I never said global warming was a hoax'
1,Donald Trump can't even keep track of his own lies. #debatenight #Debates2016 #voteclimate
1,"Global warming is a huge thing, our environment matters! #PresidentialDebate #debatenight"
-1,Global Warming is not the problem Hillary Clinton. You're confused! AMERICA IS IN TROUBLE #debatenight
1,so no questions asked about: climate change abortion poverty all in a days work NBC
0,Hilary: Donald thinks Global Warming was invented by the Chinese. Trump: I did not say that.
0,Top story: Donald J. Trump on Twitter: 'The concept of global warming was creat… see more
1,[GIZMODO] Trump Just Denied Denying Climate Change
0,"At debate, Trump denies saying climate change is a Chinese hoax via"
0,'I never said global warming was a conspiracy theory invented by the Chinese' #debatenight
0,Trump tonight: I never said global warming was a hoax Trump 4 years ago
0,"New blog article, about musical inspirations this summer ánd about global warming. (Weird combination, I know. :-) )"
0,Donald Trump in 2012: Global warming was created by the Chinese. Donald Trump tonight: 'I did not say that.'
1,The Norwegian Paradox: Fighting climate change while selling the fuels that help cause it
0,joke about blaming the chiness for the global warming 'conspiracy' was great.
0,FYI...Trump DID actually claim global warming was a Chinese hoax. #debatenight #debates2016 #EvanDebate
0,Exxon Mobil says it’s not possible to predict how climate change will affect its business. A bill in Congress says it shouldn’t be asked to.
1,Lie: 'I never called global warming a hoax.'
1,Independents and millenials: matter that trump says global warming not man made? Even pence disagrees with him.
1,via : Teaching Middle-Schoolers Climate Change Without Terrifying Them
1,How much is your car contributing to climate change? This new app will tell you.
1,Politicians discussing global warming. A sculpture in Berlin by Issac Cordal. Brilliant
1,"Let's hope they surface during next debate. Lester Holt Asks Zero Questions About Poverty, Abortion, Climate Change-"
0,"Campaign manager: Trump does not believe climate change is man made She has to lie. Only probl, who's biggest liar"
0,Who said climate change is a hoax? Trump
0,Interesting that Trump refers to Obama as 'your' President during debate when talking about climate change. #birtherleader
-1,#Ever notice when #GOVT preaches 'Global Warming' #NOT one GLOBAL #Scientist are on the stage w/#GRAPHS #PJnet
0,Corbyn declares 'action on climate change' one of his 10 priorities. Jokes they are not the 10 commandments.
1,ICYMI: Mike Pence tried defending Trump’s lies on climate change. He didn’t do well. #Debates2016 #ClimateVoter
0,Most of it will go on climate change.
0,#girls cumming during sex video global warming sex
1,"Today, hosted the first ever Arctic Science Ministerial, to help us understand—and combat—climate change"
0,and he said this debate that he never said global warming was a hoax.
0,"It's official, climate change is over"
0,I'm waiting for the government to blame climate change on... renewables. #stuffwecanblameonrenewables
1,Every terrible thing Donald Trump has ever said (on Twitter) about climate change. Sigh.
1,The policing of African Americans and climate change share a history steeped in domination.
1,I hate global warming it's fucking Fall and it's still 30°C bitcH STOP THIS STOP
0,It's gonna be really hard renewing my mthigh season pass after watching this global warming documentary my professor had us watch
1,Mary Ellen Harte: Climate Change This Week: Faith Leaders Spre... #baby #parenting #family
0,A SciFi author explains why we won't solve global warming. Read the blog. ▶ #amreading
1,7 signs that China is serious about combatting climate change
1,This tiny nation will be the first to be completely wiped off the map due to climate change
1,We're so fucked unless we tackle climate change.
1,"When someone says climate change isn't real, but then you drop knowledge."
1,ExxonMobil sued for decades-long cover up of climate change
0,The Truth About Apple’s ‘100% Renewable’ Energy Usage | Climate Change Dispatch
0,'Trump Is Not An Outlier: The Global Warming Edition'
1,~♡ Climate change ♡~ #cambioclimatico #climatechange wake up dear friends 💔#justdoit 🐳🐧🕊Protect our kids planet 🐧💦💓
-1,"Climate Change is wealth distribution, is a vehicle to suck up as much money as possible. Refugees crisis in EU too."
-1,Consensus: 'Candidates aren’t talking about climate change because voters consider other issues more pressing'
0,as yes about climate change what i should say about as yess I HEARD SOME ABOUT #EUROPEAN UNION TOO AFTER AS NOW INDIA TOO ACCEPTING OR RATIF
1,"On #climate change, the government is already calculating the price of inaction #cdnpoli #env350"
1,I support the fight to prevent climate change disaster. Will you join us? via
1,Big news for the #GlobalGoals! Ban Ki-moon thanks India for joining the #ParisAgreement on Climate Change.
0,REGISTER NOW: SPP hosting 7th Annual Inter-University Climate Change Negotiation on Oct 14-15. #ICCNsimulation
1,What's going on? Solving Climate Change With Beer From Patagonia's Food… Get found -&gt;
0,Paris Hilton warned us about climate change in 2005!
1,Climate change needs to be treated like a World War II level threat
-1,Everyone believes in climate change. Only progressives believe it started in the last 100 years.
1,"obey the DICTATES OF THE NATURE for our SUCCESS in reversing the environmental degradation, climate change and global warming, please!"
1,"jill &gt; hillary &gt; trump shes honest, isnt a god damn corporate puppet, isnt stupid as hell, will take climate change srsly"
0,Leonardo DiCaprio: Climate change deniers 'should not be allowed ...When will he park his plane??
0,"This, from the author of Global Warming for Dummies."
-1,"SURE, TALK CLIMATE CHANGE AS THE MUSLIM INVASION OF OUR COUNTRY IS HAPPENING RIGHT UNDER OUR NOSES."
0,'U.S. military will respond to more powerful and frequent natural disasters d/t climate change.'
-1,"President Obama's priorities are Hollywood stars and climate change. What about poverty, homelessness and hungry children in America?"
0,#VPDebate opening remarks: Kaine talks climate change. Pence talks coal.
1,The psychology behind climate change denial
-1,Wut? Blameshifting: Obama tells DiCaprio climate change 'contributed' to the Syrian civil war.
0,Expert - 'climate change beyond our control'
-1,Imagine the field day MSM would have if it was who said terrorism is caused by global warming #tcot #pjnet #maga
-1,Obama - Climate Change Caused Syria Civil War - Putin's Still Laughing #trump2016
-1,And these clowns also believe in Global Warming cc
-1,Global warming climate change only a rationale for Elites to scam carbon taxes from humanity! It's the Sun that rules
1,/ #Trump and #Pence are stuck with the ridiculous GOP philosophy that climate change is a hoax.
-1,"Source Trump/Pence talk about double welfare, food stamps N Soc sec N pay 4 it from Obamacare N Climate change taxpayer ripoffs"
-1,Not very good at convincing: He discovered the internet. His climate change hoax.
1,Enough people don't take climate change seriously.
0,75% of Americans don't believe in global warming
1,"If she was serious about action on climate change, Greens would be MUCH higher on her How To Vote"
1,Science of Disbelief: When Did Climate Change Become All About Politics?
0,Do you believe is blaming global warming for the hurricane?
1,Next week will publish new advice on what the Paris Agreement means for UK climate action
1,'Climate Change Isn't Real' Earth
1,The Conservatives are a confusing lot. They first denied climate change was a serious issue a #ZacGoldsmith #quotes
1,Matt Drudge saying Hurricane Matthew is a hoax is the new Marco Rubio saying Florida shouldn't worry about climate change
-1,Global Warming/Cooling is/was a natural cycle that will continue until the earth is gone. No need for extensive study on the matter.
1,#Climate Change Links to #HurricaneMatthew. #Whatsorb
-1,'Obama – Climate Change Caused Syria Civil War – No Wonder Putin Laughs At Him'
1,Is it time for action on climate change yet? Or should we wait until it's too late? (If it isn't already!)
-1,Party of science ==&gt; NBC reporter mocked for claiming climate change agreement is 'designed to stop' hurricanes!
-1,👂🏻💩👂🏻Al Gore to campaign for 〽️HilLIARy Global Warming Climate Change HOAXER❗️
1,"From climate change to the anti-vaccination movement, some people refuse to accept the truth. But why?"
0,🆘‼️😂🌪 The Disciples of Climate Change: Now the #HurricaneMatthew is still white and racist. Well then!
-1,So-called climate change experts said Arctic sea ice would melt entirely by September 2016 - they were wrong.
1,#Exxonknew about climate change and #ALEC did too! New complaint by
1,Hurricane Matthew looks a lot like the future of climate change - CNN
1,We have money to fight climate change. It's just that we're spending it on defense | Kenneth Pennington
0,Follow &amp; check out for news about Climate Change Conference in Marrakech #COP22
-1,New NASA Data Blow Gaping Hole in Global Warming Alarmism #tcot #tlot #ocra #gop #TeaParty #p2 #SGP
1,Lets admit it - no govt is taking climate change seriously 'Qld govt invokes special power for Adani'
1,Mike Pence denies Evolution denies Climate Change and now denies the Existence of Donald Trump ~ Bill Maher
0,'Get rid of your pick-up. Buy a smaller car. Ride a bike. You'll stop global warming'... they say.
1,"Looking forward to hearing about social security, Russia, climate change during tonight's #debate. Sigh."
1,Still zero questions about climate change in either debate.
1,"Bring on the climate change denials, Donald. #debate"
1,"Climate change is destroying the planet, but no questions on it. This is the darkest timeline. #debate"
1,Remember when Trump hired a climate change denier as his energy advisor? #debate
1,I'm glad both candidates want cleaner energy. Climate change is important
-1,Climate change is so real NASA has to hide raw satellite data behind a mixture of satellite + ground temps. It's a religion.
1,0 questions on murderous police 0 on global warming 0 on Standing Rock 0 on inequality
1,Let's not forget that Donald Trump would be a total disaster on climate change
1,Beautiful photos taken from above present a new view of climate change
1,Not...ONE...direct...climate change question? Please tell me that's ALL the third debate will be about? #debates
1,'Shameful': Another Presidential #Debate Basically Ignores #Climate Change
1,Climate change has doubled western US forest fires -
1,"Besides religion, I also have zero respect for these: anti-vax, anti-gmo, climate change denial, evolution denial, 9/11 “truth”, chemtrails"
1,complacency... our beautiful world... global warming ... endangered species.. the honey bee... complacency.. bb
1,"To fight climate change, institute a four-day workweek #environment"
1,Looking forward to talking climate change at Mercer's10th pension fund seminar at Madurodam in Den Haag #PFSMercer
1,grist: There’s a new video game to indulge your worst climate change fears
0,When collabs with its global warming 🔥🔥😩
1,"All tar sands pipelines entering US currently shut down. Ready to talk about climate change, yet?"
1,Man-Made #Climate Change Making Kindling of America's Forestlands #KeepItInTheGround
1,Hillary and I are on our way to FL to talk climate change with our good friend and climate champion
1,"Smallholder farmers are vital to ensuring food security, but climate change threatens their crops and livelihood."
0,she's currently talking about climate change and hurricane matthew
0,Gore hits the trail w HRC to discuss global warming and he's sweating like a pig. The fix is in! 🌞🌞🌞🌞
-1,There is no connection between Climate Change and Hurricanes!
0,'Hillary Clinton will make fighting climate change a national priority' Looks like this is a 'public position' speech
0,CLIMATE CHANGE ...is winning go Hillary and Al Gore
1,SOLVING CLIMATE CHANGE &amp; THE ENERGY CRISIS IN 5 MIN! … … … … … … … … GOT ENERGY!
-1,I know tons about climate change. For instance: SUVs and air conditioners caused the Ice Age. #Science
1,Why CCS is a vital part of the solution for mitigating the impact of climate change - the explains
1,PW = a good person who cares about our World &amp; who will REVERSE CLIMATE CHANGE/ Modification
1,Climate change's effects are devastating. Denying the science behind it does... by #BarackObama via
1,"If you want to fight climate change, you must fight to #StopTPP says '"
1,Next week's presidential debate won't mention climate change
1,Whether or not the world confronts climate change could boil down to how Americans vote.
1,Such a pity: The “#Climate Change Election” That Never Came
1,Should We Prepare for Climate Change?
0,WIKILEAKS: Clinton Campaign Fudged Climate Change Data – Inflated Emission Numbers
1,Great video on climate change via - puffins get a look in
1,NatGeo: 'Extreme Weather' Film Connects Nature's Fury to Climate Change
0,The latest Climate change &amp; energy daily! Thanks to
1,"If you don't think preserving Earth's nature and destroying climate change is a HUGE issue, unfollow me right now."
0,let's use kindergarten logic to find out that eating meat literally has nothing to do with global warming.
1,Global warming at A level: in 10mins you can show a temperature rise of 2C in high CO2 #todaysdemo
1,Climate change is something that I privately worry about so much. It's very real and it's not going away.
0,"A round of applause to those who deny climate change, without you we could have never reached this milestone."
1,Denying climate change is dangerous. Join supporters in standing up for... by #BarackObama via
1,Eating meat is the leading cause of global warming so stop it w your stupid coral reef tweets
1,"Anyone who says global warming isn't real is an idiot. Looking at you, GOP."
1,and global warming was started and will be stopped by humans 😜
1,#scientific #app #fintech #tips #seotips #socialnetwork *The best solution to eliminate the climate change is in
1,The world just took another huge step forward to fight climate change
1,"We will start in 2024, too little too late! Climate change: global deal reached to limit use of hydrofluorocarbons"
0,CM discussed matters related to #climate change with the officials in a meeting held today
0,"Hillary Clinton: 'I want to defend fracking.' Climate change environmentalists should 'Get a life,' #PodestaEmails8"
1,6 ways climate change is threatening food security—and what we can do about it
1,ACT ON CLIMATE CHANGE is out! #climatechange #hurricanematthew
0,An accurate representation of climate change
1,Today tell us about your actions to combat climate change by using the hashtag #WFD2016
1,The world just took one of the biggest steps yet to fight global warming via
1,EPQ Ideas: How will climate change alter the way we grow food?
1,Consequences from Antarctica Climate Change
0,update: MYX NEWS MINUTE: LEONARDO DICAPRIO Presents Climate Change Documentary
1,"Climate change impacts food security as crop yields decline due to yhanges in gemp, rainfall &amp; increased climate variability."
-1,'Are Global Warming Alarmists Disappointed Hurricane Matthew Wasn't Worse?' via
-1,Probably agree with you but we had an ice age once. Maybe climate change is natural
1,"Yup, a Climate Change Denier Could Be #President. What Could Possibly Go Wrong? #NeverTrump⚠ #GlacialMelt #SeaRise"
-1,PLEASE RT: The UN has blacklisted our reporters from the global warming conference. Learn more &amp; sign our petition
0,Do you know that how #climate change can effect your surroundings ?
1,Community-Based ‘Bright Spots’ Offer Hope Against Climate Change
1,I'm wearing a sleeveless dress in the middle of October.. and y'all tryna tell me global warming ain't real
1,Debate moderators still haven’t posed a single direct question about climate change. #debatenight
1,It took 3 debates but the words 'climate change' finally came out. #j4936 #Debate
1,YES TALK CLIMATE CHANGE! TALK LGBTQ!#debatenight
1,Debate prediction: Closest we get to talk of climate change tonight is when Trump mentions his daughter keeps getting hotter.
1,What about climate change issues!!! #debatenight #environment
1,No more talk on climate change? This election is rigged!!
1,Not a single question on climate change in any of the 3 Presidential debates.
0,"Ask Clinton, Trump about climate change: Our view"
1,Climate Change doesn't exist.....In this #PresidentialDebate
1,"Maybe the next question is about climate change? No? Okay, maybe the next one? No? Okay, next one? No? Great. We’re fucked."
1,Things that are not a problem right now: the national debt. Things that are a problem right now: climate change.
1,The debates will end with not a single question asked about climate change.
0,"I missed the first 20 minutes... that's when they discussed climate change, right?...right?!?! #debatenight #climatechange"
1,At least #Chump didn't talk about climate change being a myth spread by the Chinese
1,"Not a single question about climate change in all 3 debates. Sad. No, really - sad."
0,Me: I'm about to kill the game with these new sweaters I just bought. Global warming
1,"No question on climate change in the presidential debates. And Trump is a denier. Future is calling, asking why."
1,6 facts that prove curbing climate change is key to ending hunger #WFD2016
-1,"1st 'Global Warming' then 'Climate Change.' As with any ad campaign to sell a product, I suspect they'll rebrand and try again.."
0,Climate change took a backseat to scandal at the presidential debates
1,"That's 4 straight debates without a single question on climate change. Good job, everyone."
1,Boise: Where should you live to escape climate change? Welcome to Boise! #communityscene #news
1,Me and my grandma talked about climate change for an hour once. She's my fav.
1,"I'm reading about climate change, which has the modest advantage of making all other problems seem pretty trivial."
1,2 Minutes That Will Change Your View Of Climate Change 'was the hottest [month] EVER!'
0,"TN housewife, loser, climate change is a hoax, butterflies don't need protection. I'd sell the land and make a HUGE profit. #TumpBookReport"
0,"Americans are more afraid of clowns than climate change, terrorism, and ... death"
1,"Hundreds of towns broke heat records this week. Thanks, climate change!"
1,How to green the world's deserts and reverse climate change | Allan Savory. Great video.
-1,shame on the catholic church lead by the lousy pope 4 not slamming clintons attack on catholics pope is 2 busy with global warming
1,"Who sets the agenda? 7Qs on Russia, 5 ISIS, 3 national debt - 0 on student debt, climate change or campaign finance"
1,There's only one political party calling climate change what it really is. An emergency. 🚨 #VoteGreen2016✅
1,person: 'omg the great barrier reef &amp; bees tho! climate change needs to be stopped!' same person: *still eats meat*
1,He was hard on both. I understand your point. He ignored climate change and totally focused heavily on SCOTUS/abortion.
-1,Tens of Thousands Of Scientists Declare Climate Change A Hoax via
0,PV thinks global warming is a conspiracy theory created by China
-1,"Gore became a Trump like con artist, profiting enormously from Global Warming. So there are similarities."
-1,Bullshit. Climate change is not real. There is no provable connection between CO2 and rising temperatures
1,Only 5 minutes &amp; 27 seconds was spent on climate change in all 3 debates
1,Congressional Republicans Who Deny Climate Change NEVADA: Rep. Mark Amodei (R-NV-02) #IdiocracyNV #NV02
0,"I believe the no fly zone HRC proposes will put us in war, but agree on climate change with u"
1,"trump's defiance of climate change cd cause increased floods &amp; drought * &amp; loss of food security , #COP22"
1,Trump denies climate change. has a serious plan to fight it. RT if you're a #ClimateVoter!
1,Amy Goodman says Standing Rock is 'a critical front in the global struggle to combat global warming'
1,Is a carbon tax the best way to address climate change? #BeforeTheFlood
-1,Here's a scientific scenario by that global warming is beneficially causing global greening.
1,How can we think about climate change and sea level rise in truer time frames?
1,"We are approaching the Trumpocene, a new epoch where climate change is a big scary conspiracy | Graham Readfearn"
0,Market Extra: Climate change is paying big dividends for coffee investor.. Related Articles
1,I will talk about our efforts to mitigate climate change with David Letterman. Tune in tonight at 10pm on
1,#EnergyEfficiency is key to taking on climate change—here are the numbers that matter
1,Madagascar teetering on the brink of catastrophic famine after record 3 year global warming induced drought
1,Watch PM in conversation with David Letterman on climate change &amp; many more issues at 10pm tonight.
1,"Oh dear, oh dear, oh dear. 'New era of climate change reality' as emissions hit symbolic threshold"
1,this was what convinced a friend of mine to vote for Bernie. He realized moderation just wouldn't cut it on climate change.
1,"The sheer, unparalleled chutzpah of climate change denliaists and conspiracists never fails to astonish,"
0,but also... Climate change ://///
1,The 'new era' of &lt;400 ppm global warming: Our actions will determine how long it lasts
1,Climate change seminar today. #Sustainability #climatechange
0,"Trolls , Games they play &amp; Global Warming - #ITRTG"
0,I'll take the global warming bet. How much?
1,Good news! New UN Sec General serious about climate change.
1,pfft. Global warming. What a hoax!!! (I'm kidding)
-1,Another REAL scientist coming out to say man made climate change is a SCAM
0,Watch Leonardo DiCaprio’s Climate Change Doc Online for Free via
1,#ImVoting4JillBecause Climate Change is real and we need a leader who has a real plan to address it.
-1,Global warming provides a great excuse for global socialism. Enlist ----&gt; Stand up today.
1,Climate change is expected to displace millions of people. China is already moving entire towns.
-1,Americans More Scared of Clowns than Climate Change.
1,#AikBaatSuniThi Global warming has negative effect on the melting down of glaciers
1,"Dear , Yeah right. Human Mediated Climate Change is a Chinese urban legend."
1,What will your respective parties do to prevent climate change globally? #ZPNDebate
1,The wealthy + fossil fuel Industry know climate change is real. Their money is to make sure THEY are safe from it.
